seq,type,uptime_ms,t_us,slot_id,sync,frame_ctr,rssi,snr,tx_done,rx_done,rx_crc_err,rx_bad_header,slot_timeouts,stale_retx,busy_timeouts,rx_ok,missed,dup,payload
0,meta,1926093,0,1,STOPPED,,,,,,,,,,,,,,
1,tx,1926093,0,1,SYNCING,,,,,,,,,,,,,,
2,stats,1926093,0,0,SYNCING,,0,0,0,0,0,0,0,0,0,0,0,0,
3,tx,1926433,0,1,SYNCING,,,,,,,,,,,,,,
4,tx,1926453,0,1,SYNCING,,,,,,,,,,,,,,
5,tx,1926494,0,1,SYNCING,,,,,,,,,,,,,,
6,tx,1926554,0,1,SYNCING,,,,,,,,,,,,,,
7,tx,1926694,0,1,SYNCING,,,,,,,,,,,,,,
8,tx,1926754,0,1,SYNCING,,,,,,,,,,,,,,
9,tx,1926794,0,1,SYNCING,,,,,,,,,,,,,,
10,tx,1926946,0,1,SYNCING,,,,,,,,,,,,,,
11,tx,1927006,0,1,SYNCING,,,,,,,,,,,,,,
12,tx,1927047,0,1,SYNCING,,,,,,,,,,,,,,
13,tx,1927198,0,1,SYNCING,,,,,,,,,,,,,,
14,stats,1927198,0,0,SYNCING,,0,0,0,0,0,0,0,0,0,0,0,0,
15,tx,1927259,0,1,SYNCING,,,,,,,,,,,,,,
16,tx,1927299,0,1,SYNCING,,,,,,,,,,,,,,
17,tx,1927451,0,1,SYNCING,,,,,,,,,,,,,,
18,tx,1927511,0,1,SYNCING,,,,,,,,,,,,,,
19,tx,1927552,0,1,SYNCING,,,,,,,,,,,,,,
20,tx,1927703,0,1,SYNCING,,,,,,,,,,,,,,
21,tx,1927743,0,1,SYNCING,,,,,,,,,,,,,,
22,tx,1927804,0,1,SYNCING,,,,,,,,,,,,,,
23,tx,1927956,0,1,SYNCING,,,,,,,,,,,,,,
24,tx,1927996,0,1,SYNCING,,,,,,,,,,,,,,
25,tx,1928056,0,1,SYNCING,,,,,,,,,,,,,,
26,tx,1928208,0,1,SYNCING,,,,,,,,,,,,,,
27,stats,1928208,0,0,SYNCING,,0,0,0,0,0,0,0,0,0,0,0,0,
28,tx,1928248,0,1,SYNCING,,,,,,,,,,,,,,
29,tx,1928308,0,1,SYNCING,,,,,,,,,,,,,,
30,rx,1928460,2358271,0,SYNCING,2,-63,8,,,,,,,,,,,
31,tx,1928460,0,1,SYNCING,,,,,,,,,,,,,,
32,tx,1928581,0,1,SYNCING,,,,,,,,,,,,,,
33,rx,1928715,2558155,0,SYNCING,3,-64,8,,,,,,,,,,,
34,tx,1928715,0,1,SYNCING,,,,,,,,,,,,,,
35,tx,1928735,0,1,SYNCING,,,,,,,,,,,,,,
36,tx,1928775,0,1,SYNCING,,,,,,,,,,,,,,
37,rx,1928835,2758146,0,SYNCING,4,-63,8,,,,,,,,,,,
38,tx,1928836,0,1,SYNCING,,,,,,,,,,,,,,
39,tx,1928969,0,1,SYNCING,,,,,,,,,,,,,,
40,tx,1928989,0,1,SYNCING,,,,,,,,,,,,,,
41,tx,1929029,0,1,SYNCING,,,,,,,,,,,,,,
42,rx,1929050,2958146,0,RUNNING,5,-63,8,,,,,,,,,,,
43,tx,1929050,0,1,RUNNING,,,,,,,,,,,,,,
44,tx,1929223,0,1,RUNNING,,,,,,,,,,,,,,
45,stats,1929223,8407,0,RUNNING,,-34,0,1,4,0,0,0,0,0,4,0,0,
46,rx,1929243,3158145,0,RUNNING,6,-63,8,,,,,,,,,,,
47,tx,1929243,0,1,RUNNING,,,,,,,,,,,,,,
48,tx,1929344,0,1,RUNNING,,,,,,,,,,,,,,
49,rx,1929477,3358134,0,RUNNING,7,-63,8,,,,,,,,,,,
50,tx,1929477,0,1,RUNNING,,,,,,,,,,,,,,
51,tx,1929538,0,1,RUNNING,,,,,,,,,,,,,,
52,tx,1929578,0,1,RUNNING,,,,,,,,,,,,,,
53,rx,1929732,3558133,0,RUNNING,8,-64,7,,,,,,,,,,,
54,tx,1929732,0,1,RUNNING,,,,,,,,,,,,,,
55,tx,1929792,0,1,RUNNING,,,,,,,,,,,,,,
56,tx,1929832,0,1,RUNNING,,,,,,,,,,,,,,
57,rx,1929852,3758144,0,RUNNING,9,-64,7,,,,,,,,,,,
58,tx,1929852,0,1,RUNNING,,,,,,,,,,,,,,
59,tx,1929985,0,1,RUNNING,,,,,,,,,,,,,,
60,tx,1930025,0,1,RUNNING,,,,,,,,,,,,,,
61,rx,1930045,3958143,0,RUNNING,10,-64,7,,,,,,,,,,,
62,tx,1930045,0,1,RUNNING,,,,,,,,,,,,,,
63,rx,1930238,4158099,0,RUNNING,11,-63,8,,,,,,,,,,,
64,tx,1930238,0,1,RUNNING,,,,,,,,,,,,,,
65,stats,1930238,7689,0,RUNNING,,-43,-128,6,10,0,0,0,0,0,10,0,0,
66,tx,1930339,0,1,RUNNING,,,,,,,,,,,,,,
67,rx,1930493,4358132,0,RUNNING,12,-63,8,,,,,,,,,,,
68,tx,1930493,0,1,RUNNING,,,,,,,,,,,,,,
69,tx,1930533,0,1,RUNNING,,,,,,,,,,,,,,
70,tx,1930593,0,1,RUNNING,,,,,,,,,,,,,,
71,rx,1930747,4558143,0,RUNNING,13,-64,7,,,,,,,,,,,
72,tx,1930747,0,1,RUNNING,,,,,,,,,,,,,,
73,tx,1930787,0,1,RUNNING,,,,,,,,,,,,,,
74,tx,1930828,0,1,RUNNING,,,,,,,,,,,,,,
75,rx,1930848,4758172,0,RUNNING,14,-63,8,,,,,,,,,,,
76,tx,1930848,0,1,RUNNING,,,,,,,,,,,,,,
77,tx,1931002,0,1,RUNNING,,,,,,,,,,,,,,
78,rx,1931042,4958150,0,RUNNING,15,-63,8,,,,,,,,,,,
79,tx,1931042,0,1,RUNNING,,,,,,,,,,,,,,
80,rx,1931256,5158142,0,RUNNING,16,-64,8,,,,,,,,,,,
81,tx,1931257,0,1,RUNNING,,,,,,,,,,,,,,
82,stats,1931257,7722,0,RUNNING,,-10,-40,11,15,0,0,0,0,0,15,0,0,
83,tx,1931337,0,1,RUNNING,,,,,,,,,,,,,,
84,tx,1931377,0,1,RUNNING,,,,,,,,,,,,,,
85,rx,1931510,5358142,0,RUNNING,17,-64,8,,,,,,,,,,,
86,tx,1931510,0,1,RUNNING,,,,,,,,,,,,,,
87,tx,1931530,0,1,RUNNING,,,,,,,,,,,,,,
88,tx,1931591,0,1,RUNNING,,,,,,,,,,,,,,
89,tx,1931631,0,1,RUNNING,,,,,,,,,,,,,,
90,rx,1931765,5558129,0,RUNNING,18,-64,7,,,,,,,,,,,
91,tx,1931765,0,1,RUNNING,,,,,,,,,,,,,,
92,tx,1931785,0,1,RUNNING,,,,,,,,,,,,,,
93,tx,1931825,0,1,RUNNING,,,,,,,,,,,,,,
94,rx,1931846,5758140,0,RUNNING,19,-63,8,,,,,,,,,,,
95,tx,1931846,0,1,RUNNING,,,,,,,,,,,,,,
96,tx,1932019,0,1,RUNNING,,,,,,,,,,,,,,
97,rx,1932039,5958141,0,RUNNING,20,-63,8,,,,,,,,,,,
98,tx,1932039,0,1,RUNNING,,,,,,,,,,,,,,
99,tx,1932140,0,1,RUNNING,,,,,,,,,,,,,,
100,rx,1932273,6158127,0,RUNNING,21,-64,9,,,,,,,,,,,
101,tx,1932273,0,1,RUNNING,,,,,,,,,,,,,,
102,stats,1932273,7720,0,RUNNING,,-12,-70,16,20,0,0,0,0,0,20,0,0,
103,tx,1932334,0,1,RUNNING,,,,,,,,,,,,,,
104,tx,1932394,0,1,RUNNING,,,,,,,,,,,,,,
105,rx,1932527,6358141,0,RUNNING,22,-64,8,,,,,,,,,,,
106,tx,1932527,0,1,RUNNING,,,,,,,,,,,,,,
107,tx,1932588,0,1,RUNNING,,,,,,,,,,,,,,
108,tx,1932628,0,1,RUNNING,,,,,,,,,,,,,,
109,rx,1932648,6558140,0,RUNNING,23,-64,8,,,,,,,,,,,
110,tx,1932648,0,1,RUNNING,,,,,,,,,,,,,,
111,tx,1932781,0,1,RUNNING,,,,,,,,,,,,,,
112,rx,1932842,6758138,0,RUNNING,24,-64,8,,,,,,,,,,,
113,tx,1932842,0,1,RUNNING,,,,,,,,,,,,,,
114,rx,1933035,6958094,0,RUNNING,25,-62,8,,,,,,,,,,,
115,tx,1933035,0,1,RUNNING,,,,,,,,,,,,,,
116,tx,1933136,0,1,RUNNING,,,,,,,,,,,,,,
117,rx,1933290,7158139,0,RUNNING,26,-63,7,,,,,,,,,,,
118,tx,1933290,0,1,RUNNING,,,,,,,,,,,,,,
119,stats,1933290,8288,0,RUNNING,,23,127,22,25,0,0,0,0,0,25,0,0,
120,tx,1933330,0,1,RUNNING,,,,,,,,,,,,,,
121,tx,1933390,0,1,RUNNING,,,,,,,,,,,,,,
122,rx,1933544,7358138,0,RUNNING,27,-64,8,,,,,,,,,,,
123,tx,1933544,0,1,RUNNING,,,,,,,,,,,,,,
124,tx,1933584,0,1,RUNNING,,,,,,,,,,,,,,
125,rx,1933644,7558137,0,RUNNING,28,-63,7,,,,,,,,,,,
126,tx,1933644,0,1,RUNNING,,,,,,,,,,,,,,
127,tx,1933798,0,1,RUNNING,,,,,,,,,,,,,,
128,rx,1933838,7758138,0,RUNNING,29,-64,7,,,,,,,,,,,
129,tx,1933838,0,1,RUNNING,,,,,,,,,,,,,,
130,rx,1934051,7958135,0,RUNNING,30,-64,8,,,,,,,,,,,
131,tx,1934051,0,1,RUNNING,,,,,,,,,,,,,,
132,tx,1934132,0,1,RUNNING,,,,,,,,,,,,,,
133,rx,1934306,8158124,0,RUNNING,31,-64,7,,,,,,,,,,,
134,tx,1934306,0,1,RUNNING,,,,,,,,,,,,,,
135,stats,1934306,8244,0,RUNNING,,-12,-55,27,30,0,0,0,0,0,30,0,0,
136,tx,1934326,0,1,RUNNING,,,,,,,,,,,,,,
137,tx,1934387,0,1,RUNNING,,,,,,,,,,,,,,
138,tx,1934427,0,1,RUNNING,,,,,,,,,,,,,,
139,rx,1934560,8358136,0,RUNNING,32,-63,8,,,,,,,,,,,
140,tx,1934560,0,1,RUNNING,,,,,,,,,,,,,,
141,tx,1934580,0,1,RUNNING,,,,,,,,,,,,,,
142,rx,1934640,8558137,0,RUNNING,33,-64,7,,,,,,,,,,,
143,tx,1934640,0,1,RUNNING,,,,,,,,,,,,,,
144,tx,1934814,0,1,RUNNING,,,,,,,,,,,,,,
145,rx,1934834,8758135,0,RUNNING,34,-64,7,,,,,,,,,,,
146,tx,1934834,0,1,RUNNING,,,,,,,,,,,,,,
147,tx,1934934,0,1,RUNNING,,,,,,,,,,,,,,
148,rx,1935067,8958135,0,RUNNING,35,-65,8,,,,,,,,,,,
149,tx,1935068,0,1,RUNNING,,,,,,,,,,,,,,
150,tx,1935128,0,1,RUNNING,,,,,,,,,,,,,,
151,tx,1935188,0,1,RUNNING,,,,,,,,,,,,,,
152,rx,1935324,9158135,0,RUNNING,36,-65,8,,,,,,,,,,,
153,tx,1935324,0,1,RUNNING,,,,,,,,,,,,,,
154,stats,1935324,8284,0,RUNNING,,0,0,32,35,0,0,0,0,0,35,0,0,
155,tx,1935344,0,1,RUNNING,,,,,,,,,,,,,,
156,tx,1935384,0,1,RUNNING,,,,,,,,,,,,,,
157,rx,1935445,9358135,0,RUNNING,37,-65,8,,,,,,,,,,,
158,tx,1935445,0,1,RUNNING,,,,,,,,,,,,,,
159,tx,1935578,0,1,RUNNING,,,,,,,,,,,,,,
160,rx,1935638,9558134,0,RUNNING,38,-65,8,,,,,,,,,,,
161,tx,1935638,0,1,RUNNING,,,,,,,,,,,,,,
162,tx,1935832,0,1,RUNNING,,,,,,,,,,,,,,
163,rx,1935852,9758134,0,RUNNING,39,-64,8,,,,,,,,,,,
164,tx,1935852,0,1,RUNNING,,,,,,,,,,,,,,
165,tx,1935932,0,1,RUNNING,,,,,,,,,,,,,,
166,rx,1936087,9958120,0,RUNNING,40,-65,7,,,,,,,,,,,
167,tx,1936087,0,1,RUNNING,,,,,,,,,,,,,,
168,tx,1936127,0,1,RUNNING,,,,,,,,,,,,,,
169,tx,1936187,0,1,RUNNING,,,,,,,,,,,,,,
170,rx,1936341,10158135,0,RUNNING,41,-65,7,,,,,,,,,,,
171,tx,1936341,0,1,RUNNING,,,,,,,,,,,,,,
172,stats,1936341,8276,0,RUNNING,,7,75,37,40,0,0,0,0,0,40,0,0,
173,tx,1936381,0,1,RUNNING,,,,,,,,,,,,,,
174,rx,1936441,10358132,0,RUNNING,42,-65,7,,,,,,,,,,,
175,tx,1936441,0,1,RUNNING,,,,,,,,,,,,,,
176,tx,1936595,0,1,RUNNING,,,,,,,,,,,,,,
177,rx,1936635,10558132,0,RUNNING,43,-65,8,,,,,,,,,,,
178,tx,1936635,0,1,RUNNING,,,,,,,,,,,,,,
179,rx,1936848,10758130,0,RUNNING,44,-64,8,,,,,,,,,,,
180,tx,1936848,0,1,RUNNING,,,,,,,,,,,,,,
181,tx,1936929,0,1,RUNNING,,,,,,,,,,,,,,
182,rx,1937102,10958131,0,RUNNING,45,-65,8,,,,,,,,,,,
183,tx,1937102,0,1,RUNNING,,,,,,,,,,,,,,
184,tx,1937142,0,1,RUNNING,,,,,,,,,,,,,,
185,tx,1937183,0,1,RUNNING,,,,,,,,,,,,,,
186,rx,1937357,11158130,0,RUNNING,46,-65,8,,,,,,,,,,,
187,tx,1937357,0,1,RUNNING,,,,,,,,,,,,,,
188,stats,1937357,8275,0,RUNNING,,-1,-5,42,45,0,0,0,0,0,45,0,0,
189,tx,1937377,0,1,RUNNING,,,,,,,,,,,,,,
190,rx,1937437,11358130,0,RUNNING,47,-64,8,,,,,,,,,,,
191,tx,1937437,0,1,RUNNING,,,,,,,,,,,,,,
192,tx,1937610,0,1,RUNNING,,,,,,,,,,,,,,
193,tx,1937630,0,1,RUNNING,,,,,,,,,,,,,,
194,rx,1937651,11558131,0,RUNNING,48,-64,8,,,,,,,,,,,
195,tx,1937651,0,1,RUNNING,,,,,,,,,,,,,,
196,tx,1937731,0,1,RUNNING,,,,,,,,,,,,,,
197,rx,1937864,11758116,0,RUNNING,49,-65,8,,,,,,,,,,,
198,tx,1937864,0,1,RUNNING,,,,,,,,,,,,,,
199,tx,1937945,0,1,RUNNING,,,,,,,,,,,,,,
200,tx,1937985,0,1,RUNNING,,,,,,,,,,,,,,
201,rx,1938118,11958130,0,RUNNING,50,-65,8,,,,,,,,,,,
202,tx,1938118,0,1,RUNNING,,,,,,,,,,,,,,
203,tx,1938138,0,1,RUNNING,,,,,,,,,,,,,,
204,tx,1938178,0,1,RUNNING,,,,,,,,,,,,,,
205,rx,1938238,12158130,0,RUNNING,51,-65,7,,,,,,,,,,,
206,tx,1938238,0,1,RUNNING,,,,,,,,,,,,,,
207,tx,1938371,0,1,RUNNING,,,,,,,,,,,,,,
208,stats,1938371,8289,0,RUNNING,,3,0,47,50,0,0,0,0,0,50,0,0,
209,tx,1938391,0,1,RUNNING,,,,,,,,,,,,,,
210,tx,1938431,0,1,RUNNING,,,,,,,,,,,,,,
211,rx,1938452,12358127,0,RUNNING,52,-65,8,,,,,,,,,,,
212,tx,1938452,0,1,RUNNING,,,,,,,,,,,,,,
213,tx,1938626,0,1,RUNNING,,,,,,,,,,,,,,
214,rx,1938646,12558129,0,RUNNING,53,-64,8,,,,,,,,,,,
215,tx,1938646,0,1,RUNNING,,,,,,,,,,,,,,
216,tx,1938726,0,1,RUNNING,,,,,,,,,,,,,,
217,rx,1938879,12758127,0,RUNNING,54,-64,8,,,,,,,,,,,
218,tx,1938879,0,1,RUNNING,,,,,,,,,,,,,,
219,tx,1938940,0,1,RUNNING,,,,,,,,,,,,,,
220,tx,1938980,0,1,RUNNING,,,,,,,,,,,,,,
221,rx,1939133,12958128,0,RUNNING,55,-65,7,,,,,,,,,,,
222,tx,1939133,0,1,RUNNING,,,,,,,,,,,,,,
223,tx,1939193,0,1,RUNNING,,,,,,,,,,,,,,
224,tx,1939233,0,1,RUNNING,,,,,,,,,,,,,,
225,rx,1939254,13158127,0,RUNNING,56,-64,8,,,,,,,,,,,
226,tx,1939254,0,1,RUNNING,,,,,,,,,,,,,,
227,tx,1939387,0,1,RUNNING,,,,,,,,,,,,,,
228,stats,1939387,8288,0,RUNNING,,-1,-5,52,55,1,0,0,0,0,55,0,0,
229,tx,1939427,0,1,RUNNING,,,,,,,,,,,,,,
230,rx,1939447,13358140,0,RUNNING,57,-65,8,,,,,,,,,,,
231,tx,1939447,0,1,RUNNING,,,,,,,,,,,,,,
232,rx,1939641,13558122,0,RUNNING,58,-64,7,,,,,,,,,,,
233,tx,1939641,0,1,RUNNING,,,,,,,,,,,,,,
234,tx,1939741,0,1,RUNNING,,,,,,,,,,,,,,
235,rx,1939896,13758112,0,RUNNING,59,-65,8,,,,,,,,,,,
236,tx,1939896,0,1,RUNNING,,,,,,,,,,,,,,
237,tx,1939936,0,1,RUNNING,,,,,,,,,,,,,,
238,tx,1939976,0,1,RUNNING,,,,,,,,,,,,,,
239,rx,1940150,13958125,0,RUNNING,60,-64,8,,,,,,,,,,,
240,tx,1940150,0,1,RUNNING,,,,,,,,,,,,,,
241,tx,1940190,0,1,RUNNING,,,,,,,,,,,,,,
242,tx,1940230,0,1,RUNNING,,,,,,,,,,,,,,
243,rx,1940250,14158126,0,RUNNING,61,-63,7,,,,,,,,,,,
244,tx,1940250,0,1,RUNNING,,,,,,,,,,,,,,
245,tx,1940403,0,1,RUNNING,,,,,,,,,,,,,,
246,stats,1940403,8276,0,RUNNING,,4,5,57,60,1,0,0,0,0,60,0,0,
247,rx,1940443,14358080,0,RUNNING,62,-64,8,,,,,,,,,,,
248,tx,1940443,0,1,RUNNING,,,,,,,,,,,,,,
249,rx,1940658,14558124,0,RUNNING,63,-64,8,,,,,,,,,,,
250,tx,1940658,0,1,RUNNING,,,,,,,,,,,,,,
251,tx,1940739,0,1,RUNNING,,,,,,,,,,,,,,
252,tx,1940779,0,1,RUNNING,,,,,,,,,,,,,,
253,rx,1940912,14758124,0,RUNNING,64,-65,8,,,,,,,,,,,
254,tx,1940913,0,1,RUNNING,,,,,,,,,,,,,,
255,tx,1940933,0,1,RUNNING,,,,,,,,,,,,,,
256,tx,1940993,0,1,RUNNING,,,,,,,,,,,,,,
257,tx,1941033,0,1,RUNNING,,,,,,,,,,,,,,
258,rx,1941166,14958124,0,RUNNING,65,-64,8,,,,,,,,,,,
259,tx,1941166,0,1,RUNNING,,,,,,,,,,,,,,
260,tx,1941186,0,1,RUNNING,,,,,,,,,,,,,,
261,tx,1941227,0,1,RUNNING,,,,,,,,,,,,,,
262,rx,1941247,15158125,0,RUNNING,66,-65,8,,,,,,,,,,,
263,tx,1941247,0,1,RUNNING,,,,,,,,,,,,,,
264,tx,1941420,0,1,RUNNING,,,,,,,,,,,,,,
265,stats,1941420,8290,0,RUNNING,,4,5,62,65,1,0,0,0,0,65,0,0,
266,rx,1941440,15358114,0,RUNNING,67,-63,7,,,,,,,,,,,
267,tx,1941440,0,1,RUNNING,,,,,,,,,,,,,,
268,tx,1941541,0,1,RUNNING,,,,,,,,,,,,,,
269,rx,1941675,15558122,0,RUNNING,68,-64,8,,,,,,,,,,,
270,tx,1941675,0,1,RUNNING,,,,,,,,,,,,,,
271,tx,1941735,0,1,RUNNING,,,,,,,,,,,,,,
272,tx,1941775,0,1,RUNNING,,,,,,,,,,,,,,
273,rx,1941929,15758124,0,RUNNING,69,-64,8,,,,,,,,,,,
274,tx,1941929,0,1,RUNNING,,,,,,,,,,,,,,
275,tx,1941989,0,1,RUNNING,,,,,,,,,,,,,,
276,tx,1942029,0,1,RUNNING,,,,,,,,,,,,,,
277,rx,1942049,15958121,0,RUNNING,70,-63,7,,,,,,,,,,,
278,tx,1942049,0,1,RUNNING,,,,,,,,,,,,,,
279,tx,1942183,0,1,RUNNING,,,,,,,,,,,,,,
280,rx,1942244,16158120,0,RUNNING,71,-64,8,,,,,,,,,,,
281,tx,1942244,0,1,RUNNING,,,,,,,,,,,,,,
282,rx,1942437,16358076,0,RUNNING,72,-64,7,,,,,,,,,,,
283,tx,1942437,0,1,RUNNING,,,,,,,,,,,,,,
284,stats,1942437,7687,0,RUNNING,,-45,-128,67,71,1,0,0,0,0,71,0,0,
285,tx,1942538,0,1,RUNNING,,,,,,,,,,,,,,
286,rx,1942692,16558058,0,RUNNING,73,-64,8,,,,,,,,,,,
287,tx,1942692,0,1,RUNNING,,,,,,,,,,,,,,
288,tx,1942733,0,1,RUNNING,,,,,,,,,,,,,,
289,tx,1942793,0,1,RUNNING,,,,,,,,,,,,,,
290,rx,1942947,16758121,0,RUNNING,74,-63,8,,,,,,,,,,,
291,tx,1942947,0,1,RUNNING,,,,,,,,,,,,,,
292,tx,1942988,0,1,RUNNING,,,,,,,,,,,,,,
293,tx,1943028,0,1,RUNNING,,,,,,,,,,,,,,
294,rx,1943048,16958120,0,RUNNING,75,-65,8,,,,,,,,,,,
295,tx,1943048,0,1,RUNNING,,,,,,,,,,,,,,
296,tx,1943201,0,1,RUNNING,,,,,,,,,,,,,,
297,rx,1943242,17158118,0,RUNNING,76,-63,7,,,,,,,,,,,
298,tx,1943242,0,1,RUNNING,,,,,,,,,,,,,,
299,rx,1943456,17358105,0,RUNNING,77,-64,8,,,,,,,,,,,
300,tx,1943456,0,1,RUNNING,,,,,,,,,,,,,,
301,stats,1943456,7723,0,RUNNING,,-9,-65,72,76,1,0,0,0,0,76,0,0,
302,tx,1943536,0,1,RUNNING,,,,,,,,,,,,,,
303,tx,1943576,0,1,RUNNING,,,,,,,,,,,,,,
304,rx,1943713,17558119,0,RUNNING,78,-64,8,,,,,,,,,,,
305,tx,1943713,0,1,RUNNING,,,,,,,,,,,,,,
306,tx,1943733,0,1,RUNNING,,,,,,,,,,,,,,
307,tx,1943793,0,1,RUNNING,,,,,,,,,,,,,,
308,tx,1943833,0,1,RUNNING,,,,,,,,,,,,,,
309,rx,1943967,17758117,0,RUNNING,79,-63,8,,,,,,,,,,,
310,tx,1943967,0,1,RUNNING,,,,,,,,,,,,,,
311,tx,1943987,0,1,RUNNING,,,,,,,,,,,,,,
312,tx,1944027,0,1,RUNNING,,,,,,,,,,,,,,
313,rx,1944047,17958119,0,RUNNING,80,-63,8,,,,,,,,,,,
314,tx,1944048,0,1,RUNNING,,,,,,,,,,,,,,
315,tx,1944221,0,1,RUNNING,,,,,,,,,,,,,,
316,rx,1944241,18158072,0,RUNNING,81,-63,8,,,,,,,,,,,
317,tx,1944241,0,1,RUNNING,,,,,,,,,,,,,,
318,tx,1944341,0,1,RUNNING,,,,,,,,,,,,,,
319,rx,1944476,18358103,0,RUNNING,82,-63,8,,,,,,,,,,,
320,tx,1944476,0,1,RUNNING,,,,,,,,,,,,,,
321,stats,1944476,7740,0,RUNNING,,8,127,77,81,1,0,0,0,0,81,0,0,
322,tx,1944536,0,1,RUNNING,,,,,,,,,,,,,,
323,tx,1944577,0,1,RUNNING,,,,,,,,,,,,,,
324,rx,1944730,18558117,0,RUNNING,83,-64,9,,,,,,,,,,,
325,tx,1944730,0,1,RUNNING,,,,,,,,,,,,,,
326,tx,1944790,0,1,RUNNING,,,,,,,,,,,,,,
327,tx,1944830,0,1,RUNNING,,,,,,,,,,,,,,
328,rx,1944851,18758104,0,RUNNING,84,-64,8,,,,,,,,,,,
329,tx,1944851,0,1,RUNNING,,,,,,,,,,,,,,
330,tx,1944985,0,1,RUNNING,,,,,,,,,,,,,,
331,rx,1945045,18958113,0,RUNNING,85,-64,8,,,,,,,,,,,
332,tx,1945045,0,1,RUNNING,,,,,,,,,,,,,,
333,rx,1945239,19158114,0,RUNNING,86,-64,7,,,,,,,,,,,
334,tx,1945239,0,1,RUNNING,,,,,,,,,,,,,,
335,tx,1945339,0,1,RUNNING,,,,,,,,,,,,,,
336,rx,1945492,19358115,0,RUNNING,87,-64,8,,,,,,,,,,,
337,tx,1945493,0,1,RUNNING,,,,,,,,,,,,,,
338,stats,1945493,8288,0,RUNNING,,4,5,83,86,1,0,0,0,0,86,0,0,
339,tx,1945533,0,1,RUNNING,,,,,,,,,,,,,,
340,tx,1945593,0,1,RUNNING,,,,,,,,,,,,,,
341,rx,1945747,19558115,0,RUNNING,88,-64,8,,,,,,,,,,,
342,tx,1945747,0,1,RUNNING,,,,,,,,,,,,,,
343,tx,1945787,0,1,RUNNING,,,,,,,,,,,,,,
344,tx,1945827,0,1,RUNNING,,,,,,,,,,,,,,
345,rx,1945847,19758114,0,RUNNING,89,-63,9,,,,,,,,,,,
346,tx,1945847,0,1,RUNNING,,,,,,,,,,,,,,
347,tx,1946000,0,1,RUNNING,,,,,,,,,,,,,,
348,rx,1946041,19958114,0,RUNNING,90,-64,8,,,,,,,,,,,
349,tx,1946041,0,1,RUNNING,,,,,,,,,,,,,,
350,rx,1946254,20158099,0,RUNNING,91,-64,8,,,,,,,,,,,
351,tx,1946254,0,1,RUNNING,,,,,,,,,,,,,,
352,tx,1946334,0,1,RUNNING,,,,,,,,,,,,,,
353,rx,1946508,20358113,0,RUNNING,92,-64,8,,,,,,,,,,,
354,tx,1946508,0,1,RUNNING,,,,,,,,,,,,,,
355,stats,1946508,8290,0,RUNNING,,6,70,88,91,1,0,0,0,0,91,0,0,
356,tx,1946528,0,1,RUNNING,,,,,,,,,,,,,,
357,tx,1946588,0,1,RUNNING,,,,,,,,,,,,,,
358,tx,1946629,0,1,RUNNING,,,,,,,,,,,,,,
359,rx,1946762,20558114,0,RUNNING,93,-65,7,,,,,,,,,,,
360,tx,1946762,0,1,RUNNING,,,,,,,,,,,,,,
361,tx,1946782,0,1,RUNNING,,,,,,,,,,,,,,
362,rx,1946842,20758113,0,RUNNING,94,-64,7,,,,,,,,,,,
363,tx,1946842,0,1,RUNNING,,,,,,,,,,,,,,
364,tx,1947016,0,1,RUNNING,,,,,,,,,,,,,,
365,rx,1947036,20958113,0,RUNNING,95,-64,8,,,,,,,,,,,
366,tx,1947036,0,1,RUNNING,,,,,,,,,,,,,,
367,tx,1947136,0,1,RUNNING,,,,,,,,,,,,,,
368,rx,1947272,21158112,0,RUNNING,96,-65,8,,,,,,,,,,,
369,tx,1947272,0,1,RUNNING,,,,,,,,,,,,,,
370,tx,1947332,0,1,RUNNING,,,,,,,,,,,,,,
371,tx,1947393,0,1,RUNNING,,,,,,,,,,,,,,
372,rx,1947525,21358112,0,RUNNING,97,-65,8,,,,,,,,,,,
373,tx,1947525,0,1,RUNNING,,,,,,,,,,,,,,
374,stats,1947525,8290,0,RUNNING,,0,0,93,96,1,0,0,0,0,96,0,0,
375,tx,1947585,0,1,RUNNING,,,,,,,,,,,,,,
376,tx,1947626,0,1,RUNNING,,,,,,,,,,,,,,
377,rx,1947646,21558111,0,RUNNING,98,-65,8,,,,,,,,,,,
378,tx,1947646,0,1,RUNNING,,,,,,,,,,,,,,
379,tx,1947779,0,1,RUNNING,,,,,,,,,,,,,,
380,rx,1947840,21758109,0,RUNNING,99,-64,8,,,,,,,,,,,
381,tx,1947840,0,1,RUNNING,,,,,,,,,,,,,,
382,rx,1948034,21958109,0,RUNNING,100,-64,7,,,,,,,,,,,
383,tx,1948034,0,1,RUNNING,,,,,,,,,,,,,,
384,tx,1948134,0,1,RUNNING,,,,,,,,,,,,,,
385,rx,1948288,22158109,0,RUNNING,101,-64,8,,,,,,,,,,,
386,tx,1948288,0,1,RUNNING,,,,,,,,,,,,,,
387,tx,1948328,0,1,RUNNING,,,,,,,,,,,,,,
388,tx,1948388,0,1,RUNNING,,,,,,,,,,,,,,
389,rx,1948543,22358098,0,RUNNING,102,-65,8,,,,,,,,,,,
390,tx,1948543,0,1,RUNNING,,,,,,,,,,,,,,
391,stats,1948543,8248,0,RUNNING,,-12,-55,98,101,1,0,0,0,0,101,0,0,
392,tx,1948584,0,1,RUNNING,,,,,,,,,,,,,,
393,rx,1948644,22558109,0,RUNNING,103,-64,8,,,,,,,,,,,
394,tx,1948644,0,1,RUNNING,,,,,,,,,,,,,,
395,tx,1948798,0,1,RUNNING,,,,,,,,,,,,,,
396,rx,1948838,22758148,0,RUNNING,104,-65,8,,,,,,,,,,,
397,tx,1948838,0,1,RUNNING,,,,,,,,,,,,,,
398,rx,1949052,22958107,0,RUNNING,105,-64,8,,,,,,,,,,,
399,tx,1949052,0,1,RUNNING,,,,,,,,,,,,,,
400,tx,1949133,0,1,RUNNING,,,,,,,,,,,,,,
401,rx,1949308,23158095,0,RUNNING,106,-64,7,,,,,,,,,,,
402,tx,1949308,0,1,RUNNING,,,,,,,,,,,,,,
403,tx,1949328,0,1,RUNNING,,,,,,,,,,,,,,
404,tx,1949388,0,1,RUNNING,,,,,,,,,,,,,,
405,tx,1949429,0,1,RUNNING,,,,,,,,,,,,,,
406,rx,1949563,23358108,0,RUNNING,107,-64,8,,,,,,,,,,,
407,tx,1949563,0,1,RUNNING,,,,,,,,,,,,,,
408,stats,1949563,8243,0,RUNNING,,2,65,103,106,1,0,0,0,0,106,0,0,
409,tx,1949583,0,1,RUNNING,,,,,,,,,,,,,,
410,rx,1949643,23558108,0,RUNNING,108,-64,8,,,,,,,,,,,
411,tx,1949643,0,1,RUNNING,,,,,,,,,,,,,,
412,tx,1949817,0,1,RUNNING,,,,,,,,,,,,,,
413,rx,1949837,23758107,0,RUNNING,109,-63,9,,,,,,,,,,,
414,tx,1949837,0,1,RUNNING,,,,,,,,,,,,,,
415,tx,1949937,0,1,RUNNING,,,,,,,,,,,,,,
416,rx,1950074,23958107,0,RUNNING,110,-65,8,,,,,,,,,,,
417,tx,1950074,0,1,RUNNING,,,,,,,,,,,,,,
418,tx,1950135,0,1,RUNNING,,,,,,,,,,,,,,
419,tx,1950195,0,1,RUNNING,,,,,,,,,,,,,,
420,rx,1950329,24158106,0,RUNNING,111,-65,8,,,,,,,,,,,
421,tx,1950329,0,1,RUNNING,,,,,,,,,,,,,,
422,tx,1950389,0,1,RUNNING,,,,,,,,,,,,,,
423,tx,1950430,0,1,RUNNING,,,,,,,,,,,,,,
424,rx,1950450,24358107,0,RUNNING,112,-65,7,,,,,,,,,,,
425,tx,1950450,0,1,RUNNING,,,,,,,,,,,,,,
426,tx,1950584,0,1,RUNNING,,,,,,,,,,,,,,
427,stats,1950584,8287,0,RUNNING,,0,5,108,111,1,0,0,0,0,111,0,0,
428,rx,1950644,24558104,0,RUNNING,113,-65,8,,,,,,,,,,,
429,tx,1950644,0,1,RUNNING,,,,,,,,,,,,,,
430,rx,1950839,24758059,0,RUNNING,114,-64,8,,,,,,,,,,,
431,tx,1950839,0,1,RUNNING,,,,,,,,,,,,,,
432,tx,1950939,0,1,RUNNING,,,,,,,,,,,,,,
433,rx,1951094,24958104,0,RUNNING,115,-64,9,,,,,,,,,,,
434,tx,1951094,0,1,RUNNING,,,,,,,,,,,,,,
435,tx,1951134,0,1,RUNNING,,,,,,,,,,,,,,
436,tx,1951194,0,1,RUNNING,,,,,,,,,,,,,,
437,rx,1951348,25158104,0,RUNNING,116,-65,9,,,,,,,,,,,
438,tx,1951348,0,1,RUNNING,,,,,,,,,,,,,,
439,tx,1951389,0,1,RUNNING,,,,,,,,,,,,,,
440,tx,1951429,0,1,RUNNING,,,,,,,,,,,,,,
441,rx,1951449,25358105,0,RUNNING,117,-64,7,,,,,,,,,,,
442,tx,1951449,0,1,RUNNING,,,,,,,,,,,,,,
443,tx,1951602,0,1,RUNNING,,,,,,,,,,,,,,
444,stats,1951602,8290,0,RUNNING,,7,5,113,116,1,0,0,0,0,116,0,0,
445,rx,1951643,25558103,0,RUNNING,118,-64,8,,,,,,,,,,,
446,tx,1951643,0,1,RUNNING,,,,,,,,,,,,,,
447,rx,1951857,25758102,0,RUNNING,119,-64,8,,,,,,,,,,,
448,tx,1951857,0,1,RUNNING,,,,,,,,,,,,,,
449,tx,1951937,0,1,RUNNING,,,,,,,,,,,,,,
450,tx,1951978,0,1,RUNNING,,,,,,,,,,,,,,
451,rx,1952112,25958113,0,RUNNING,120,-64,8,,,,,,,,,,,
452,tx,1952112,0,1,RUNNING,,,,,,,,,,,,,,
453,tx,1952132,0,1,RUNNING,,,,,,,,,,,,,,
454,tx,1952192,0,1,RUNNING,,,,,,,,,,,,,,
455,tx,1952233,0,1,RUNNING,,,,,,,,,,,,,,
456,rx,1952370,26158125,0,RUNNING,121,-64,8,,,,,,,,,,,
457,tx,1952370,0,1,RUNNING,,,,,,,,,,,,,,
458,tx,1952390,0,1,RUNNING,,,,,,,,,,,,,,
459,tx,1952430,0,1,RUNNING,,,,,,,,,,,,,,
460,rx,1952450,26358103,0,RUNNING,122,-64,8,,,,,,,,,,,
461,tx,1952450,0,1,RUNNING,,,,,,,,,,,,,,
462,tx,1952626,0,1,RUNNING,,,,,,,,,,,,,,
463,stats,1952626,8289,0,RUNNING,,-13,-110,118,121,1,0,0,0,0,121,0,0,
464,rx,1952646,26558093,0,RUNNING,123,-64,8,,,,,,,,,,,
465,tx,1952646,0,1,RUNNING,,,,,,,,,,,,,,
466,tx,1952726,0,1,RUNNING,,,,,,,,,,,,,,
467,rx,1952881,26758088,0,RUNNING,124,-64,8,,,,,,,,,,,
468,tx,1952881,0,1,RUNNING,,,,,,,,,,,,,,
469,tx,1952942,0,1,RUNNING,,,,,,,,,,,,,,
470,tx,1952982,0,1,RUNNING,,,,,,,,,,,,,,
471,rx,1953136,26958100,0,RUNNING,125,-64,8,,,,,,,,,,,
472,tx,1953136,0,1,RUNNING,,,,,,,,,,,,,,
473,tx,1953176,0,1,RUNNING,,,,,,,,,,,,,,
474,rx,1953237,27158100,0,RUNNING,126,-65,8,,,,,,,,,,,
475,tx,1953237,0,1,RUNNING,,,,,,,,,,,,,,
476,tx,1953390,0,1,RUNNING,,,,,,,,,,,,,,
477,tx,1953430,0,1,RUNNING,,,,,,,,,,,,,,
478,rx,1953450,27358097,0,RUNNING,127,-65,8,,,,,,,,,,,
479,tx,1953450,0,1,RUNNING,,,,,,,,,,,,,,
480,rx,1953645,27558099,0,RUNNING,128,-65,8,,,,,,,,,,,
481,tx,1953645,0,1,RUNNING,,,,,,,,,,,,,,
482,stats,1953645,7733,0,RUNNING,,1,10,123,127,1,0,0,0,0,127,0,0,
483,tx,1953726,0,1,RUNNING,,,,,,,,,,,,,,
484,rx,1953900,27758089,0,RUNNING,129,-65,8,,,,,,,,,,,
485,tx,1953900,0,1,RUNNING,,,,,,,,,,,,,,
486,tx,1953940,0,1,RUNNING,,,,,,,,,,,,,,
487,tx,1953981,0,1,RUNNING,,,,,,,,,,,,,,
488,rx,1954155,27958086,0,RUNNING,130,-65,8,,,,,,,,,,,
489,tx,1954155,0,1,RUNNING,,,,,,,,,,,,,,
490,tx,1954176,0,1,RUNNING,,,,,,,,,,,,,,
491,rx,1954236,28158097,0,RUNNING,131,-64,7,,,,,,,,,,,
492,tx,1954236,0,1,RUNNING,,,,,,,,,,,,,,
493,tx,1954410,0,1,RUNNING,,,,,,,,,,,,,,
494,tx,1954430,0,1,RUNNING,,,,,,,,,,,,,,
495,rx,1954450,28358099,0,RUNNING,132,-64,8,,,,,,,,,,,
496,tx,1954450,0,1,RUNNING,,,,,,,,,,,,,,
497,tx,1954530,0,1,RUNNING,,,,,,,,,,,,,,
498,rx,1954664,28558084,0,RUNNING,133,-65,8,,,,,,,,,,,
499,tx,1954664,0,1,RUNNING,,,,,,,,,,,,,,
500,stats,1954664,7720,0,RUNNING,,-12,-75,128,132,1,0,0,0,0,132,0,0,
501,tx,1954745,0,1,RUNNING,,,,,,,,,,,,,,
502,tx,1954785,0,1,RUNNING,,,,,,,,,,,,,,
503,rx,1954919,28758098,0,RUNNING,134,-65,8,,,,,,,,,,,
504,tx,1954919,0,1,RUNNING,,,,,,,,,,,,,,
505,tx,1954939,0,1,RUNNING,,,,,,,,,,,,,,
506,tx,1954979,0,1,RUNNING,,,,,,,,,,,,,,
507,rx,1955040,28958097,0,RUNNING,135,-64,8,,,,,,,,,,,
508,tx,1955040,0,1,RUNNING,,,,,,,,,,,,,,
509,tx,1955174,0,1,RUNNING,,,,,,,,,,,,,,
510,tx,1955194,0,1,RUNNING,,,,,,,,,,,,,,
511,rx,1955234,29158096,0,RUNNING,136,-64,8,,,,,,,,,,,
512,tx,1955234,0,1,RUNNING,,,,,,,,,,,,,,
513,tx,1955428,0,1,RUNNING,,,,,,,,,,,,,,
514,rx,1955448,29358097,0,RUNNING,137,-64,8,,,,,,,,,,,
515,tx,1955448,0,1,RUNNING,,,,,,,,,,,,,,
516,tx,1955529,0,1,RUNNING,,,,,,,,,,,,,,
517,rx,1955683,29558095,0,RUNNING,138,-64,8,,,,,,,,,,,
518,tx,1955683,0,1,RUNNING,,,,,,,,,,,,,,
519,stats,1955683,7731,0,RUNNING,,-1,-10,133,137,1,0,0,0,0,137,0,0,
520,tx,1955743,0,1,RUNNING,,,,,,,,,,,,,,
521,tx,1955783,0,1,RUNNING,,,,,,,,,,,,,,
522,rx,1955937,29758096,0,RUNNING,139,-65,8,,,,,,,,,,,
523,tx,1955937,0,1,RUNNING,,,,,,,,,,,,,,
524,tx,1955977,0,1,RUNNING,,,,,,,,,,,,,,
525,rx,1956038,29958095,0,RUNNING,140,-64,8,,,,,,,,,,,
526,tx,1956038,0,1,RUNNING,,,,,,,,,,,,,,
527,tx,1956191,0,1,RUNNING,,,,,,,,,,,,,,
528,tx,1956232,0,1,RUNNING,,,,,,,,,,,,,,
529,rx,1956252,30158094,0,RUNNING,141,-64,7,,,,,,,,,,,
530,tx,1956252,0,1,RUNNING,,,,,,,,,,,,,,
531,rx,1956446,30358049,0,RUNNING,142,-64,8,,,,,,,,,,,
532,tx,1956446,0,1,RUNNING,,,,,,,,,,,,,,
533,tx,1956527,0,1,RUNNING,,,,,,,,,,,,,,
534,rx,1956701,30558080,0,RUNNING,143,-64,7,,,,,,,,,,,
535,tx,1956701,0,1,RUNNING,,,,,,,,,,,,,,
536,stats,1956701,8289,0,RUNNING,,8,127,139,142,1,0,0,0,0,142,0,0,
537,tx,1956741,0,1,RUNNING,,,,,,,,,,,,,,
538,tx,1956782,0,1,RUNNING,,,,,,,,,,,,,,
539,rx,1956956,30758094,0,RUNNING,144,-64,8,,,,,,,,,,,
540,tx,1956957,0,1,RUNNING,,,,,,,,,,,,,,
541,tx,1956977,0,1,RUNNING,,,,,,,,,,,,,,
542,rx,1957037,30958093,0,RUNNING,145,-64,8,,,,,,,,,,,
543,tx,1957037,0,1,RUNNING,,,,,,,,,,,,,,
544,tx,1957211,0,1,RUNNING,,,,,,,,,,,,,,
545,tx,1957231,0,1,RUNNING,,,,,,,,,,,,,,
546,rx,1957251,31158093,0,RUNNING,146,-64,8,,,,,,,,,,,
547,tx,1957251,0,1,RUNNING,,,,,,,,,,,,,,
548,tx,1957332,0,1,RUNNING,,,,,,,,,,,,,,
549,rx,1957465,31358090,0,RUNNING,147,-64,8,,,,,,,,,,,
550,tx,1957465,0,1,RUNNING,,,,,,,,,,,,,,
551,tx,1957526,0,1,RUNNING,,,,,,,,,,,,,,
552,tx,1957586,0,1,RUNNING,,,,,,,,,,,,,,
553,rx,1957721,31558080,0,RUNNING,148,-64,8,,,,,,,,,,,
554,tx,1957721,0,1,RUNNING,,,,,,,,,,,,,,
555,stats,1957721,8276,0,RUNNING,,-11,-50,144,147,1,0,0,0,0,147,0,0,
556,tx,1957741,0,1,RUNNING,,,,,,,,,,,,,,
557,tx,1957781,0,1,RUNNING,,,,,,,,,,,,,,
558,rx,1957842,31758091,0,RUNNING,149,-65,8,,,,,,,,,,,
559,tx,1957842,0,1,RUNNING,,,,,,,,,,,,,,
560,tx,1957978,0,1,RUNNING,,,,,,,,,,,,,,
561,rx,1958039,31958092,0,RUNNING,150,-64,8,,,,,,,,,,,
562,tx,1958039,0,1,RUNNING,,,,,,,,,,,,,,
563,tx,1958232,0,1,RUNNING,,,,,,,,,,,,,,
564,rx,1958253,32158042,0,RUNNING,151,-64,8,,,,,,,,,,,
565,tx,1958253,0,1,RUNNING,,,,,,,,,,,,,,
566,tx,1958333,0,1,RUNNING,,,,,,,,,,,,,,
567,rx,1958488,32358089,0,RUNNING,152,-64,8,,,,,,,,,,,
568,tx,1958488,0,1,RUNNING,,,,,,,,,,,,,,
569,tx,1958528,0,1,RUNNING,,,,,,,,,,,,,,
570,tx,1958588,0,1,RUNNING,,,,,,,,,,,,,,
571,rx,1958742,32558091,0,RUNNING,153,-65,8,,,,,,,,,,,
572,tx,1958742,0,1,RUNNING,,,,,,,,,,,,,,
573,stats,1958742,8276,0,RUNNING,,14,10,149,152,1,0,0,0,0,152,0,0,
574,tx,1958783,0,1,RUNNING,,,,,,,,,,,,,,
575,rx,1958843,32758090,0,RUNNING,154,-65,7,,,,,,,,,,,
576,tx,1958843,0,1,RUNNING,,,,,,,,,,,,,,
577,tx,1958997,0,1,RUNNING,,,,,,,,,,,,,,
578,rx,1959037,32958086,0,RUNNING,155,-65,9,,,,,,,,,,,
579,tx,1959037,0,1,RUNNING,,,,,,,,,,,,,,
580,rx,1959252,33158089,0,RUNNING,156,-65,7,,,,,,,,,,,
581,tx,1959252,0,1,RUNNING,,,,,,,,,,,,,,
582,tx,1959332,0,1,RUNNING,,,,,,,,,,,,,,
583,rx,1959508,33358026,0,RUNNING,157,-64,8,,,,,,,,,,,
584,tx,1959508,0,1,RUNNING,,,,,,,,,,,,,,
585,tx,1959528,0,1,RUNNING,,,,,,,,,,,,,,
586,tx,1959588,0,1,RUNNING,,,,,,,,,,,,,,
587,tx,1959628,0,1,RUNNING,,,,,,,,,,,,,,
588,rx,1959763,33558089,0,RUNNING,158,-65,7,,,,,,,,,,,
589,tx,1959763,0,1,RUNNING,,,,,,,,,,,,,,
590,stats,1959763,8243,0,RUNNING,,32,127,154,157,1,0,0,0,0,157,0,0,
591,tx,1959783,0,1,RUNNING,,,,,,,,,,,,,,
592,rx,1959844,33758087,0,RUNNING,159,-64,9,,,,,,,,,,,
593,tx,1959844,0,1,RUNNING,,,,,,,,,,,,,,
594,tx,1960018,0,1,RUNNING,,,,,,,,,,,,,,
595,rx,1960038,33958087,0,RUNNING,160,-64,8,,,,,,,,,,,
596,tx,1960038,0,1,RUNNING,,,,,,,,,,,,,,
597,tx,1960139,0,1,RUNNING,,,,,,,,,,,,,,
598,rx,1960272,34158086,0,RUNNING,161,-64,7,,,,,,,,,,,
599,tx,1960272,0,1,RUNNING,,,,,,,,,,,,,,
600,tx,1960332,0,1,RUNNING,,,,,,,,,,,,,,
601,tx,1960393,0,1,RUNNING,,,,,,,,,,,,,,
602,rx,1960526,34358088,0,RUNNING,162,-64,8,,,,,,,,,,,
603,tx,1960526,0,1,RUNNING,,,,,,,,,,,,,,
604,tx,1960587,0,1,RUNNING,,,,,,,,,,,,,,
605,tx,1960627,0,1,RUNNING,,,,,,,,,,,,,,
606,rx,1960647,34558087,0,RUNNING,163,-64,7,,,,,,,,,,,
607,tx,1960647,0,1,RUNNING,,,,,,,,,,,,,,
608,tx,1960783,0,1,RUNNING,,,,,,,,,,,,,,
609,stats,1960784,8291,0,RUNNING,,1,-5,159,162,1,0,0,0,0,162,0,0,
610,rx,1960844,34758086,0,RUNNING,164,-64,7,,,,,,,,,,,
611,tx,1960844,0,1,RUNNING,,,,,,,,,,,,,,
612,rx,1961038,34958085,0,RUNNING,165,-64,8,,,,,,,,,,,
613,tx,1961038,0,1,RUNNING,,,,,,,,,,,,,,
614,tx,1961138,0,1,RUNNING,,,,,,,,,,,,,,
615,rx,1961293,35158070,0,RUNNING,166,-64,8,,,,,,,,,,,
616,tx,1961293,0,1,RUNNING,,,,,,,,,,,,,,
617,tx,1961334,0,1,RUNNING,,,,,,,,,,,,,,
618,tx,1961394,0,1,RUNNING,,,,,,,,,,,,,,
619,rx,1961548,35358084,0,RUNNING,167,-65,8,,,,,,,,,,,
620,tx,1961548,0,1,RUNNING,,,,,,,,,,,,,,
621,tx,1961588,0,1,RUNNING,,,,,,,,,,,,,,
622,tx,1961629,0,1,RUNNING,,,,,,,,,,,,,,
623,rx,1961649,35558085,0,RUNNING,168,-64,8,,,,,,,,,,,
624,tx,1961649,0,1,RUNNING,,,,,,,,,,,,,,
625,tx,1961802,0,1,RUNNING,,,,,,,,,,,,,,
626,stats,1961802,8291,0,RUNNING,,4,5,164,167,1,0,0,0,0,167,0,0,
627,rx,1961842,35758081,0,RUNNING,169,-64,8,,,,,,,,,,,
628,tx,1961842,0,1,RUNNING,,,,,,,,,,,,,,
629,rx,1962057,35958038,0,RUNNING,170,-64,7,,,,,,,,,,,
630,tx,1962057,0,1,RUNNING,,,,,,,,,,,,,,
631,tx,1962138,0,1,RUNNING,,,,,,,,,,,,,,
632,tx,1962178,0,1,RUNNING,,,,,,,,,,,,,,
633,rx,1962312,36158083,0,RUNNING,171,-64,7,,,,,,,,,,,
634,tx,1962312,0,1,RUNNING,,,,,,,,,,,,,,
635,tx,1962332,0,1,RUNNING,,,,,,,,,,,,,,
636,tx,1962393,0,1,RUNNING,,,,,,,,,,,,,,
637,tx,1962433,0,1,RUNNING,,,,,,,,,,,,,,
638,rx,1962567,36358082,0,RUNNING,172,-64,7,,,,,,,,,,,
639,tx,1962567,0,1,RUNNING,,,,,,,,,,,,,,
640,tx,1962587,0,1,RUNNING,,,,,,,,,,,,,,
641,tx,1962627,0,1,RUNNING,,,,,,,,,,,,,,
642,rx,1962648,36558082,0,RUNNING,173,-63,7,,,,,,,,,,,
643,tx,1962648,0,1,RUNNING,,,,,,,,,,,,,,
644,tx,1962821,0,1,RUNNING,,,,,,,,,,,,,,
645,stats,1962821,8289,0,RUNNING,,6,0,169,172,1,0,0,0,0,172,0,0,
646,rx,1962841,36758081,0,RUNNING,174,-65,8,,,,,,,,,,,
647,tx,1962841,0,1,RUNNING,,,,,,,,,,,,,,
648,tx,1962942,0,1,RUNNING,,,,,,,,,,,,,,
649,rx,1963075,36958081,0,RUNNING,175,-64,8,,,,,,,,,,,
650,tx,1963075,0,1,RUNNING,,,,,,,,,,,,,,
651,tx,1963136,0,1,RUNNING,,,,,,,,,,,,,,
652,tx,1963176,0,1,RUNNING,,,,,,,,,,,,,,
653,rx,1963329,37158082,0,RUNNING,176,-65,7,,,,,,,,,,,
654,tx,1963329,0,1,RUNNING,,,,,,,,,,,,,,
655,tx,1963390,0,1,RUNNING,,,,,,,,,,,,,,
656,tx,1963430,0,1,RUNNING,,,,,,,,,,,,,,
657,rx,1963450,37358081,0,RUNNING,177,-63,7,,,,,,,,,,,
658,tx,1963450,0,1,RUNNING,,,,,,,,,,,,,,
659,tx,1963584,0,1,RUNNING,,,,,,,,,,,,,,
660,rx,1963644,37558081,0,RUNNING,178,-64,8,,,,,,,,,,,
661,tx,1963644,0,1,RUNNING,,,,,,,,,,,,,,
662,rx,1963838,37758080,0,RUNNING,179,-65,8,,,,,,,,,,,
663,tx,1963838,0,1,RUNNING,,,,,,,,,,,,,,
664,stats,1963838,7731,0,RUNNING,,-1,-5,174,178,1,0,0,0,0,178,0,0,
665,tx,1963939,0,1,RUNNING,,,,,,,,,,,,,,
666,rx,1964094,37958067,0,RUNNING,180,-65,7,,,,,,,,,,,
667,tx,1964094,0,1,RUNNING,,,,,,,,,,,,,,
668,tx,1964134,0,1,RUNNING,,,,,,,,,,,,,,
669,tx,1964194,0,1,RUNNING,,,,,,,,,,,,,,
670,rx,1964348,38158079,0,RUNNING,181,-65,7,,,,,,,,,,,
671,tx,1964348,0,1,RUNNING,,,,,,,,,,,,,,
672,tx,1964389,0,1,RUNNING,,,,,,,,,,,,,,
673,tx,1964429,0,1,RUNNING,,,,,,,,,,,,,,
674,rx,1964449,38358080,0,RUNNING,182,-65,7,,,,,,,,,,,
675,tx,1964449,0,1,RUNNING,,,,,,,,,,,,,,
676,tx,1964602,0,1,RUNNING,,,,,,,,,,,,,,
677,rx,1964643,38558076,0,RUNNING,183,-64,7,,,,,,,,,,,
678,tx,1964643,0,1,RUNNING,,,,,,,,,,,,,,
679,rx,1964857,38758055,0,RUNNING,184,-64,8,,,,,,,,,,,
680,tx,1964857,0,1,RUNNING,,,,,,,,,,,,,,
681,stats,1964857,7710,0,RUNNING,,-22,-105,179,183,1,0,0,0,0,183,0,0,
682,tx,1964938,0,1,RUNNING,,,,,,,,,,,,,,
683,tx,1964978,0,1,RUNNING,,,,,,,,,,,,,,
684,rx,1965112,38958077,0,RUNNING,185,-64,8,,,,,,,,,,,
685,tx,1965112,0,1,RUNNING,,,,,,,,,,,,,,
686,tx,1965132,0,1,RUNNING,,,,,,,,,,,,,,
687,tx,1965193,0,1,RUNNING,,,,,,,,,,,,,,
688,tx,1965233,0,1,RUNNING,,,,,,,,,,,,,,
689,rx,1965367,39158077,0,RUNNING,186,-64,7,,,,,,,,,,,
690,tx,1965367,0,1,RUNNING,,,,,,,,,,,,,,
691,tx,1965387,0,1,RUNNING,,,,,,,,,,,,,,
692,tx,1965427,0,1,RUNNING,,,,,,,,,,,,,,
693,rx,1965447,39358078,0,RUNNING,187,-64,8,,,,,,,,,,,
694,tx,1965447,0,1,RUNNING,,,,,,,,,,,,,,
695,tx,1965621,0,1,RUNNING,,,,,,,,,,,,,,
696,rx,1965641,39558077,0,RUNNING,188,-65,7,,,,,,,,,,,
697,tx,1965641,0,1,RUNNING,,,,,,,,,,,,,,
698,tx,1965741,0,1,RUNNING,,,,,,,,,,,,,,
699,rx,1965875,39758078,0,RUNNING,189,-64,7,,,,,,,,,,,
700,tx,1965875,0,1,RUNNING,,,,,,,,,,,,,,
701,stats,1965875,7734,0,RUNNING,,2,5,184,188,1,0,0,0,0,188,0,0,
702,tx,1965936,0,1,RUNNING,,,,,,,,,,,,,,
703,tx,1965976,0,1,RUNNING,,,,,,,,,,,,,,
704,rx,1966130,39958076,0,RUNNING,190,-64,8,,,,,,,,,,,
705,tx,1966130,0,1,RUNNING,,,,,,,,,,,,,,
706,tx,1966190,0,1,RUNNING,,,,,,,,,,,,,,
707,tx,1966231,0,1,RUNNING,,,,,,,,,,,,,,
708,rx,1966251,40158075,0,RUNNING,191,-65,7,,,,,,,,,,,
709,tx,1966251,0,1,RUNNING,,,,,,,,,,,,,,
710,tx,1966385,0,1,RUNNING,,,,,,,,,,,,,,
711,rx,1966445,40358072,0,RUNNING,192,-65,8,,,,,,,,,,,
712,tx,1966445,0,1,RUNNING,,,,,,,,,,,,,,
713,rx,1966640,40558029,0,RUNNING,193,-64,8,,,,,,,,,,,
714,tx,1966640,0,1,RUNNING,,,,,,,,,,,,,,
715,tx,1966740,0,1,RUNNING,,,,,,,,,,,,,,
716,rx,1966895,40758074,0,RUNNING,194,-64,8,,,,,,,,,,,
717,tx,1966895,0,1,RUNNING,,,,,,,,,,,,,,
718,stats,1966895,8285,0,RUNNING,,22,127,190,193,1,0,0,0,0,193,0,0,
719,tx,1966935,0,1,RUNNING,,,,,,,,,,,,,,
720,tx,1966975,0,1,RUNNING,,,,,,,,,,,,,,
721,rx,1967149,40958075,0,RUNNING,195,-64,8,,,,,,,,,,,
722,tx,1967149,0,1,RUNNING,,,,,,,,,,,,,,
723,tx,1967190,0,1,RUNNING,,,,,,,,,,,,,,
724,tx,1967230,0,1,RUNNING,,,,,,,,,,,,,,
725,rx,1967250,41158075,0,RUNNING,196,-64,8,,,,,,,,,,,
726,tx,1967250,0,1,RUNNING,,,,,,,,,,,,,,
727,tx,1967403,0,1,RUNNING,,,,,,,,,,,,,,
728,rx,1967444,41358029,0,RUNNING,197,-64,7,,,,,,,,,,,
729,tx,1967444,0,1,RUNNING,,,,,,,,,,,,,,
730,rx,1967659,41558071,0,RUNNING,198,-64,7,,,,,,,,,,,
731,tx,1967659,0,1,RUNNING,,,,,,,,,,,,,,
732,tx,1967739,0,1,RUNNING,,,,,,,,,,,,,,
733,tx,1967780,0,1,RUNNING,,,,,,,,,,,,,,
734,rx,1967914,41758072,0,RUNNING,199,-64,8,,,,,,,,,,,
735,tx,1967914,0,1,RUNNING,,,,,,,,,,,,,,
736,stats,1967914,8248,0,RUNNING,,11,5,195,198,1,0,0,0,0,198,0,0,
737,tx,1967934,0,1,RUNNING,,,,,,,,,,,,,,
738,tx,1967994,0,1,RUNNING,,,,,,,,,,,,,,
739,rx,1968034,41958073,0,RUNNING,200,-64,7,,,,,,,,,,,
740,tx,1968034,0,1,RUNNING,,,,,,,,,,,,,,
741,tx,1968168,0,1,RUNNING,,,,,,,,,,,,,,
742,tx,1968188,0,1,RUNNING,,,,,,,,,,,,,,
743,tx,1968228,0,1,RUNNING,,,,,,,,,,,,,,
744,rx,1968248,42158073,0,RUNNING,201,-65,7,,,,,,,,,,,
745,tx,1968248,0,1,RUNNING,,,,,,,,,,,,,,
746,tx,1968422,0,1,RUNNING,,,,,,,,,,,,,,
747,rx,1968442,42358027,0,RUNNING,202,-64,7,,,,,,,,,,,
748,tx,1968442,0,1,RUNNING,,,,,,,,,,,,,,
749,tx,1968542,0,1,RUNNING,,,,,,,,,,,,,,
750,rx,1968677,42558057,0,RUNNING,203,-64,7,,,,,,,,,,,
751,tx,1968677,0,1,RUNNING,,,,,,,,,,,,,,
752,tx,1968738,0,1,RUNNING,,,,,,,,,,,,,,
753,tx,1968778,0,1,RUNNING,,,,,,,,,,,,,,
754,rx,1968932,42758057,0,RUNNING,204,-64,7,,,,,,,,,,,
755,tx,1968932,0,1,RUNNING,,,,,,,,,,,,,,
756,stats,1968932,8276,0,RUNNING,,4,0,200,203,1,0,0,0,0,203,0,0,
757,tx,1968992,0,1,RUNNING,,,,,,,,,,,,,,
758,tx,1969032,0,1,RUNNING,,,,,,,,,,,,,,
759,rx,1969053,42958072,0,RUNNING,205,-64,8,,,,,,,,,,,
760,tx,1969053,0,1,RUNNING,,,,,,,,,,,,,,
761,tx,1969189,0,1,RUNNING,,,,,,,,,,,,,,
762,tx,1969230,0,1,RUNNING,,,,,,,,,,,,,,
763,rx,1969250,43158069,0,RUNNING,206,-64,7,,,,,,,,,,,
764,tx,1969250,0,1,RUNNING,,,,,,,,,,,,,,
765,rx,1969444,43358069,0,RUNNING,207,-64,7,,,,,,,,,,,
766,tx,1969444,0,1,RUNNING,,,,,,,,,,,,,,
767,tx,1969545,0,1,RUNNING,,,,,,,,,,,,,,
768,rx,1969698,43558069,0,RUNNING,208,-64,8,,,,,,,,,,,
769,tx,1969699,0,1,RUNNING,,,,,,,,,,,,,,
770,tx,1969739,0,1,RUNNING,,,,,,,,,,,,,,
771,tx,1969779,0,1,RUNNING,,,,,,,,,,,,,,
772,rx,1969953,43758069,0,RUNNING,209,-65,8,,,,,,,,,,,
773,tx,1969953,0,1,RUNNING,,,,,,,,,,,,,,
774,stats,1969953,8275,0,RUNNING,,1,0,205,208,1,0,0,0,0,208,0,0,
775,tx,1969993,0,1,RUNNING,,,,,,,,,,,,,,
776,tx,1970033,0,1,RUNNING,,,,,,,,,,,,,,
777,rx,1970053,43958067,0,RUNNING,210,-65,8,,,,,,,,,,,
778,tx,1970053,0,1,RUNNING,,,,,,,,,,,,,,
779,tx,1970208,0,1,RUNNING,,,,,,,,,,,,,,
780,tx,1970228,0,1,RUNNING,,,,,,,,,,,,,,
781,rx,1970248,44158065,0,RUNNING,211,-63,8,,,,,,,,,,,
782,tx,1970248,0,1,RUNNING,,,,,,,,,,,,,,
783,tx,1970328,0,1,RUNNING,,,,,,,,,,,,,,
784,rx,1970466,44358067,0,RUNNING,212,-64,8,,,,,,,,,,,
785,tx,1970466,0,1,RUNNING,,,,,,,,,,,,,,
786,tx,1970526,0,1,RUNNING,,,,,,,,,,,,,,
787,tx,1970586,0,1,RUNNING,,,,,,,,,,,,,,
788,rx,1970721,44558053,0,RUNNING,213,-65,8,,,,,,,,,,,
789,tx,1970721,0,1,RUNNING,,,,,,,,,,,,,,
790,tx,1970741,0,1,RUNNING,,,,,,,,,,,,,,
791,tx,1970781,0,1,RUNNING,,,,,,,,,,,,,,
792,rx,1970842,44758067,0,RUNNING,214,-65,8,,,,,,,,,,,
793,tx,1970842,0,1,RUNNING,,,,,,,,,,,,,,
794,tx,1970975,0,1,RUNNING,,,,,,,,,,,,,,
795,stats,1970976,8288,0,RUNNING,,7,70,210,213,1,0,0,0,0,213,0,0,
796,rx,1971036,44958065,0,RUNNING,215,-65,7,,,,,,,,,,,
797,tx,1971036,0,1,RUNNING,,,,,,,,,,,,,,
798,tx,1971230,0,1,RUNNING,,,,,,,,,,,,,,
799,rx,1971250,45158067,0,RUNNING,216,-65,8,,,,,,,,,,,
800,tx,1971250,0,1,RUNNING,,,,,,,,,,,,,,
801,tx,1971331,0,1,RUNNING,,,,,,,,,,,,,,
802,rx,1971484,45358066,0,RUNNING,217,-64,8,,,,,,,,,,,
803,tx,1971484,0,1,RUNNING,,,,,,,,,,,,,,
804,tx,1971545,0,1,RUNNING,,,,,,,,,,,,,,
805,tx,1971585,0,1,RUNNING,,,,,,,,,,,,,,
806,rx,1971739,45558064,0,RUNNING,218,-65,7,,,,,,,,,,,
807,tx,1971739,0,1,RUNNING,,,,,,,,,,,,,,
808,tx,1971780,0,1,RUNNING,,,,,,,,,,,,,,
809,rx,1971840,45758065,0,RUNNING,219,-65,8,,,,,,,,,,,
810,tx,1971840,0,1,RUNNING,,,,,,,,,,,,,,
811,tx,1971994,0,1,RUNNING,,,,,,,,,,,,,,
812,stats,1971994,8276,0,RUNNING,,0,5,215,218,1,0,0,0,0,218,0,0,
813,rx,1972034,45958034,0,RUNNING,220,-65,8,,,,,,,,,,,
814,tx,1972034,0,1,RUNNING,,,,,,,,,,,,,,
815,rx,1972250,46158064,0,RUNNING,221,-64,8,,,,,,,,,,,
816,tx,1972250,0,1,RUNNING,,,,,,,,,,,,,,
817,tx,1972330,0,1,RUNNING,,,,,,,,,,,,,,
818,rx,1972504,46358063,0,RUNNING,222,-65,8,,,,,,,,,,,
819,tx,1972504,0,1,RUNNING,,,,,,,,,,,,,,
820,tx,1972544,0,1,RUNNING,,,,,,,,,,,,,,
821,tx,1972584,0,1,RUNNING,,,,,,,,,,,,,,
822,rx,1972759,46558062,0,RUNNING,223,-64,8,,,,,,,,,,,
823,tx,1972759,0,1,RUNNING,,,,,,,,,,,,,,
824,tx,1972779,0,1,RUNNING,,,,,,,,,,,,,,
825,rx,1972839,46758063,0,RUNNING,224,-65,8,,,,,,,,,,,
826,tx,1972839,0,1,RUNNING,,,,,,,,,,,,,,
827,tx,1973013,0,1,RUNNING,,,,,,,,,,,,,,
828,stats,1973013,8290,0,RUNNING,,2,5,220,223,1,0,0,0,0,223,0,0,
829,tx,1973033,0,1,RUNNING,,,,,,,,,,,,,,
830,rx,1973053,46958060,0,RUNNING,225,-64,8,,,,,,,,,,,
831,tx,1973053,0,1,RUNNING,,,,,,,,,,,,,,
832,tx,1973134,0,1,RUNNING,,,,,,,,,,,,,,
833,rx,1973268,47158017,0,RUNNING,226,-64,7,,,,,,,,,,,
834,tx,1973268,0,1,RUNNING,,,,,,,,,,,,,,
835,tx,1973328,0,1,RUNNING,,,,,,,,,,,,,,
836,tx,1973389,0,1,RUNNING,,,,,,,,,,,,,,
837,rx,1973523,47358060,0,RUNNING,227,-64,7,,,,,,,,,,,
838,tx,1973523,0,1,RUNNING,,,,,,,,,,,,,,
839,tx,1973543,0,1,RUNNING,,,,,,,,,,,,,,
840,tx,1973583,0,1,RUNNING,,,,,,,,,,,,,,
841,rx,1973643,47558061,0,RUNNING,228,-65,7,,,,,,,,,,,
842,tx,1973643,0,1,RUNNING,,,,,,,,,,,,,,
843,tx,1973777,0,1,RUNNING,,,,,,,,,,,,,,
844,rx,1973837,47758061,0,RUNNING,229,-65,8,,,,,,,,,,,
845,tx,1973837,0,1,RUNNING,,,,,,,,,,,,,,
846,tx,1974031,0,1,RUNNING,,,,,,,,,,,,,,
847,stats,1974031,8290,0,RUNNING,,6,0,225,228,1,0,0,0,0,228,0,0,
848,rx,1974051,47958012,0,RUNNING,230,-64,8,,,,,,,,,,,
849,tx,1974051,0,1,RUNNING,,,,,,,,,,,,,,
850,tx,1974131,0,1,RUNNING,,,,,,,,,,,,,,
851,rx,1974286,48158047,0,RUNNING,231,-64,8,,,,,,,,,,,
852,tx,1974286,0,1,RUNNING,,,,,,,,,,,,,,
853,tx,1974327,0,1,RUNNING,,,,,,,,,,,,,,
854,tx,1974387,0,1,RUNNING,,,,,,,,,,,,,,
855,rx,1974541,48358061,0,RUNNING,232,-65,8,,,,,,,,,,,
856,tx,1974541,0,1,RUNNING,,,,,,,,,,,,,,
857,tx,1974581,0,1,RUNNING,,,,,,,,,,,,,,
858,rx,1974641,48558060,0,RUNNING,233,-64,7,,,,,,,,,,,
859,tx,1974641,0,1,RUNNING,,,,,,,,,,,,,,
860,tx,1974795,0,1,RUNNING,,,,,,,,,,,,,,
861,rx,1974836,48758069,0,RUNNING,234,-64,8,,,,,,,,,,,
862,tx,1974836,0,1,RUNNING,,,,,,,,,,,,,,
863,rx,1975050,48958058,0,RUNNING,235,-64,8,,,,,,,,,,,
864,tx,1975050,0,1,RUNNING,,,,,,,,,,,,,,
865,stats,1975050,7728,0,RUNNING,,-4,-55,230,234,1,0,0,0,0,234,0,0,
866,tx,1975130,0,1,RUNNING,,,,,,,,,,,,,,
867,rx,1975305,49158058,0,RUNNING,236,-64,8,,,,,,,,,,,
868,tx,1975305,0,1,RUNNING,,,,,,,,,,,,,,
869,tx,1975345,0,1,RUNNING,,,,,,,,,,,,,,
870,tx,1975385,0,1,RUNNING,,,,,,,,,,,,,,
871,tx,1975425,0,1,RUNNING,,,,,,,,,,,,,,
872,rx,1975562,49358059,0,RUNNING,237,-64,8,,,,,,,,,,,
873,tx,1975562,0,1,RUNNING,,,,,,,,,,,,,,
874,tx,1975582,0,1,RUNNING,,,,,,,,,,,,,,
875,rx,1975642,49558057,0,RUNNING,238,-64,8,,,,,,,,,,,
876,tx,1975642,0,1,RUNNING,,,,,,,,,,,,,,
877,tx,1975817,0,1,RUNNING,,,,,,,,,,,,,,
878,rx,1975837,49758056,0,RUNNING,239,-65,8,,,,,,,,,,,
879,tx,1975837,0,1,RUNNING,,,,,,,,,,,,,,
880,tx,1975937,0,1,RUNNING,,,,,,,,,,,,,,
881,rx,1976072,49958043,0,RUNNING,240,-65,8,,,,,,,,,,,
882,tx,1976072,0,1,RUNNING,,,,,,,,,,,,,,
883,stats,1976072,7718,0,RUNNING,,-14,-65,235,239,1,0,0,0,0,239,0,0,
884,tx,1976132,0,1,RUNNING,,,,,,,,,,,,,,
885,tx,1976192,0,1,RUNNING,,,,,,,,,,,,,,
886,rx,1976326,50158056,0,RUNNING,241,-64,7,,,,,,,,,,,
887,tx,1976326,0,1,RUNNING,,,,,,,,,,,,,,
888,tx,1976386,0,1,RUNNING,,,,,,,,,,,,,,
889,tx,1976427,0,1,RUNNING,,,,,,,,,,,,,,
890,rx,1976447,50358057,0,RUNNING,242,-64,7,,,,,,,,,,,
891,tx,1976447,0,1,RUNNING,,,,,,,,,,,,,,
892,tx,1976580,0,1,RUNNING,,,,,,,,,,,,,,
893,rx,1976640,50558046,0,RUNNING,243,-65,8,,,,,,,,,,,
894,tx,1976640,0,1,RUNNING,,,,,,,,,,,,,,
895,rx,1976835,50758055,0,RUNNING,244,-64,8,,,,,,,,,,,
896,tx,1976835,0,1,RUNNING,,,,,,,,,,,,,,
897,tx,1976936,0,1,RUNNING,,,,,,,,,,,,,,
898,rx,1977090,50958038,0,RUNNING,245,-65,7,,,,,,,,,,,
899,tx,1977090,0,1,RUNNING,,,,,,,,,,,,,,
900,stats,1977090,8288,0,RUNNING,,-15,-85,241,244,1,0,0,0,0,244,0,0,
901,tx,1977131,0,1,RUNNING,,,,,,,,,,,,,,
902,tx,1977191,0,1,RUNNING,,,,,,,,,,,,,,
903,rx,1977345,51158054,0,RUNNING,246,-65,7,,,,,,,,,,,
904,tx,1977345,0,1,RUNNING,,,,,,,,,,,,,,
905,tx,1977385,0,1,RUNNING,,,,,,,,,,,,,,
906,tx,1977426,0,1,RUNNING,,,,,,,,,,,,,,
907,rx,1977446,51358055,0,RUNNING,247,-65,8,,,,,,,,,,,
908,tx,1977446,0,1,RUNNING,,,,,,,,,,,,,,
909,tx,1977599,0,1,RUNNING,,,,,,,,,,,,,,
910,rx,1977640,51558054,0,RUNNING,248,-65,8,,,,,,,,,,,
911,tx,1977640,0,1,RUNNING,,,,,,,,,,,,,,
912,rx,1977854,51758054,0,RUNNING,249,-65,8,,,,,,,,,,,
913,tx,1977854,0,1,RUNNING,,,,,,,,,,,,,,
914,tx,1977934,0,1,RUNNING,,,,,,,,,,,,,,
915,rx,1978108,51958054,0,RUNNING,250,-64,9,,,,,,,,,,,
916,tx,1978108,0,1,RUNNING,,,,,,,,,,,,,,
917,stats,1978108,8290,0,RUNNING,,1,0,246,249,1,0,0,0,0,249,0,0,
918,tx,1978128,0,1,RUNNING,,,,,,,,,,,,,,
919,tx,1978188,0,1,RUNNING,,,,,,,,,,,,,,
920,tx,1978229,0,1,RUNNING,,,,,,,,,,,,,,
921,rx,1978363,52158053,0,RUNNING,251,-65,8,,,,,,,,,,,
922,tx,1978363,0,1,RUNNING,,,,,,,,,,,,,,
923,tx,1978383,0,1,RUNNING,,,,,,,,,,,,,,
924,rx,1978443,52358052,0,RUNNING,252,-64,8,,,,,,,,,,,
925,tx,1978443,0,1,RUNNING,,,,,,,,,,,,,,
926,tx,1978617,0,1,RUNNING,,,,,,,,,,,,,,
927,rx,1978637,52558049,0,RUNNING,253,-65,8,,,,,,,,,,,
928,tx,1978637,0,1,RUNNING,,,,,,,,,,,,,,
929,tx,1978738,0,1,RUNNING,,,,,,,,,,,,,,
930,rx,1978872,52758028,0,RUNNING,254,-64,9,,,,,,,,,,,
931,tx,1978872,0,1,RUNNING,,,,,,,,,,,,,,
932,tx,1978933,0,1,RUNNING,,,,,,,,,,,,,,
933,tx,1978993,0,1,RUNNING,,,,,,,,,,,,,,
934,rx,1979127,52958051,0,RUNNING,255,-65,8,,,,,,,,,,,
935,tx,1979127,0,1,RUNNING,,,,,,,,,,,,,,
936,stats,1979127,8276,0,RUNNING,,11,115,251,254,1,0,0,0,0,254,0,0,
937,tx,1979188,0,1,RUNNING,,,,,,,,,,,,,,
938,tx,1979228,0,1,RUNNING,,,,,,,,,,,,,,
939,rx,1979248,53158051,0,RUNNING,256,-65,8,,,,,,,,,,,
940,tx,1979248,0,1,RUNNING,,,,,,,,,,,,,,
941,tx,1979381,0,1,RUNNING,,,,,,,,,,,,,,
942,rx,1979442,53358051,0,RUNNING,257,-65,8,,,,,,,,,,,
943,tx,1979442,0,1,RUNNING,,,,,,,,,,,,,,
944,rx,1979635,53558006,0,RUNNING,258,-65,8,,,,,,,,,,,
945,tx,1979636,0,1,RUNNING,,,,,,,,,,,,,,
946,tx,1979736,0,1,RUNNING,,,,,,,,,,,,,,
947,rx,1979890,53758049,0,RUNNING,259,-64,9,,,,,,,,,,,
948,tx,1979890,0,1,RUNNING,,,,,,,,,,,,,,
949,tx,1979931,0,1,RUNNING,,,,,,,,,,,,,,
950,tx,1979991,0,1,RUNNING,,,,,,,,,,,,,,
951,rx,1980145,53958048,0,RUNNING,260,-65,8,,,,,,,,,,,
952,tx,1980145,0,1,RUNNING,,,,,,,,,,,,,,
953,stats,1980145,8247,0,RUNNING,,10,-5,256,259,1,0,0,0,0,259,0,0,
954,tx,1980186,0,1,RUNNING,,,,,,,,,,,,,,
955,tx,1980226,0,1,RUNNING,,,,,,,,,,,,,,
956,rx,1980246,54158050,0,RUNNING,261,-64,7,,,,,,,,,,,
957,tx,1980246,0,1,RUNNING,,,,,,,,,,,,,,
958,tx,1980400,0,1,RUNNING,,,,,,,,,,,,,,
959,rx,1980440,54358052,0,RUNNING,262,-63,8,,,,,,,,,,,
960,tx,1980440,0,1,RUNNING,,,,,,,,,,,,,,
961,rx,1980654,54558029,0,RUNNING,263,-64,8,,,,,,,,,,,
962,tx,1980654,0,1,RUNNING,,,,,,,,,,,,,,
963,tx,1980735,0,1,RUNNING,,,,,,,,,,,,,,
964,rx,1980909,54758048,0,RUNNING,264,-65,8,,,,,,,,,,,
965,tx,1980909,0,1,RUNNING,,,,,,,,,,,,,,
966,tx,1980929,0,1,RUNNING,,,,,,,,,,,,,,
967,tx,1980989,0,1,RUNNING,,,,,,,,,,,,,,
968,tx,1981030,0,1,RUNNING,,,,,,,,,,,,,,
969,rx,1981164,54958047,0,RUNNING,265,-65,7,,,,,,,,,,,
970,tx,1981164,0,1,RUNNING,,,,,,,,,,,,,,
971,stats,1981164,8243,0,RUNNING,,4,-5,261,264,1,0,0,0,0,264,0,0,
972,tx,1981184,0,1,RUNNING,,,,,,,,,,,,,,
973,rx,1981244,55158047,0,RUNNING,266,-64,8,,,,,,,,,,,
974,tx,1981244,0,1,RUNNING,,,,,,,,,,,,,,
975,tx,1981417,0,1,RUNNING,,,,,,,,,,,,,,
976,rx,1981438,55358044,0,RUNNING,267,-64,8,,,,,,,,,,,
977,tx,1981438,0,1,RUNNING,,,,,,,,,,,,,,
978,tx,1981538,0,1,RUNNING,,,,,,,,,,,,,,
979,rx,1981672,55558047,0,RUNNING,268,-65,8,,,,,,,,,,,
980,tx,1981672,0,1,RUNNING,,,,,,,,,,,,,,
981,tx,1981733,0,1,RUNNING,,,,,,,,,,,,,,
982,tx,1981793,0,1,RUNNING,,,,,,,,,,,,,,
983,rx,1981927,55758045,0,RUNNING,269,-65,7,,,,,,,,,,,
984,tx,1981927,0,1,RUNNING,,,,,,,,,,,,,,
985,tx,1981988,0,1,RUNNING,,,,,,,,,,,,,,
986,tx,1982028,0,1,RUNNING,,,,,,,,,,,,,,
987,rx,1982048,55958046,0,RUNNING,270,-64,7,,,,,,,,,,,
988,tx,1982048,0,1,RUNNING,,,,,,,,,,,,,,
989,tx,1982181,0,1,RUNNING,,,,,,,,,,,,,,
990,stats,1982181,8276,0,RUNNING,,0,5,266,269,1,0,0,0,0,269,0,0,
991,rx,1982242,56158045,0,RUNNING,271,-64,8,,,,,,,,,,,
992,tx,1982242,0,1,RUNNING,,,,,,,,,,,,,,
993,rx,1982436,56358045,0,RUNNING,272,-64,8,,,,,,,,,,,
994,tx,1982436,0,1,RUNNING,,,,,,,,,,,,,,
995,tx,1982537,0,1,RUNNING,,,,,,,,,,,,,,
996,rx,1982692,56557982,0,RUNNING,273,-64,7,,,,,,,,,,,
997,tx,1982692,0,1,RUNNING,,,,,,,,,,,,,,
998,tx,1982732,0,1,RUNNING,,,,,,,,,,,,,,
999,tx,1982792,0,1,RUNNING,,,,,,,,,,,,,,
1000,rx,1982947,56758043,0,RUNNING,274,-64,7,,,,,,,,,,,
1001,tx,1982947,0,1,RUNNING,,,,,,,,,,,,,,
1002,tx,1982987,0,1,RUNNING,,,,,,,,,,,,,,
1003,tx,1983027,0,1,RUNNING,,,,,,,,,,,,,,
1004,rx,1983047,56958043,0,RUNNING,275,-63,8,,,,,,,,,,,
1005,tx,1983047,0,1,RUNNING,,,,,,,,,,,,,,
1006,tx,1983201,0,1,RUNNING,,,,,,,,,,,,,,
1007,stats,1983201,8289,0,RUNNING,,15,0,271,274,1,0,0,0,0,274,0,0,
1008,rx,1983241,57158043,0,RUNNING,276,-64,8,,,,,,,,,,,
1009,tx,1983241,0,1,RUNNING,,,,,,,,,,,,,,
1010,rx,1983455,57358040,0,RUNNING,277,-65,8,,,,,,,,,,,
1011,tx,1983455,0,1,RUNNING,,,,,,,,,,,,,,
1012,tx,1983536,0,1,RUNNING,,,,,,,,,,,,,,
1013,tx,1983576,0,1,RUNNING,,,,,,,,,,,,,,
1014,rx,1983710,57558031,0,RUNNING,278,-64,7,,,,,,,,,,,
1015,tx,1983710,0,1,RUNNING,,,,,,,,,,,,,,
1016,tx,1983731,0,1,RUNNING,,,,,,,,,,,,,,
1017,tx,1983791,0,1,RUNNING,,,,,,,,,,,,,,
1018,tx,1983831,0,1,RUNNING,,,,,,,,,,,,,,
1019,rx,1983965,57758043,0,RUNNING,279,-64,7,,,,,,,,,,,
1020,tx,1983965,0,1,RUNNING,,,,,,,,,,,,,,
1021,tx,1983985,0,1,RUNNING,,,,,,,,,,,,,,
1022,rx,1984045,57958042,0,RUNNING,280,-65,8,,,,,,,,,,,
1023,tx,1984045,0,1,RUNNING,,,,,,,,,,,,,,
1024,tx,1984219,0,1,RUNNING,,,,,,,,,,,,,,
1025,stats,1984219,8290,0,RUNNING,,3,-5,276,279,1,0,0,0,0,279,0,0,
1026,rx,1984239,58158039,0,RUNNING,281,-65,7,,,,,,,,,,,
1027,tx,1984239,0,1,RUNNING,,,,,,,,,,,,,,
1028,tx,1984340,0,1,RUNNING,,,,,,,,,,,,,,
1029,rx,1984474,58358016,0,RUNNING,282,-64,8,,,,,,,,,,,
1030,tx,1984474,0,1,RUNNING,,,,,,,,,,,,,,
1031,tx,1984535,0,1,RUNNING,,,,,,,,,,,,,,
1032,tx,1984595,0,1,RUNNING,,,,,,,,,,,,,,
1033,rx,1984729,58558040,0,RUNNING,283,-64,8,,,,,,,,,,,
1034,tx,1984729,0,1,RUNNING,,,,,,,,,,,,,,
1035,tx,1984790,0,1,RUNNING,,,,,,,,,,,,,,
1036,tx,1984830,0,1,RUNNING,,,,,,,,,,,,,,
1037,rx,1984850,58758041,0,RUNNING,284,-65,7,,,,,,,,,,,
1038,tx,1984850,0,1,RUNNING,,,,,,,,,,,,,,
1039,tx,1984984,0,1,RUNNING,,,,,,,,,,,,,,
1040,rx,1985044,58958041,0,RUNNING,285,-65,7,,,,,,,,,,,
1041,tx,1985044,0,1,RUNNING,,,,,,,,,,,,,,
1042,rx,1985238,59157995,0,RUNNING,286,-64,7,,,,,,,,,,,
1043,tx,1985238,0,1,RUNNING,,,,,,,,,,,,,,
1044,stats,1985238,7688,0,RUNNING,,-44,-128,281,285,1,0,0,0,0,285,0,0,
1045,tx,1985339,0,1,RUNNING,,,,,,,,,,,,,,
1046,rx,1985493,59358025,0,RUNNING,287,-64,8,,,,,,,,,,,
1047,tx,1985493,0,1,RUNNING,,,,,,,,,,,,,,
1048,tx,1985533,0,1,RUNNING,,,,,,,,,,,,,,
1049,tx,1985593,0,1,RUNNING,,,,,,,,,,,,,,
1050,rx,1985748,59558039,0,RUNNING,288,-64,8,,,,,,,,,,,
1051,tx,1985748,0,1,RUNNING,,,,,,,,,,,,,,
1052,tx,1985788,0,1,RUNNING,,,,,,,,,,,,,,
1053,tx,1985829,0,1,RUNNING,,,,,,,,,,,,,,
1054,rx,1985849,59758039,0,RUNNING,289,-64,7,,,,,,,,,,,
1055,tx,1985849,0,1,RUNNING,,,,,,,,,,,,,,
1056,tx,1986002,0,1,RUNNING,,,,,,,,,,,,,,
1057,rx,1986042,59958038,0,RUNNING,290,-64,8,,,,,,,,,,,
1058,tx,1986042,0,1,RUNNING,,,,,,,,,,,,,,
1059,rx,1986256,60158014,0,RUNNING,291,-64,9,,,,,,,,,,,
1060,tx,1986256,0,1,RUNNING,,,,,,,,,,,,,,
1061,stats,1986256,7710,0,RUNNING,,-22,-120,286,290,1,0,0,0,0,290,0,0,
1062,tx,1986337,0,1,RUNNING,,,,,,,,,,,,,,
1063,tx,1986377,0,1,RUNNING,,,,,,,,,,,,,,
1064,rx,1986514,60358036,0,RUNNING,292,-65,8,,,,,,,,,,,
1065,tx,1986514,0,1,RUNNING,,,,,,,,,,,,,,
1066,tx,1986534,0,1,RUNNING,,,,,,,,,,,,,,
1067,tx,1986595,0,1,RUNNING,,,,,,,,,,,,,,
1068,rx,1986635,60558035,0,RUNNING,293,-64,8,,,,,,,,,,,
1069,tx,1986635,0,1,RUNNING,,,,,,,,,,,,,,
1070,tx,1986769,0,1,RUNNING,,,,,,,,,,,,,,
1071,tx,1986789,0,1,RUNNING,,,,,,,,,,,,,,
1072,tx,1986829,0,1,RUNNING,,,,,,,,,,,,,,
1073,rx,1986849,60758038,0,RUNNING,294,-64,8,,,,,,,,,,,
1074,tx,1986849,0,1,RUNNING,,,,,,,,,,,,,,
1075,tx,1987023,0,1,RUNNING,,,,,,,,,,,,,,
1076,rx,1987044,60958033,0,RUNNING,295,-64,8,,,,,,,,,,,
1077,tx,1987044,0,1,RUNNING,,,,,,,,,,,,,,
1078,tx,1987144,0,1,RUNNING,,,,,,,,,,,,,,
1079,rx,1987279,61158035,0,RUNNING,296,-64,8,,,,,,,,,,,
1080,tx,1987279,0,1,RUNNING,,,,,,,,,,,,,,
1081,stats,1987279,7733,0,RUNNING,,1,10,291,295,1,0,0,0,0,295,0,0,
1082,tx,1987339,0,1,RUNNING,,,,,,,,,,,,,,
1083,tx,1987379,0,1,RUNNING,,,,,,,,,,,,,,
1084,rx,1987533,61358035,0,RUNNING,297,-64,8,,,,,,,,,,,
1085,tx,1987533,0,1,RUNNING,,,,,,,,,,,,,,
1086,tx,1987594,0,1,RUNNING,,,,,,,,,,,,,,
1087,tx,1987634,0,1,RUNNING,,,,,,,,,,,,,,
1088,rx,1987654,61558034,0,RUNNING,298,-64,8,,,,,,,,,,,
1089,tx,1987654,0,1,RUNNING,,,,,,,,,,,,,,
1090,tx,1987788,0,1,RUNNING,,,,,,,,,,,,,,
1091,tx,1987828,0,1,RUNNING,,,,,,,,,,,,,,
1092,rx,1987848,61758034,0,RUNNING,299,-64,8,,,,,,,,,,,
1093,tx,1987848,0,1,RUNNING,,,,,,,,,,,,,,
1094,rx,1988042,61958035,0,RUNNING,300,-64,8,,,,,,,,,,,
1095,tx,1988042,0,1,RUNNING,,,,,,,,,,,,,,
1096,tx,1988142,0,1,RUNNING,,,,,,,,,,,,,,
1097,rx,1988297,62157972,0,RUNNING,301,-64,8,,,,,,,,,,,
1098,tx,1988297,0,1,RUNNING,,,,,,,,,,,,,,
1099,stats,1988297,8291,0,RUNNING,,-62,-128,297,300,1,0,0,0,0,300,0,0,
1100,tx,1988338,0,1,RUNNING,,,,,,,,,,,,,,
1101,tx,1988378,0,1,RUNNING,,,,,,,,,,,,,,
1102,rx,1988553,62358034,0,RUNNING,302,-64,8,,,,,,,,,,,
1103,tx,1988553,0,1,RUNNING,,,,,,,,,,,,,,
1104,tx,1988593,0,1,RUNNING,,,,,,,,,,,,,,
1105,tx,1988633,0,1,RUNNING,,,,,,,,,,,,,,
1106,rx,1988653,62558033,0,RUNNING,303,-64,8,,,,,,,,,,,
1107,tx,1988653,0,1,RUNNING,,,,,,,,,,,,,,
1108,tx,1988808,0,1,RUNNING,,,,,,,,,,,,,,
1109,tx,1988828,0,1,RUNNING,,,,,,,,,,,,,,
1110,rx,1988848,62758034,0,RUNNING,304,-64,8,,,,,,,,,,,
1111,tx,1988848,0,1,RUNNING,,,,,,,,,,,,,,
1112,tx,1988928,0,1,RUNNING,,,,,,,,,,,,,,
1113,rx,1989062,62958032,0,RUNNING,305,-65,7,,,,,,,,,,,
1114,tx,1989062,0,1,RUNNING,,,,,,,,,,,,,,
1115,tx,1989142,0,1,RUNNING,,,,,,,,,,,,,,
1116,tx,1989183,0,1,RUNNING,,,,,,,,,,,,,,
1117,rx,1989316,63158033,0,RUNNING,306,-65,7,,,,,,,,,,,
1118,tx,1989316,0,1,RUNNING,,,,,,,,,,,,,,
1119,stats,1989316,8247,0,RUNNING,,3,5,302,305,1,0,0,0,0,305,0,0,
1120,tx,1989336,0,1,RUNNING,,,,,,,,,,,,,,
1121,tx,1989377,0,1,RUNNING,,,,,,,,,,,,,,
1122,rx,1989437,63358031,0,RUNNING,307,-65,8,,,,,,,,,,,
1123,tx,1989437,0,1,RUNNING,,,,,,,,,,,,,,
1124,tx,1989571,0,1,RUNNING,,,,,,,,,,,,,,
1125,tx,1989591,0,1,RUNNING,,,,,,,,,,,,,,
1126,tx,1989631,0,1,RUNNING,,,,,,,,,,,,,,
1127,rx,1989651,63558031,0,RUNNING,308,-65,8,,,,,,,,,,,
1128,tx,1989651,0,1,RUNNING,,,,,,,,,,,,,,
1129,tx,1989825,0,1,RUNNING,,,,,,,,,,,,,,
1130,rx,1989846,63758029,0,RUNNING,309,-65,7,,,,,,,,,,,
1131,tx,1989846,0,1,RUNNING,,,,,,,,,,,,,,
1132,tx,1989926,0,1,RUNNING,,,,,,,,,,,,,,
1133,rx,1990080,63957995,0,RUNNING,310,-64,8,,,,,,,,,,,
1134,tx,1990080,0,1,RUNNING,,,,,,,,,,,,,,
1135,tx,1990141,0,1,RUNNING,,,,,,,,,,,,,,
1136,tx,1990181,0,1,RUNNING,,,,,,,,,,,,,,
1137,rx,1990335,64158031,0,RUNNING,311,-64,8,,,,,,,,,,,
1138,tx,1990335,0,1,RUNNING,,,,,,,,,,,,,,
1139,stats,1990335,8247,0,RUNNING,,18,127,307,310,1,0,0,0,0,310,0,0,
1140,tx,1990396,0,1,RUNNING,,,,,,,,,,,,,,
1141,rx,1990436,64358028,0,RUNNING,312,-64,8,,,,,,,,,,,
1142,tx,1990436,0,1,RUNNING,,,,,,,,,,,,,,
1143,tx,1990590,0,1,RUNNING,,,,,,,,,,,,,,
1144,tx,1990630,0,1,RUNNING,,,,,,,,,,,,,,
1145,rx,1990651,64558031,0,RUNNING,313,-64,7,,,,,,,,,,,
1146,tx,1990651,0,1,RUNNING,,,,,,,,,,,,,,
1147,rx,1990845,64757984,0,RUNNING,314,-64,8,,,,,,,,,,,
1148,tx,1990845,0,1,RUNNING,,,,,,,,,,,,,,
1149,tx,1990945,0,1,RUNNING,,,,,,,,,,,,,,
1150,rx,1991100,64958028,0,RUNNING,315,-64,8,,,,,,,,,,,
1151,tx,1991100,0,1,RUNNING,,,,,,,,,,,,,,
1152,tx,1991140,0,1,RUNNING,,,,,,,,,,,,,,
1153,tx,1991180,0,1,RUNNING,,,,,,,,,,,,,,
1154,rx,1991355,65158015,0,RUNNING,316,-64,8,,,,,,,,,,,
1155,tx,1991355,0,1,RUNNING,,,,,,,,,,,,,,
1156,stats,1991355,8288,0,RUNNING,,-2,-65,312,315,1,0,0,0,0,315,0,0,
1157,tx,1991395,0,1,RUNNING,,,,,,,,,,,,,,
1158,rx,1991435,65358027,0,RUNNING,317,-64,8,,,,,,,,,,,
1159,tx,1991435,0,1,RUNNING,,,,,,,,,,,,,,
1160,tx,1991609,0,1,RUNNING,,,,,,,,,,,,,,
1161,tx,1991630,0,1,RUNNING,,,,,,,,,,,,,,
1162,rx,1991650,65558019,0,RUNNING,318,-64,8,,,,,,,,,,,
1163,tx,1991650,0,1,RUNNING,,,,,,,,,,,,,,
1164,tx,1991730,0,1,RUNNING,,,,,,,,,,,,,,
1165,rx,1991865,65758014,0,RUNNING,319,-64,8,,,,,,,,,,,
1166,tx,1991865,0,1,RUNNING,,,,,,,,,,,,,,
1167,tx,1991945,0,1,RUNNING,,,,,,,,,,,,,,
1168,tx,1991985,0,1,RUNNING,,,,,,,,,,,,,,
1169,rx,1992119,65958026,0,RUNNING,320,-65,8,,,,,,,,,,,
1170,tx,1992119,0,1,RUNNING,,,,,,,,,,,,,,
1171,tx,1992139,0,1,RUNNING,,,,,,,,,,,,,,
1172,tx,1992180,0,1,RUNNING,,,,,,,,,,,,,,
1173,rx,1992240,66158026,0,RUNNING,321,-64,8,,,,,,,,,,,
1174,tx,1992240,0,1,RUNNING,,,,,,,,,,,,,,
1175,tx,1992374,0,1,RUNNING,,,,,,,,,,,,,,
1176,stats,1992374,8267,0,RUNNING,,5,0,317,320,1,0,0,0,0,320,0,0,
1177,tx,1992394,0,1,RUNNING,,,,,,,,,,,,,,
1178,tx,1992434,0,1,RUNNING,,,,,,,,,,,,,,
1179,rx,1992454,66358026,0,RUNNING,322,-64,8,,,,,,,,,,,
1180,tx,1992454,0,1,RUNNING,,,,,,,,,,,,,,
1181,tx,1992628,0,1,RUNNING,,,,,,,,,,,,,,
1182,rx,1992648,66558025,0,RUNNING,323,-64,8,,,,,,,,,,,
1183,tx,1992648,0,1,RUNNING,,,,,,,,,,,,,,
1184,tx,1992729,0,1,RUNNING,,,,,,,,,,,,,,
1185,rx,1992883,66758012,0,RUNNING,324,-65,8,,,,,,,,,,,
1186,tx,1992883,0,1,RUNNING,,,,,,,,,,,,,,
1187,tx,1992943,0,1,RUNNING,,,,,,,,,,,,,,
1188,tx,1992983,0,1,RUNNING,,,,,,,,,,,,,,
1189,rx,1993137,66958024,0,RUNNING,325,-64,8,,,,,,,,,,,
1190,tx,1993137,0,1,RUNNING,,,,,,,,,,,,,,
1191,tx,1993178,0,1,RUNNING,,,,,,,,,,,,,,
1192,rx,1993238,67158024,0,RUNNING,326,-65,7,,,,,,,,,,,
1193,tx,1993238,0,1,RUNNING,,,,,,,,,,,,,,
1194,tx,1993391,0,1,RUNNING,,,,,,,,,,,,,,
1195,stats,1993391,8289,0,RUNNING,,3,0,322,325,1,0,0,0,0,325,0,0,
1196,tx,1993431,0,1,RUNNING,,,,,,,,,,,,,,
1197,rx,1993452,67358024,0,RUNNING,327,-64,8,,,,,,,,,,,
1198,tx,1993452,0,1,RUNNING,,,,,,,,,,,,,,
1199,rx,1993645,67558024,0,RUNNING,328,-65,8,,,,,,,,,,,
1200,tx,1993645,0,1,RUNNING,,,,,,,,,,,,,,
1201,tx,1993726,0,1,RUNNING,,,,,,,,,,,,,,
1202,rx,1993901,67758007,0,RUNNING,329,-63,7,,,,,,,,,,,
1203,tx,1993901,0,1,RUNNING,,,,,,,,,,,,,,
1204,tx,1993941,0,1,RUNNING,,,,,,,,,,,,,,
1205,tx,1993981,0,1,RUNNING,,,,,,,,,,,,,,
1206,rx,1994156,67958025,0,RUNNING,330,-64,8,,,,,,,,,,,
1207,tx,1994156,0,1,RUNNING,,,,,,,,,,,,,,
1208,tx,1994176,0,1,RUNNING,,,,,,,,,,,,,,
1209,rx,1994236,68158022,0,RUNNING,331,-64,8,,,,,,,,,,,
1210,tx,1994236,0,1,RUNNING,,,,,,,,,,,,,,
1211,tx,1994410,0,1,RUNNING,,,,,,,,,,,,,,
1212,stats,1994410,8290,0,RUNNING,,2,-15,327,330,1,0,0,0,0,330,0,0,
1213,tx,1994431,0,1,RUNNING,,,,,,,,,,,,,,
1214,rx,1994451,68358023,0,RUNNING,332,-65,7,,,,,,,,,,,
1215,tx,1994451,0,1,RUNNING,,,,,,,,,,,,,,
1216,tx,1994531,0,1,RUNNING,,,,,,,,,,,,,,
1217,rx,1994665,68558009,0,RUNNING,333,-64,8,,,,,,,,,,,
1218,tx,1994665,0,1,RUNNING,,,,,,,,,,,,,,
1219,tx,1994745,0,1,RUNNING,,,,,,,,,,,,,,
1220,tx,1994786,0,1,RUNNING,,,,,,,,,,,,,,
1221,rx,1994919,68758022,0,RUNNING,334,-64,8,,,,,,,,,,,
1222,tx,1994919,0,1,RUNNING,,,,,,,,,,,,,,
1223,tx,1994940,0,1,RUNNING,,,,,,,,,,,,,,
1224,tx,1994980,0,1,RUNNING,,,,,,,,,,,,,,
1225,rx,1995040,68958021,0,RUNNING,335,-64,8,,,,,,,,,,,
1226,tx,1995040,0,1,RUNNING,,,,,,,,,,,,,,
1227,tx,1995174,0,1,RUNNING,,,,,,,,,,,,,,
1228,tx,1995194,0,1,RUNNING,,,,,,,,,,,,,,
1229,rx,1995235,69158020,0,RUNNING,336,-64,7,,,,,,,,,,,
1230,tx,1995235,0,1,RUNNING,,,,,,,,,,,,,,
1231,tx,1995429,0,1,RUNNING,,,,,,,,,,,,,,
1232,stats,1995429,8289,0,RUNNING,,0,-5,332,335,1,0,0,0,0,335,0,0,
1233,rx,1995449,69358020,0,RUNNING,337,-64,8,,,,,,,,,,,
1234,tx,1995449,0,1,RUNNING,,,,,,,,,,,,,,
1235,tx,1995529,0,1,RUNNING,,,,,,,,,,,,,,
1236,rx,1995683,69557995,0,RUNNING,338,-64,8,,,,,,,,,,,
1237,tx,1995683,0,1,RUNNING,,,,,,,,,,,,,,
1238,tx,1995744,0,1,RUNNING,,,,,,,,,,,,,,
1239,tx,1995784,0,1,RUNNING,,,,,,,,,,,,,,
1240,rx,1995938,69758020,0,RUNNING,339,-65,8,,,,,,,,,,,
1241,tx,1995938,0,1,RUNNING,,,,,,,,,,,,,,
1242,tx,1995978,0,1,RUNNING,,,,,,,,,,,,,,
1243,rx,1996039,69958019,0,RUNNING,340,-65,8,,,,,,,,,,,
1244,tx,1996039,0,1,RUNNING,,,,,,,,,,,,,,
1245,tx,1996192,0,1,RUNNING,,,,,,,,,,,,,,
1246,tx,1996233,0,1,RUNNING,,,,,,,,,,,,,,
1247,rx,1996253,70158019,0,RUNNING,341,-64,7,,,,,,,,,,,
1248,tx,1996253,0,1,RUNNING,,,,,,,,,,,,,,
1249,rx,1996447,70357974,0,RUNNING,342,-64,7,,,,,,,,,,,
1250,tx,1996447,0,1,RUNNING,,,,,,,,,,,,,,
1251,stats,1996447,7689,0,RUNNING,,-43,-128,337,341,1,0,0,0,0,341,0,0,
1252,tx,1996528,0,1,RUNNING,,,,,,,,,,,,,,
1253,rx,1996702,70558004,0,RUNNING,343,-64,8,,,,,,,,,,,
1254,tx,1996702,0,1,RUNNING,,,,,,,,,,,,,,
1255,tx,1996742,0,1,RUNNING,,,,,,,,,,,,,,
1256,tx,1996782,0,1,RUNNING,,,,,,,,,,,,,,
1257,rx,1996957,70758017,0,RUNNING,344,-65,8,,,,,,,,,,,
1258,tx,1996957,0,1,RUNNING,,,,,,,,,,,,,,
1259,tx,1996977,0,1,RUNNING,,,,,,,,,,,,,,
1260,rx,1997038,70958017,0,RUNNING,345,-64,8,,,,,,,,,,,
1261,tx,1997038,0,1,RUNNING,,,,,,,,,,,,,,
1262,tx,1997211,0,1,RUNNING,,,,,,,,,,,,,,
1263,tx,1997231,0,1,RUNNING,,,,,,,,,,,,,,
1264,rx,1997251,71158005,0,RUNNING,346,-64,8,,,,,,,,,,,
1265,tx,1997252,0,1,RUNNING,,,,,,,,,,,,,,
1266,tx,1997332,0,1,RUNNING,,,,,,,,,,,,,,
1267,rx,1997467,71358001,0,RUNNING,347,-64,8,,,,,,,,,,,
1268,tx,1997467,0,1,RUNNING,,,,,,,,,,,,,,
1269,stats,1997467,7724,0,RUNNING,,-8,-20,342,346,1,0,0,0,0,346,0,0,
1270,tx,1997527,0,1,RUNNING,,,,,,,,,,,,,,
1271,tx,1997587,0,1,RUNNING,,,,,,,,,,,,,,
1272,rx,1997724,71558015,0,RUNNING,348,-64,7,,,,,,,,,,,
1273,tx,1997724,0,1,RUNNING,,,,,,,,,,,,,,
1274,tx,1997744,0,1,RUNNING,,,,,,,,,,,,,,
1275,tx,1997785,0,1,RUNNING,,,,,,,,,,,,,,
1276,rx,1997845,71758016,0,RUNNING,349,-65,8,,,,,,,,,,,
1277,tx,1997845,0,1,RUNNING,,,,,,,,,,,,,,
1278,tx,1997979,0,1,RUNNING,,,,,,,,,,,,,,
1279,rx,1998039,71958015,0,RUNNING,350,-64,7,,,,,,,,,,,
1280,tx,1998039,0,1,RUNNING,,,,,,,,,,,,,,
1281,tx,1998233,0,1,RUNNING,,,,,,,,,,,,,,
1282,rx,1998253,72157999,0,RUNNING,351,-64,8,,,,,,,,,,,
1283,tx,1998253,0,1,RUNNING,,,,,,,,,,,,,,
1284,tx,1998334,0,1,RUNNING,,,,,,,,,,,,,,
1285,rx,1998488,72358014,0,RUNNING,352,-64,8,,,,,,,,,,,
1286,tx,1998488,0,1,RUNNING,,,,,,,,,,,,,,
1287,stats,1998488,8288,0,RUNNING,,7,75,348,351,1,0,0,0,0,351,0,0,
1288,tx,1998528,0,1,RUNNING,,,,,,,,,,,,,,
1289,tx,1998588,0,1,RUNNING,,,,,,,,,,,,,,
1290,rx,1998742,72558014,0,RUNNING,353,-64,8,,,,,,,,,,,
1291,tx,1998742,0,1,RUNNING,,,,,,,,,,,,,,
1292,tx,1998782,0,1,RUNNING,,,,,,,,,,,,,,
1293,rx,1998842,72758013,0,RUNNING,354,-64,8,,,,,,,,,,,
1294,tx,1998842,0,1,RUNNING,,,,,,,,,,,,,,
1295,tx,1998996,0,1,RUNNING,,,,,,,,,,,,,,
1296,rx,1999036,72958012,0,RUNNING,355,-65,7,,,,,,,,,,,
1297,tx,1999036,0,1,RUNNING,,,,,,,,,,,,,,
1298,rx,1999250,73158013,0,RUNNING,356,-65,8,,,,,,,,,,,
1299,tx,1999250,0,1,RUNNING,,,,,,,,,,,,,,
1300,tx,1999331,0,1,RUNNING,,,,,,,,,,,,,,
1301,rx,1999506,73357963,0,RUNNING,357,-64,8,,,,,,,,,,,
1302,tx,1999506,0,1,RUNNING,,,,,,,,,,,,,,
1303,stats,1999506,8290,0,RUNNING,,-49,-128,353,356,1,0,0,0,0,356,0,0,
1304,tx,1999526,0,1,RUNNING,,,,,,,,,,,,,,
1305,tx,1999586,0,1,RUNNING,,,,,,,,,,,,,,
1306,tx,1999627,0,1,RUNNING,,,,,,,,,,,,,,
1307,rx,1999761,73558012,0,RUNNING,358,-64,7,,,,,,,,,,,
1308,tx,1999761,0,1,RUNNING,,,,,,,,,,,,,,
1309,tx,1999781,0,1,RUNNING,,,,,,,,,,,,,,
1310,rx,1999841,73758012,0,RUNNING,359,-64,9,,,,,,,,,,,
1311,tx,1999841,0,1,RUNNING,,,,,,,,,,,,,,
1312,tx,2000015,0,1,RUNNING,,,,,,,,,,,,,,
1313,rx,2000035,73957980,0,RUNNING,360,-64,9,,,,,,,,,,,
1314,tx,2000035,0,1,RUNNING,,,,,,,,,,,,,,
1315,tx,2000136,0,1,RUNNING,,,,,,,,,,,,,,
1316,rx,2000271,74157997,0,RUNNING,361,-64,8,,,,,,,,,,,
1317,tx,2000271,0,1,RUNNING,,,,,,,,,,,,,,
1318,tx,2000332,0,1,RUNNING,,,,,,,,,,,,,,
1319,tx,2000392,0,1,RUNNING,,,,,,,,,,,,,,
1320,rx,2000529,74358011,0,RUNNING,362,-65,8,,,,,,,,,,,
1321,tx,2000529,0,1,RUNNING,,,,,,,,,,,,,,
1322,stats,2000529,8271,0,RUNNING,,16,70,358,361,1,0,0,0,0,361,0,0,
1323,tx,2000589,0,1,RUNNING,,,,,,,,,,,,,,
1324,tx,2000630,0,1,RUNNING,,,,,,,,,,,,,,
1325,rx,2000650,74558010,0,RUNNING,363,-64,8,,,,,,,,,,,
1326,tx,2000650,0,1,RUNNING,,,,,,,,,,,,,,
1327,tx,2000784,0,1,RUNNING,,,,,,,,,,,,,,
1328,rx,2000844,74758010,0,RUNNING,364,-65,7,,,,,,,,,,,
1329,tx,2000844,0,1,RUNNING,,,,,,,,,,,,,,
1330,rx,2001038,74958008,0,RUNNING,365,-64,8,,,,,,,,,,,
1331,tx,2001038,0,1,RUNNING,,,,,,,,,,,,,,
1332,tx,2001138,0,1,RUNNING,,,,,,,,,,,,,,
1333,rx,2001293,75157990,0,RUNNING,366,-65,7,,,,,,,,,,,
1334,tx,2001293,0,1,RUNNING,,,,,,,,,,,,,,
1335,tx,2001333,0,1,RUNNING,,,,,,,,,,,,,,
1336,tx,2001394,0,1,RUNNING,,,,,,,,,,,,,,
1337,rx,2001549,75357960,0,RUNNING,367,-64,7,,,,,,,,,,,
1338,tx,2001549,0,1,RUNNING,,,,,,,,,,,,,,
1339,stats,2001549,8273,0,RUNNING,,-39,-128,363,366,1,0,0,0,0,366,0,0,
1340,tx,2001589,0,1,RUNNING,,,,,,,,,,,,,,
1341,tx,2001630,0,1,RUNNING,,,,,,,,,,,,,,
1342,rx,2001650,75558009,0,RUNNING,368,-64,8,,,,,,,,,,,
1343,tx,2001650,0,1,RUNNING,,,,,,,,,,,,,,
1344,tx,2001804,0,1,RUNNING,,,,,,,,,,,,,,
1345,rx,2001844,75758008,0,RUNNING,369,-64,7,,,,,,,,,,,
1346,tx,2001844,0,1,RUNNING,,,,,,,,,,,,,,
1347,rx,2002059,75958007,0,RUNNING,370,-64,8,,,,,,,,,,,
1348,tx,2002059,0,1,RUNNING,,,,,,,,,,,,,,
1349,tx,2002139,0,1,RUNNING,,,,,,,,,,,,,,
1350,tx,2002179,0,1,RUNNING,,,,,,,,,,,,,,
1351,rx,2002313,76158007,0,RUNNING,371,-64,8,,,,,,,,,,,
1352,tx,2002313,0,1,RUNNING,,,,,,,,,,,,,,
1353,tx,2002333,0,1,RUNNING,,,,,,,,,,,,,,
1354,tx,2002393,0,1,RUNNING,,,,,,,,,,,,,,
1355,tx,2002434,0,1,RUNNING,,,,,,,,,,,,,,
1356,rx,2002567,76358008,0,RUNNING,372,-64,8,,,,,,,,,,,
1357,tx,2002567,0,1,RUNNING,,,,,,,,,,,,,,
1358,stats,2002567,8289,0,RUNNING,,3,5,368,371,1,0,0,0,0,371,0,0,
1359,tx,2002587,0,1,RUNNING,,,,,,,,,,,,,,
1360,tx,2002628,0,1,RUNNING,,,,,,,,,,,,,,
1361,rx,2002648,76558007,0,RUNNING,373,-65,8,,,,,,,,,,,
1362,tx,2002648,0,1,RUNNING,,,,,,,,,,,,,,
1363,tx,2002822,0,1,RUNNING,,,,,,,,,,,,,,
1364,rx,2002842,76758007,0,RUNNING,374,-64,8,,,,,,,,,,,
1365,tx,2002842,0,1,RUNNING,,,,,,,,,,,,,,
1366,tx,2002942,0,1,RUNNING,,,,,,,,,,,,,,
1367,rx,2003076,76957997,0,RUNNING,375,-65,7,,,,,,,,,,,
1368,tx,2003076,0,1,RUNNING,,,,,,,,,,,,,,
1369,tx,2003136,0,1,RUNNING,,,,,,,,,,,,,,
1370,tx,2003176,0,1,RUNNING,,,,,,,,,,,,,,
1371,rx,2003330,77158006,0,RUNNING,376,-64,7,,,,,,,,,,,
1372,tx,2003330,0,1,RUNNING,,,,,,,,,,,,,,
1373,tx,2003390,0,1,RUNNING,,,,,,,,,,,,,,
1374,tx,2003430,0,1,RUNNING,,,,,,,,,,,,,,
1375,rx,2003451,77358005,0,RUNNING,377,-64,7,,,,,,,,,,,
1376,tx,2003451,0,1,RUNNING,,,,,,,,,,,,,,
1377,tx,2003587,0,1,RUNNING,,,,,,,,,,,,,,
1378,stats,2003587,8296,0,RUNNING,,1,-5,373,376,1,0,0,0,0,376,0,0,
1379,tx,2003627,0,1,RUNNING,,,,,,,,,,,,,,
1380,rx,2003647,77558006,0,RUNNING,378,-64,8,,,,,,,,,,,
1381,tx,2003647,0,1,RUNNING,,,,,,,,,,,,,,
1382,rx,2003841,77758002,0,RUNNING,379,-65,8,,,,,,,,,,,
1383,tx,2003841,0,1,RUNNING,,,,,,,,,,,,,,
1384,tx,2003941,0,1,RUNNING,,,,,,,,,,,,,,
1385,rx,2004095,77958003,0,RUNNING,380,-65,8,,,,,,,,,,,
1386,tx,2004095,0,1,RUNNING,,,,,,,,,,,,,,
1387,tx,2004135,0,1,RUNNING,,,,,,,,,,,,,,
1388,tx,2004196,0,1,RUNNING,,,,,,,,,,,,,,
1389,rx,2004350,78158003,0,RUNNING,381,-65,8,,,,,,,,,,,
1390,tx,2004350,0,1,RUNNING,,,,,,,,,,,,,,
1391,tx,2004390,0,1,RUNNING,,,,,,,,,,,,,,
1392,tx,2004430,0,1,RUNNING,,,,,,,,,,,,,,
1393,rx,2004450,78358004,0,RUNNING,382,-64,8,,,,,,,,,,,
1394,tx,2004450,0,1,RUNNING,,,,,,,,,,,,,,
1395,tx,2004604,0,1,RUNNING,,,,,,,,,,,,,,
1396,stats,2004604,8290,0,RUNNING,,0,5,378,381,1,0,0,0,0,381,0,0,
1397,rx,2004644,78558000,0,RUNNING,383,-64,8,,,,,,,,,,,
1398,tx,2004644,0,1,RUNNING,,,,,,,,,,,,,,
1399,rx,2004858,78758003,0,RUNNING,384,-65,7,,,,,,,,,,,
1400,tx,2004858,0,1,RUNNING,,,,,,,,,,,,,,
1401,tx,2004939,0,1,RUNNING,,,,,,,,,,,,,,
1402,tx,2004979,0,1,RUNNING,,,,,,,,,,,,,,
1403,rx,2005114,78957953,0,RUNNING,385,-65,8,,,,,,,,,,,
1404,tx,2005114,0,1,RUNNING,,,,,,,,,,,,,,
1405,tx,2005134,0,1,RUNNING,,,,,,,,,,,,,,
1406,tx,2005195,0,1,RUNNING,,,,,,,,,,,,,,
1407,rx,2005235,79158002,0,RUNNING,386,-64,7,,,,,,,,,,,
1408,tx,2005235,0,1,RUNNING,,,,,,,,,,,,,,
1409,tx,2005375,0,1,RUNNING,,,,,,,,,,,,,,
1410,tx,2005395,0,1,RUNNING,,,,,,,,,,,,,,
1411,rx,2005436,79358000,0,RUNNING,387,-65,8,,,,,,,,,,,
1412,tx,2005436,0,1,RUNNING,,,,,,,,,,,,,,
1413,tx,2005630,0,1,RUNNING,,,,,,,,,,,,,,
1414,stats,2005630,8290,0,RUNNING,,10,-10,383,386,1,0,0,0,0,386,0,0,
1415,rx,2005650,79557969,0,RUNNING,388,-64,8,,,,,,,,,,,
1416,tx,2005650,0,1,RUNNING,,,,,,,,,,,,,,
1417,tx,2005731,0,1,RUNNING,,,,,,,,,,,,,,
1418,rx,2005885,79758001,0,RUNNING,389,-64,8,,,,,,,,,,,
1419,tx,2005885,0,1,RUNNING,,,,,,,,,,,,,,
1420,tx,2005946,0,1,RUNNING,,,,,,,,,,,,,,
1421,tx,2005986,0,1,RUNNING,,,,,,,,,,,,,,
1422,rx,2006140,79958000,0,RUNNING,390,-65,7,,,,,,,,,,,
1423,tx,2006140,0,1,RUNNING,,,,,,,,,,,,,,
1424,tx,2006180,0,1,RUNNING,,,,,,,,,,,,,,
1425,rx,2006240,80158000,0,RUNNING,391,-64,8,,,,,,,,,,,
1426,tx,2006240,0,1,RUNNING,,,,,,,,,,,,,,
1427,tx,2006394,0,1,RUNNING,,,,,,,,,,,,,,
1428,tx,2006434,0,1,RUNNING,,,,,,,,,,,,,,
1429,rx,2006455,80357998,0,RUNNING,392,-64,7,,,,,,,,,,,
1430,tx,2006455,0,1,RUNNING,,,,,,,,,,,,,,
1431,rx,2006649,80557996,0,RUNNING,393,-64,9,,,,,,,,,,,
1432,tx,2006649,0,1,RUNNING,,,,,,,,,,,,,,
1433,stats,2006649,7731,0,RUNNING,,-1,-10,388,392,1,0,0,0,0,392,0,0,
1434,tx,2006729,0,1,RUNNING,,,,,,,,,,,,,,
1435,rx,2006905,80757977,0,RUNNING,394,-64,8,,,,,,,,,,,
1436,tx,2006905,0,1,RUNNING,,,,,,,,,,,,,,
1437,tx,2006945,0,1,RUNNING,,,,,,,,,,,,,,
1438,tx,2006985,0,1,RUNNING,,,,,,,,,,,,,,
1439,rx,2007160,80957999,0,RUNNING,395,-65,8,,,,,,,,,,,
1440,tx,2007160,0,1,RUNNING,,,,,,,,,,,,,,
1441,tx,2007180,0,1,RUNNING,,,,,,,,,,,,,,
1442,rx,2007240,81157999,0,RUNNING,396,-64,8,,,,,,,,,,,
1443,tx,2007240,0,1,RUNNING,,,,,,,,,,,,,,
1444,tx,2007414,0,1,RUNNING,,,,,,,,,,,,,,
1445,tx,2007434,0,1,RUNNING,,,,,,,,,,,,,,
1446,rx,2007455,81357997,0,RUNNING,397,-65,7,,,,,,,,,,,
1447,tx,2007455,0,1,RUNNING,,,,,,,,,,,,,,
1448,tx,2007535,0,1,RUNNING,,,,,,,,,,,,,,
1449,rx,2007669,81557940,0,RUNNING,398,-64,9,,,,,,,,,,,
1450,tx,2007669,0,1,RUNNING,,,,,,,,,,,,,,
1451,stats,2007669,7676,0,RUNNING,,-56,-128,393,397,1,0,0,0,0,397,0,0,
1452,tx,2007730,0,1,RUNNING,,,,,,,,,,,,,,
1453,tx,2007790,0,1,RUNNING,,,,,,,,,,,,,,
1454,rx,2007925,81757996,0,RUNNING,399,-64,8,,,,,,,,,,,
1455,tx,2007925,0,1,RUNNING,,,,,,,,,,,,,,
1456,tx,2007945,0,1,RUNNING,,,,,,,,,,,,,,
1457,tx,2007985,0,1,RUNNING,,,,,,,,,,,,,,
1458,rx,2008045,81957997,0,RUNNING,400,-63,7,,,,,,,,,,,
1459,tx,2008045,0,1,RUNNING,,,,,,,,,,,,,,
1460,tx,2008179,0,1,RUNNING,,,,,,,,,,,,,,
1461,rx,2008240,82157997,0,RUNNING,401,-65,8,,,,,,,,,,,
1462,tx,2008240,0,1,RUNNING,,,,,,,,,,,,,,
1463,tx,2008433,0,1,RUNNING,,,,,,,,,,,,,,
1464,rx,2008454,82357997,0,RUNNING,402,-64,7,,,,,,,,,,,
1465,tx,2008454,0,1,RUNNING,,,,,,,,,,,,,,
1466,tx,2008534,0,1,RUNNING,,,,,,,,,,,,,,
1467,rx,2008688,82557992,0,RUNNING,403,-65,8,,,,,,,,,,,
1468,tx,2008688,0,1,RUNNING,,,,,,,,,,,,,,
1469,stats,2008688,8288,0,RUNNING,,-3,-25,399,402,1,0,0,0,0,402,0,0,
1470,tx,2008729,0,1,RUNNING,,,,,,,,,,,,,,
1471,tx,2008789,0,1,RUNNING,,,,,,,,,,,,,,
1472,rx,2008944,82757982,0,RUNNING,404,-65,8,,,,,,,,,,,
1473,tx,2008944,0,1,RUNNING,,,,,,,,,,,,,,
1474,tx,2008984,0,1,RUNNING,,,,,,,,,,,,,,
1475,rx,2009044,82957994,0,RUNNING,405,-65,7,,,,,,,,,,,
1476,tx,2009044,0,1,RUNNING,,,,,,,,,,,,,,
1477,tx,2009199,0,1,RUNNING,,,,,,,,,,,,,,
1478,rx,2009239,83157994,0,RUNNING,406,-64,7,,,,,,,,,,,
1479,tx,2009239,0,1,RUNNING,,,,,,,,,,,,,,
1480,rx,2009453,83357992,0,RUNNING,407,-64,7,,,,,,,,,,,
1481,tx,2009453,0,1,RUNNING,,,,,,,,,,,,,,
1482,tx,2009533,0,1,RUNNING,,,,,,,,,,,,,,
1483,rx,2009708,83557980,0,RUNNING,408,-64,8,,,,,,,,,,,
1484,tx,2009708,0,1,RUNNING,,,,,,,,,,,,,,
1485,stats,2009708,8290,0,RUNNING,,-12,-60,404,407,1,0,0,0,0,407,0,0,
1486,tx,2009728,0,1,RUNNING,,,,,,,,,,,,,,
1487,tx,2009789,0,1,RUNNING,,,,,,,,,,,,,,
1488,tx,2009829,0,1,RUNNING,,,,,,,,,,,,,,
1489,rx,2009963,83757993,0,RUNNING,409,-65,8,,,,,,,,,,,
1490,tx,2009963,0,1,RUNNING,,,,,,,,,,,,,,
1491,tx,2009983,0,1,RUNNING,,,,,,,,,,,,,,
1492,rx,2010043,83957980,0,RUNNING,410,-64,8,,,,,,,,,,,
1493,tx,2010043,0,1,RUNNING,,,,,,,,,,,,,,
1494,tx,2010218,0,1,RUNNING,,,,,,,,,,,,,,
1495,rx,2010238,84157991,0,RUNNING,411,-64,8,,,,,,,,,,,
1496,tx,2010238,0,1,RUNNING,,,,,,,,,,,,,,
1497,tx,2010338,0,1,RUNNING,,,,,,,,,,,,,,
1498,rx,2010472,84357993,0,RUNNING,412,-65,8,,,,,,,,,,,
1499,tx,2010472,0,1,RUNNING,,,,,,,,,,,,,,
1500,tx,2010533,0,1,RUNNING,,,,,,,,,,,,,,
1501,tx,2010593,0,1,RUNNING,,,,,,,,,,,,,,
1502,rx,2010728,84557942,0,RUNNING,413,-64,8,,,,,,,,,,,
1503,tx,2010728,0,1,RUNNING,,,,,,,,,,,,,,
1504,stats,2010728,8275,0,RUNNING,,-48,-128,409,412,1,0,0,0,0,412,0,0,
1505,tx,2010788,0,1,RUNNING,,,,,,,,,,,,,,
1506,tx,2010828,0,1,RUNNING,,,,,,,,,,,,,,
1507,rx,2010849,84757992,0,RUNNING,414,-64,7,,,,,,,,,,,
1508,tx,2010849,0,1,RUNNING,,,,,,,,,,,,,,
1509,tx,2010983,0,1,RUNNING,,,,,,,,,,,,,,
1510,rx,2011043,84957991,0,RUNNING,415,-65,8,,,,,,,,,,,
1511,tx,2011043,0,1,RUNNING,,,,,,,,,,,,,,
1512,rx,2011237,85157960,0,RUNNING,416,-64,8,,,,,,,,,,,
1513,tx,2011237,0,1,RUNNING,,,,,,,,,,,,,,
1514,tx,2011338,0,1,RUNNING,,,,,,,,,,,,,,
1515,rx,2011492,85357975,0,RUNNING,417,-64,8,,,,,,,,,,,
1516,tx,2011492,0,1,RUNNING,,,,,,,,,,,,,,
1517,tx,2011532,0,1,RUNNING,,,,,,,,,,,,,,
1518,tx,2011593,0,1,RUNNING,,,,,,,,,,,,,,
1519,rx,2011747,85557988,0,RUNNING,418,-65,8,,,,,,,,,,,
1520,tx,2011747,0,1,RUNNING,,,,,,,,,,,,,,
1521,stats,2011747,8276,0,RUNNING,,14,65,414,417,1,0,0,0,0,417,0,0,
1522,tx,2011787,0,1,RUNNING,,,,,,,,,,,,,,
1523,tx,2011827,0,1,RUNNING,,,,,,,,,,,,,,
1524,rx,2011848,85757990,0,RUNNING,419,-64,8,,,,,,,,,,,
1525,tx,2011848,0,1,RUNNING,,,,,,,,,,,,,,
1526,tx,2012001,0,1,RUNNING,,,,,,,,,,,,,,
1527,rx,2012041,85957989,0,RUNNING,420,-64,8,,,,,,,,,,,
1528,tx,2012041,0,1,RUNNING,,,,,,,,,,,,,,
1529,rx,2012256,86157988,0,RUNNING,421,-65,8,,,,,,,,,,,
1530,tx,2012256,0,1,RUNNING,,,,,,,,,,,,,,
1531,tx,2012336,0,1,RUNNING,,,,,,,,,,,,,,
1532,tx,2012376,0,1,RUNNING,,,,,,,,,,,,,,
1533,rx,2012511,86357975,0,RUNNING,422,-65,8,,,,,,,,,,,
1534,tx,2012511,0,1,RUNNING,,,,,,,,,,,,,,
1535,tx,2012531,0,1,RUNNING,,,,,,,,,,,,,,
1536,tx,2012592,0,1,RUNNING,,,,,,,,,,,,,,
1537,tx,2012632,0,1,RUNNING,,,,,,,,,,,,,,
1538,rx,2012767,86557928,0,RUNNING,423,-64,8,,,,,,,,,,,
1539,tx,2012767,0,1,RUNNING,,,,,,,,,,,,,,
1540,stats,2012767,8288,0,RUNNING,,-53,-128,419,422,1,0,0,0,0,422,0,0,
1541,tx,2012787,0,1,RUNNING,,,,,,,,,,,,,,
1542,tx,2012827,0,1,RUNNING,,,,,,,,,,,,,,
1543,rx,2012847,86757988,0,RUNNING,424,-64,7,,,,,,,,,,,
1544,tx,2012847,0,1,RUNNING,,,,,,,,,,,,,,
1545,tx,2013021,0,1,RUNNING,,,,,,,,,,,,,,
1546,rx,2013042,86957987,0,RUNNING,425,-64,8,,,,,,,,,,,
1547,tx,2013042,0,1,RUNNING,,,,,,,,,,,,,,
1548,tx,2013142,0,1,RUNNING,,,,,,,,,,,,,,
1549,rx,2013276,87157987,0,RUNNING,426,-65,8,,,,,,,,,,,
1550,tx,2013276,0,1,RUNNING,,,,,,,,,,,,,,
1551,tx,2013336,0,1,RUNNING,,,,,,,,,,,,,,
1552,tx,2013377,0,1,RUNNING,,,,,,,,,,,,,,
1553,rx,2013530,87357987,0,RUNNING,427,-64,7,,,,,,,,,,,
1554,tx,2013530,0,1,RUNNING,,,,,,,,,,,,,,
1555,tx,2013590,0,1,RUNNING,,,,,,,,,,,,,,
1556,tx,2013631,0,1,RUNNING,,,,,,,,,,,,,,
1557,rx,2013651,87557986,0,RUNNING,428,-64,7,,,,,,,,,,,
1558,tx,2013651,0,1,RUNNING,,,,,,,,,,,,,,
1559,tx,2013785,0,1,RUNNING,,,,,,,,,,,,,,
1560,stats,2013785,8289,0,RUNNING,,1,-5,424,427,1,0,0,0,0,427,0,0,
1561,rx,2013845,87757985,0,RUNNING,429,-65,7,,,,,,,,,,,
1562,tx,2013845,0,1,RUNNING,,,,,,,,,,,,,,
1563,rx,2014039,87957987,0,RUNNING,430,-64,8,,,,,,,,,,,
1564,tx,2014039,0,1,RUNNING,,,,,,,,,,,,,,
1565,tx,2014140,0,1,RUNNING,,,,,,,,,,,,,,
1566,rx,2014295,88157976,0,RUNNING,431,-64,7,,,,,,,,,,,
1567,tx,2014295,0,1,RUNNING,,,,,,,,,,,,,,
1568,tx,2014335,0,1,RUNNING,,,,,,,,,,,,,,
1569,tx,2014395,0,1,RUNNING,,,,,,,,,,,,,,
1570,rx,2014549,88357984,0,RUNNING,432,-64,8,,,,,,,,,,,
1571,tx,2014549,0,1,RUNNING,,,,,,,,,,,,,,
1572,tx,2014589,0,1,RUNNING,,,,,,,,,,,,,,
1573,tx,2014630,0,1,RUNNING,,,,,,,,,,,,,,
1574,rx,2014650,88557984,0,RUNNING,433,-64,8,,,,,,,,,,,
1575,tx,2014650,0,1,RUNNING,,,,,,,,,,,,,,
1576,tx,2014803,0,1,RUNNING,,,,,,,,,,,,,,
1577,stats,2014803,8291,0,RUNNING,,2,0,429,432,1,0,0,0,0,432,0,0,
1578,rx,2014843,88757982,0,RUNNING,434,-64,9,,,,,,,,,,,
1579,tx,2014843,0,1,RUNNING,,,,,,,,,,,,,,
1580,rx,2015058,88957982,0,RUNNING,435,-65,8,,,,,,,,,,,
1581,tx,2015058,0,1,RUNNING,,,,,,,,,,,,,,
1582,tx,2015138,0,1,RUNNING,,,,,,,,,,,,,,
1583,tx,2015179,0,1,RUNNING,,,,,,,,,,,,,,
1584,rx,2015315,89157983,0,RUNNING,436,-64,8,,,,,,,,,,,
1585,tx,2015315,0,1,RUNNING,,,,,,,,,,,,,,
1586,tx,2015335,0,1,RUNNING,,,,,,,,,,,,,,
1587,tx,2015395,0,1,RUNNING,,,,,,,,,,,,,,
1588,rx,2015435,89357982,0,RUNNING,437,-65,7,,,,,,,,,,,
1589,tx,2015435,0,1,RUNNING,,,,,,,,,,,,,,
1590,tx,2015569,0,1,RUNNING,,,,,,,,,,,,,,
1591,tx,2015590,0,1,RUNNING,,,,,,,,,,,,,,
1592,tx,2015630,0,1,RUNNING,,,,,,,,,,,,,,
1593,rx,2015650,89557983,0,RUNNING,438,-64,7,,,,,,,,,,,
1594,tx,2015650,0,1,RUNNING,,,,,,,,,,,,,,
1595,tx,2015824,0,1,RUNNING,,,,,,,,,,,,,,
1596,stats,2015824,8289,0,RUNNING,,0,5,434,437,1,0,0,0,0,437,0,0,
1597,rx,2015844,89757981,0,RUNNING,439,-64,8,,,,,,,,,,,
1598,tx,2015844,0,1,RUNNING,,,,,,,,,,,,,,
1599,tx,2015945,0,1,RUNNING,,,,,,,,,,,,,,
1600,rx,2016081,89957979,0,RUNNING,440,-64,8,,,,,,,,,,,
1601,tx,2016081,0,1,RUNNING,,,,,,,,,,,,,,
1602,tx,2016142,0,1,RUNNING,,,,,,,,,,,,,,
1603,tx,2016182,0,1,RUNNING,,,,,,,,,,,,,,
1604,rx,2016337,90157932,0,RUNNING,441,-64,8,,,,,,,,,,,
1605,tx,2016337,0,1,RUNNING,,,,,,,,,,,,,,
1606,tx,2016377,0,1,RUNNING,,,,,,,,,,,,,,
1607,rx,2016437,90357980,0,RUNNING,442,-64,7,,,,,,,,,,,
1608,tx,2016437,0,1,RUNNING,,,,,,,,,,,,,,
1609,tx,2016592,0,1,RUNNING,,,,,,,,,,,,,,
1610,tx,2016632,0,1,RUNNING,,,,,,,,,,,,,,
1611,rx,2016652,90557981,0,RUNNING,443,-65,7,,,,,,,,,,,
1612,tx,2016652,0,1,RUNNING,,,,,,,,,,,,,,
1613,rx,2016846,90757949,0,RUNNING,444,-64,8,,,,,,,,,,,
1614,tx,2016846,0,1,RUNNING,,,,,,,,,,,,,,
1615,stats,2016846,7707,0,RUNNING,,-25,-128,439,443,1,0,0,0,0,443,0,0,
1616,tx,2016927,0,1,RUNNING,,,,,,,,,,,,,,
1617,rx,2017101,90957978,0,RUNNING,445,-64,8,,,,,,,,,,,
1618,tx,2017101,0,1,RUNNING,,,,,,,,,,,,,,
1619,tx,2017141,0,1,RUNNING,,,,,,,,,,,,,,
1620,tx,2017181,0,1,RUNNING,,,,,,,,,,,,,,
1621,rx,2017356,91157966,0,RUNNING,446,-64,8,,,,,,,,,,,
1622,tx,2017356,0,1,RUNNING,,,,,,,,,,,,,,
1623,tx,2017377,0,1,RUNNING,,,,,,,,,,,,,,
1624,rx,2017437,91357980,0,RUNNING,447,-64,8,,,,,,,,,,,
1625,tx,2017437,0,1,RUNNING,,,,,,,,,,,,,,
1626,tx,2017611,0,1,RUNNING,,,,,,,,,,,,,,
1627,tx,2017631,0,1,RUNNING,,,,,,,,,,,,,,
1628,rx,2017651,91557980,0,RUNNING,448,-65,8,,,,,,,,,,,
1629,tx,2017651,0,1,RUNNING,,,,,,,,,,,,,,
1630,tx,2017732,0,1,RUNNING,,,,,,,,,,,,,,
1631,rx,2017865,91757963,0,RUNNING,449,-65,8,,,,,,,,,,,
1632,tx,2017865,0,1,RUNNING,,,,,,,,,,,,,,
1633,stats,2017865,7718,0,RUNNING,,-14,-85,444,448,1,0,0,0,0,448,0,0,
1634,tx,2017946,0,1,RUNNING,,,,,,,,,,,,,,
1635,tx,2017986,0,1,RUNNING,,,,,,,,,,,,,,
1636,rx,2018121,91957942,0,RUNNING,450,-64,8,,,,,,,,,,,
1637,tx,2018121,0,1,RUNNING,,,,,,,,,,,,,,
1638,tx,2018141,0,1,RUNNING,,,,,,,,,,,,,,
1639,tx,2018181,0,1,RUNNING,,,,,,,,,,,,,,
1640,rx,2018242,92157977,0,RUNNING,451,-65,8,,,,,,,,,,,
1641,tx,2018242,0,1,RUNNING,,,,,,,,,,,,,,
1642,tx,2018376,0,1,RUNNING,,,,,,,,,,,,,,
1643,rx,2018437,92357976,0,RUNNING,452,-64,8,,,,,,,,,,,
1644,tx,2018437,0,1,RUNNING,,,,,,,,,,,,,,
1645,tx,2018631,0,1,RUNNING,,,,,,,,,,,,,,
1646,rx,2018651,92557978,0,RUNNING,453,-64,8,,,,,,,,,,,
1647,tx,2018651,0,1,RUNNING,,,,,,,,,,,,,,
1648,tx,2018731,0,1,RUNNING,,,,,,,,,,,,,,
1649,rx,2018886,92757929,0,RUNNING,454,-64,8,,,,,,,,,,,
1650,tx,2018886,0,1,RUNNING,,,,,,,,,,,,,,
1651,stats,2018886,8288,0,RUNNING,,-45,-128,450,453,1,0,0,0,0,453,0,0,
1652,tx,2018927,0,1,RUNNING,,,,,,,,,,,,,,
1653,tx,2018987,0,1,RUNNING,,,,,,,,,,,,,,
1654,rx,2019141,92957975,0,RUNNING,455,-64,8,,,,,,,,,,,
1655,tx,2019141,0,1,RUNNING,,,,,,,,,,,,,,
1656,tx,2019181,0,1,RUNNING,,,,,,,,,,,,,,
1657,rx,2019242,93157976,0,RUNNING,456,-64,8,,,,,,,,,,,
1658,tx,2019242,0,1,RUNNING,,,,,,,,,,,,,,
1659,tx,2019396,0,1,RUNNING,,,,,,,,,,,,,,
1660,rx,2019436,93357976,0,RUNNING,457,-64,8,,,,,,,,,,,
1661,tx,2019436,0,1,RUNNING,,,,,,,,,,,,,,
1662,rx,2019650,93557976,0,RUNNING,458,-64,7,,,,,,,,,,,
1663,tx,2019650,0,1,RUNNING,,,,,,,,,,,,,,
1664,tx,2019730,0,1,RUNNING,,,,,,,,,,,,,,
1665,rx,2019906,93757953,0,RUNNING,459,-64,8,,,,,,,,,,,
1666,tx,2019906,0,1,RUNNING,,,,,,,,,,,,,,
1667,stats,2019906,8277,0,RUNNING,,-21,-115,455,458,1,0,0,0,0,458,0,0,
1668,tx,2019946,0,1,RUNNING,,,,,,,,,,,,,,
1669,tx,2019986,0,1,RUNNING,,,,,,,,,,,,,,
1670,tx,2020027,0,1,RUNNING,,,,,,,,,,,,,,
1671,rx,2020161,93957974,0,RUNNING,460,-64,8,,,,,,,,,,,
1672,tx,2020161,0,1,RUNNING,,,,,,,,,,,,,,
1673,tx,2020181,0,1,RUNNING,,,,,,,,,,,,,,
1674,rx,2020241,94157974,0,RUNNING,461,-65,7,,,,,,,,,,,
1675,tx,2020241,0,1,RUNNING,,,,,,,,,,,,,,
1676,tx,2020415,0,1,RUNNING,,,,,,,,,,,,,,
1677,rx,2020435,94357973,0,RUNNING,462,-65,8,,,,,,,,,,,
1678,tx,2020435,0,1,RUNNING,,,,,,,,,,,,,,
1679,tx,2020535,0,1,RUNNING,,,,,,,,,,,,,,
1680,rx,2020672,94557959,0,RUNNING,463,-65,8,,,,,,,,,,,
1681,tx,2020672,0,1,RUNNING,,,,,,,,,,,,,,
1682,tx,2020732,0,1,RUNNING,,,,,,,,,,,,,,
1683,tx,2020793,0,1,RUNNING,,,,,,,,,,,,,,
1684,rx,2020926,94757972,0,RUNNING,464,-65,8,,,,,,,,,,,
1685,tx,2020926,0,1,RUNNING,,,,,,,,,,,,,,
1686,stats,2020926,8289,0,RUNNING,,6,65,460,463,1,0,0,0,0,463,0,0,
1687,tx,2020987,0,1,RUNNING,,,,,,,,,,,,,,
1688,tx,2021027,0,1,RUNNING,,,,,,,,,,,,,,
1689,rx,2021047,94957973,0,RUNNING,465,-65,7,,,,,,,,,,,
1690,tx,2021047,0,1,RUNNING,,,,,,,,,,,,,,
1691,tx,2021180,0,1,RUNNING,,,,,,,,,,,,,,
1692,rx,2021241,95157971,0,RUNNING,466,-65,8,,,,,,,,,,,
1693,tx,2021241,0,1,RUNNING,,,,,,,,,,,,,,
1694,rx,2021435,95357970,0,RUNNING,467,-64,8,,,,,,,,,,,
1695,tx,2021435,0,1,RUNNING,,,,,,,,,,,,,,
1696,tx,2021536,0,1,RUNNING,,,,,,,,,,,,,,
1697,rx,2021689,95557971,0,RUNNING,468,-65,7,,,,,,,,,,,
1698,tx,2021689,0,1,RUNNING,,,,,,,,,,,,,,
1699,tx,2021730,0,1,RUNNING,,,,,,,,,,,,,,
1700,tx,2021790,0,1,RUNNING,,,,,,,,,,,,,,
1701,rx,2021945,95757909,0,RUNNING,469,-64,7,,,,,,,,,,,
1702,tx,2021945,0,1,RUNNING,,,,,,,,,,,,,,
1703,stats,2021945,8248,0,RUNNING,,-62,-128,465,468,1,0,0,0,0,468,0,0,
1704,tx,2021985,0,1,RUNNING,,,,,,,,,,,,,,
1705,rx,2022046,95957971,0,RUNNING,470,-64,8,,,,,,,,,,,
1706,tx,2022046,0,1,RUNNING,,,,,,,,,,,,,,
1707,tx,2022200,0,1,RUNNING,,,,,,,,,,,,,,
1708,rx,2022241,96157969,0,RUNNING,471,-65,8,,,,,,,,,,,
1709,tx,2022241,0,1,RUNNING,,,,,,,,,,,,,,
1710,rx,2022455,96357944,0,RUNNING,472,-64,7,,,,,,,,,,,
1711,tx,2022456,0,1,RUNNING,,,,,,,,,,,,,,
1712,tx,2022536,0,1,RUNNING,,,,,,,,,,,,,,
1713,tx,2022576,0,1,RUNNING,,,,,,,,,,,,,,
1714,rx,2022710,96557953,0,RUNNING,473,-64,7,,,,,,,,,,,
1715,tx,2022710,0,1,RUNNING,,,,,,,,,,,,,,
1716,tx,2022730,0,1,RUNNING,,,,,,,,,,,,,,
1717,tx,2022791,0,1,RUNNING,,,,,,,,,,,,,,
1718,tx,2022831,0,1,RUNNING,,,,,,,,,,,,,,
1719,rx,2022965,96757969,0,RUNNING,474,-65,8,,,,,,,,,,,
1720,tx,2022965,0,1,RUNNING,,,,,,,,,,,,,,
1721,stats,2022965,8288,0,RUNNING,,16,80,470,473,1,0,0,0,0,473,0,0,
1722,tx,2022985,0,1,RUNNING,,,,,,,,,,,,,,
1723,rx,2023045,96957968,0,RUNNING,475,-64,8,,,,,,,,,,,
1724,tx,2023045,0,1,RUNNING,,,,,,,,,,,,,,
1725,tx,2023219,0,1,RUNNING,,,,,,,,,,,,,,
1726,rx,2023239,97157968,0,RUNNING,476,-65,7,,,,,,,,,,,
1727,tx,2023239,0,1,RUNNING,,,,,,,,,,,,,,
1728,tx,2023340,0,1,RUNNING,,,,,,,,,,,,,,
1729,rx,2023474,97357954,0,RUNNING,477,-65,8,,,,,,,,,,,
1730,tx,2023474,0,1,RUNNING,,,,,,,,,,,,,,
1731,tx,2023534,0,1,RUNNING,,,,,,,,,,,,,,
1732,tx,2023594,0,1,RUNNING,,,,,,,,,,,,,,
1733,rx,2023728,97557967,0,RUNNING,478,-65,8,,,,,,,,,,,
1734,tx,2023728,0,1,RUNNING,,,,,,,,,,,,,,
1735,tx,2023788,0,1,RUNNING,,,,,,,,,,,,,,
1736,tx,2023829,0,1,RUNNING,,,,,,,,,,,,,,
1737,rx,2023849,97757919,0,RUNNING,479,-64,8,,,,,,,,,,,
1738,tx,2023849,0,1,RUNNING,,,,,,,,,,,,,,
1739,tx,2023984,0,1,RUNNING,,,,,,,,,,,,,,
1740,stats,2023984,8276,0,RUNNING,,-44,-128,475,478,1,0,0,0,0,478,0,0,
1741,rx,2024044,97957967,0,RUNNING,480,-64,8,,,,,,,,,,,
1742,tx,2024044,0,1,RUNNING,,,,,,,,,,,,,,
1743,rx,2024238,98157967,0,RUNNING,481,-65,7,,,,,,,,,,,
1744,tx,2024238,0,1,RUNNING,,,,,,,,,,,,,,
1745,tx,2024339,0,1,RUNNING,,,,,,,,,,,,,,
1746,rx,2024494,98357952,0,RUNNING,482,-63,8,,,,,,,,,,,
1747,tx,2024494,0,1,RUNNING,,,,,,,,,,,,,,
1748,tx,2024534,0,1,RUNNING,,,,,,,,,,,,,,
1749,tx,2024594,0,1,RUNNING,,,,,,,,,,,,,,
1750,rx,2024749,98557965,0,RUNNING,483,-64,8,,,,,,,,,,,
1751,tx,2024749,0,1,RUNNING,,,,,,,,,,,,,,
1752,tx,2024789,0,1,RUNNING,,,,,,,,,,,,,,
1753,tx,2024829,0,1,RUNNING,,,,,,,,,,,,,,
1754,rx,2024849,98757966,0,RUNNING,484,-64,7,,,,,,,,,,,
1755,tx,2024849,0,1,RUNNING,,,,,,,,,,,,,,
1756,tx,2025003,0,1,RUNNING,,,,,,,,,,,,,,
1757,stats,2025003,8289,0,RUNNING,,6,5,480,483,1,0,0,0,0,483,0,0,
1758,rx,2025043,98957963,0,RUNNING,485,-64,8,,,,,,,,,,,
1759,tx,2025043,0,1,RUNNING,,,,,,,,,,,,,,
1760,rx,2025257,99157965,0,RUNNING,486,-65,7,,,,,,,,,,,
1761,tx,2025257,0,1,RUNNING,,,,,,,,,,,,,,
1762,tx,2025338,0,1,RUNNING,,,,,,,,,,,,,,
1763,tx,2025378,0,1,RUNNING,,,,,,,,,,,,,,
1764,rx,2025512,99357955,0,RUNNING,487,-65,8,,,,,,,,,,,
1765,tx,2025512,0,1,RUNNING,,,,,,,,,,,,,,
1766,tx,2025533,0,1,RUNNING,,,,,,,,,,,,,,
1767,tx,2025593,0,1,RUNNING,,,,,,,,,,,,,,
1768,tx,2025633,0,1,RUNNING,,,,,,,,,,,,,,
1769,rx,2025768,99557950,0,RUNNING,488,-64,7,,,,,,,,,,,
1770,tx,2025768,0,1,RUNNING,,,,,,,,,,,,,,
1771,tx,2025788,0,1,RUNNING,,,,,,,,,,,,,,
1772,tx,2025828,0,1,RUNNING,,,,,,,,,,,,,,
1773,rx,2025848,99757963,0,RUNNING,489,-65,7,,,,,,,,,,,
1774,tx,2025849,0,1,RUNNING,,,,,,,,,,,,,,
1775,tx,2026022,0,1,RUNNING,,,,,,,,,,,,,,
1776,stats,2026022,8289,0,RUNNING,,8,65,485,488,1,0,0,0,0,488,0,0,
1777,rx,2026042,99957962,0,RUNNING,490,-65,8,,,,,,,,,,,
1778,tx,2026042,0,1,RUNNING,,,,,,,,,,,,,,
1779,tx,2026143,0,1,RUNNING,,,,,,,,,,,,,,
1780,rx,2026276,100157957,0,RUNNING,491,-65,8,,,,,,,,,,,
1781,tx,2026276,0,1,RUNNING,,,,,,,,,,,,,,
1782,tx,2026337,0,1,RUNNING,,,,,,,,,,,,,,
1783,tx,2026377,0,1,RUNNING,,,,,,,,,,,,,,
1784,rx,2026531,100357961,0,RUNNING,492,-65,7,,,,,,,,,,,
1785,tx,2026531,0,1,RUNNING,,,,,,,,,,,,,,
1786,tx,2026591,0,1,RUNNING,,,,,,,,,,,,,,
1787,tx,2026631,0,1,RUNNING,,,,,,,,,,,,,,
1788,rx,2026651,100557961,0,RUNNING,493,-65,7,,,,,,,,,,,
1789,tx,2026651,0,1,RUNNING,,,,,,,,,,,,,,
1790,tx,2026785,0,1,RUNNING,,,,,,,,,,,,,,
1791,rx,2026845,100757961,0,RUNNING,494,-64,7,,,,,,,,,,,
1792,tx,2026845,0,1,RUNNING,,,,,,,,,,,,,,
1793,rx,2027039,100957960,0,RUNNING,495,-64,8,,,,,,,,,,,
1794,tx,2027039,0,1,RUNNING,,,,,,,,,,,,,,
1795,stats,2027039,7732,0,RUNNING,,0,-5,490,494,1,0,0,0,0,494,0,0,
1796,tx,2027140,0,1,RUNNING,,,,,,,,,,,,,,
1797,rx,2027294,101157959,0,RUNNING,496,-64,8,,,,,,,,,,,
1798,tx,2027294,0,1,RUNNING,,,,,,,,,,,,,,
1799,tx,2027335,0,1,RUNNING,,,,,,,,,,,,,,
1800,tx,2027395,0,1,RUNNING,,,,,,,,,,,,,,
1801,rx,2027550,101357914,0,RUNNING,497,-64,7,,,,,,,,,,,
1802,tx,2027550,0,1,RUNNING,,,,,,,,,,,,,,
1803,tx,2027590,0,1,RUNNING,,,,,,,,,,,,,,
1804,tx,2027630,0,1,RUNNING,,,,,,,,,,,,,,
1805,rx,2027651,101557960,0,RUNNING,498,-64,8,,,,,,,,,,,
1806,tx,2027651,0,1,RUNNING,,,,,,,,,,,,,,
1807,tx,2027805,0,1,RUNNING,,,,,,,,,,,,,,
1808,rx,2027845,101757960,0,RUNNING,499,-64,8,,,,,,,,,,,
1809,tx,2027845,0,1,RUNNING,,,,,,,,,,,,,,
1810,rx,2028059,101957925,0,RUNNING,500,-65,8,,,,,,,,,,,
1811,tx,2028059,0,1,RUNNING,,,,,,,,,,,,,,
1812,stats,2028059,7703,0,RUNNING,,-29,-128,495,499,1,0,0,0,0,499,0,0,
1813,tx,2028140,0,1,RUNNING,,,,,,,,,,,,,,
1814,tx,2028180,0,1,RUNNING,,,,,,,,,,,,,,
1815,rx,2028315,102157913,0,RUNNING,501,-64,8,,,,,,,,,,,
1816,tx,2028315,0,1,RUNNING,,,,,,,,,,,,,,
1817,tx,2028335,0,1,RUNNING,,,,,,,,,,,,,,
1818,tx,2028395,0,1,RUNNING,,,,,,,,,,,,,,
1819,rx,2028435,102357958,0,RUNNING,502,-64,7,,,,,,,,,,,
1820,tx,2028436,0,1,RUNNING,,,,,,,,,,,,,,
1821,tx,2028570,0,1,RUNNING,,,,,,,,,,,,,,
1822,tx,2028590,0,1,RUNNING,,,,,,,,,,,,,,
1823,tx,2028630,0,1,RUNNING,,,,,,,,,,,,,,
1824,rx,2028650,102557959,0,RUNNING,503,-64,7,,,,,,,,,,,
1825,tx,2028650,0,1,RUNNING,,,,,,,,,,,,,,
1826,tx,2028825,0,1,RUNNING,,,,,,,,,,,,,,
1827,rx,2028845,102757958,0,RUNNING,504,-64,8,,,,,,,,,,,
1828,tx,2028845,0,1,RUNNING,,,,,,,,,,,,,,
1829,tx,2028946,0,1,RUNNING,,,,,,,,,,,,,,
1830,rx,2029080,102957956,0,RUNNING,505,-65,8,,,,,,,,,,,
1831,tx,2029080,0,1,RUNNING,,,,,,,,,,,,,,
1832,stats,2029080,7734,0,RUNNING,,2,-10,500,504,1,0,0,0,0,504,0,0,
1833,tx,2029140,0,1,RUNNING,,,,,,,,,,,,,,
1834,tx,2029180,0,1,RUNNING,,,,,,,,,,,,,,
1835,rx,2029335,103157932,0,RUNNING,506,-64,8,,,,,,,,,,,
1836,tx,2029335,0,1,RUNNING,,,,,,,,,,,,,,
1837,tx,2029396,0,1,RUNNING,,,,,,,,,,,,,,
1838,rx,2029436,103357955,0,RUNNING,507,-65,8,,,,,,,,,,,
1839,tx,2029436,0,1,RUNNING,,,,,,,,,,,,,,
1840,tx,2029591,0,1,RUNNING,,,,,,,,,,,,,,
1841,tx,2029631,0,1,RUNNING,,,,,,,,,,,,,,
1842,rx,2029651,103557956,0,RUNNING,508,-64,7,,,,,,,,,,,
1843,tx,2029651,0,1,RUNNING,,,,,,,,,,,,,,
1844,rx,2029845,103757956,0,RUNNING,509,-65,8,,,,,,,,,,,
1845,tx,2029845,0,1,RUNNING,,,,,,,,,,,,,,
1846,tx,2029945,0,1,RUNNING,,,,,,,,,,,,,,
1847,rx,2030100,103957911,0,RUNNING,510,-64,8,,,,,,,,,,,
1848,tx,2030101,0,1,RUNNING,,,,,,,,,,,,,,
1849,stats,2030101,8289,0,RUNNING,,-43,-128,506,509,1,0,0,0,0,509,0,0,
1850,tx,2030141,0,1,RUNNING,,,,,,,,,,,,,,
1851,tx,2030181,0,1,RUNNING,,,,,,,,,,,,,,
1852,rx,2030355,104157941,0,RUNNING,511,-64,8,,,,,,,,,,,
1853,tx,2030355,0,1,RUNNING,,,,,,,,,,,,,,
1854,tx,2030396,0,1,RUNNING,,,,,,,,,,,,,,
1855,rx,2030436,104357954,0,RUNNING,512,-65,7,,,,,,,,,,,
1856,tx,2030436,0,1,RUNNING,,,,,,,,,,,,,,
1857,tx,2030610,0,1,RUNNING,,,,,,,,,,,,,,
1858,tx,2030630,0,1,RUNNING,,,,,,,,,,,,,,
1859,rx,2030650,104557955,0,RUNNING,513,-64,7,,,,,,,,,,,
1860,tx,2030650,0,1,RUNNING,,,,,,,,,,,,,,
1861,tx,2030731,0,1,RUNNING,,,,,,,,,,,,,,
1862,rx,2030865,104757952,0,RUNNING,514,-65,8,,,,,,,,,,,
1863,tx,2030865,0,1,RUNNING,,,,,,,,,,,,,,
1864,tx,2030945,0,1,RUNNING,,,,,,,,,,,,,,
1865,tx,2030985,0,1,RUNNING,,,,,,,,,,,,,,
1866,rx,2031120,104957938,0,RUNNING,515,-65,7,,,,,,,,,,,
1867,tx,2031120,0,1,RUNNING,,,,,,,,,,,,,,
1868,stats,2031120,8238,0,RUNNING,,-13,-70,511,514,1,0,0,0,0,514,0,0,
1869,tx,2031140,0,1,RUNNING,,,,,,,,,,,,,,
1870,tx,2031180,0,1,RUNNING,,,,,,,,,,,,,,
1871,rx,2031241,105157953,0,RUNNING,516,-63,8,,,,,,,,,,,
1872,tx,2031241,0,1,RUNNING,,,,,,,,,,,,,,
1873,tx,2031377,0,1,RUNNING,,,,,,,,,,,,,,
1874,rx,2031437,105357951,0,RUNNING,517,-64,7,,,,,,,,,,,
1875,tx,2031437,0,1,RUNNING,,,,,,,,,,,,,,
1876,tx,2031631,0,1,RUNNING,,,,,,,,,,,,,,
1877,rx,2031651,105557953,0,RUNNING,518,-64,8,,,,,,,,,,,
1878,tx,2031652,0,1,RUNNING,,,,,,,,,,,,,,
1879,tx,2031732,0,1,RUNNING,,,,,,,,,,,,,,
1880,rx,2031887,105757937,0,RUNNING,519,-65,8,,,,,,,,,,,
1881,tx,2031887,0,1,RUNNING,,,,,,,,,,,,,,
1882,tx,2031927,0,1,RUNNING,,,,,,,,,,,,,,
1883,tx,2031988,0,1,RUNNING,,,,,,,,,,,,,,
1884,rx,2032141,105957951,0,RUNNING,520,-64,7,,,,,,,,,,,
1885,tx,2032142,0,1,RUNNING,,,,,,,,,,,,,,
1886,stats,2032142,8281,0,RUNNING,,7,70,516,519,1,0,0,0,0,519,0,0,
1887,tx,2032182,0,1,RUNNING,,,,,,,,,,,,,,
1888,rx,2032242,106157951,0,RUNNING,521,-65,8,,,,,,,,,,,
1889,tx,2032242,0,1,RUNNING,,,,,,,,,,,,,,
1890,tx,2032396,0,1,RUNNING,,,,,,,,,,,,,,
1891,rx,2032436,106357950,0,RUNNING,522,-64,8,,,,,,,,,,,
1892,tx,2032436,0,1,RUNNING,,,,,,,,,,,,,,
1893,rx,2032650,106557949,0,RUNNING,523,-64,8,,,,,,,,,,,
1894,tx,2032650,0,1,RUNNING,,,,,,,,,,,,,,
1895,tx,2032731,0,1,RUNNING,,,,,,,,,,,,,,
1896,rx,2032904,106757950,0,RUNNING,524,-65,8,,,,,,,,,,,
1897,tx,2032904,0,1,RUNNING,,,,,,,,,,,,,,
1898,tx,2032945,0,1,RUNNING,,,,,,,,,,,,,,
1899,tx,2032985,0,1,RUNNING,,,,,,,,,,,,,,
1900,rx,2033160,106957900,0,RUNNING,525,-64,8,,,,,,,,,,,
1901,tx,2033160,0,1,RUNNING,,,,,,,,,,,,,,
1902,stats,2033160,8288,0,RUNNING,,-49,-128,521,524,1,0,0,0,0,524,0,0,
1903,tx,2033180,0,1,RUNNING,,,,,,,,,,,,,,
1904,rx,2033241,107157949,0,RUNNING,526,-64,8,,,,,,,,,,,
1905,tx,2033241,0,1,RUNNING,,,,,,,,,,,,,,
1906,tx,2033415,0,1,RUNNING,,,,,,,,,,,,,,
1907,rx,2033435,107357948,0,RUNNING,527,-64,8,,,,,,,,,,,
1908,tx,2033435,0,1,RUNNING,,,,,,,,,,,,,,
1909,tx,2033536,0,1,RUNNING,,,,,,,,,,,,,,
1910,rx,2033670,107557898,0,RUNNING,528,-64,8,,,,,,,,,,,
1911,tx,2033670,0,1,RUNNING,,,,,,,,,,,,,,
1912,tx,2033730,0,1,RUNNING,,,,,,,,,,,,,,
1913,tx,2033791,0,1,RUNNING,,,,,,,,,,,,,,
1914,rx,2033925,107757946,0,RUNNING,529,-64,8,,,,,,,,,,,
1915,tx,2033925,0,1,RUNNING,,,,,,,,,,,,,,
1916,tx,2033945,0,1,RUNNING,,,,,,,,,,,,,,
1917,tx,2033986,0,1,RUNNING,,,,,,,,,,,,,,
1918,rx,2034046,107957947,0,RUNNING,530,-64,7,,,,,,,,,,,
1919,tx,2034046,0,1,RUNNING,,,,,,,,,,,,,,
1920,tx,2034185,0,1,RUNNING,,,,,,,,,,,,,,
1921,stats,2034185,8291,0,RUNNING,,14,5,526,529,1,0,0,0,0,529,0,0,
1922,rx,2034246,108157947,0,RUNNING,531,-64,8,,,,,,,,,,,
1923,tx,2034246,0,1,RUNNING,,,,,,,,,,,,,,
1924,rx,2034439,108357946,0,RUNNING,532,-64,8,,,,,,,,,,,
1925,tx,2034439,0,1,RUNNING,,,,,,,,,,,,,,
1926,tx,2034540,0,1,RUNNING,,,,,,,,,,,,,,
1927,rx,2034694,108557946,0,RUNNING,533,-64,7,,,,,,,,,,,
1928,tx,2034694,0,1,RUNNING,,,,,,,,,,,,,,
1929,tx,2034734,0,1,RUNNING,,,,,,,,,,,,,,
1930,tx,2034794,0,1,RUNNING,,,,,,,,,,,,,,
1931,rx,2034948,108757946,0,RUNNING,534,-65,8,,,,,,,,,,,
1932,tx,2034949,0,1,RUNNING,,,,,,,,,,,,,,
1933,tx,2034989,0,1,RUNNING,,,,,,,,,,,,,,
1934,tx,2035029,0,1,RUNNING,,,,,,,,,,,,,,
1935,rx,2035049,108957897,0,RUNNING,535,-64,9,,,,,,,,,,,
1936,tx,2035049,0,1,RUNNING,,,,,,,,,,,,,,
1937,tx,2035204,0,1,RUNNING,,,,,,,,,,,,,,
1938,stats,2035204,8291,0,RUNNING,,-48,-128,531,534,1,0,0,0,0,534,0,0,
1939,rx,2035244,109157945,0,RUNNING,536,-64,8,,,,,,,,,,,
1940,tx,2035244,0,1,RUNNING,,,,,,,,,,,,,,
1941,rx,2035459,109357945,0,RUNNING,537,-64,7,,,,,,,,,,,
1942,tx,2035459,0,1,RUNNING,,,,,,,,,,,,,,
1943,tx,2035539,0,1,RUNNING,,,,,,,,,,,,,,
1944,tx,2035580,0,1,RUNNING,,,,,,,,,,,,,,
1945,rx,2035713,109557946,0,RUNNING,538,-64,7,,,,,,,,,,,
1946,tx,2035713,0,1,RUNNING,,,,,,,,,,,,,,
1947,tx,2035734,0,1,RUNNING,,,,,,,,,,,,,,
1948,tx,2035794,0,1,RUNNING,,,,,,,,,,,,,,
1949,tx,2035834,0,1,RUNNING,,,,,,,,,,,,,,
1950,rx,2035968,109757943,0,RUNNING,539,-64,8,,,,,,,,,,,
1951,tx,2035968,0,1,RUNNING,,,,,,,,,,,,,,
1952,tx,2035988,0,1,RUNNING,,,,,,,,,,,,,,
1953,tx,2036029,0,1,RUNNING,,,,,,,,,,,,,,
1954,rx,2036049,109957944,0,RUNNING,540,-64,8,,,,,,,,,,,
1955,tx,2036049,0,1,RUNNING,,,,,,,,,,,,,,
1956,tx,2036222,0,1,RUNNING,,,,,,,,,,,,,,
1957,stats,2036222,8289,0,RUNNING,,2,5,536,539,1,0,0,0,0,539,0,0,
1958,rx,2036242,110157943,0,RUNNING,541,-64,8,,,,,,,,,,,
1959,tx,2036242,0,1,RUNNING,,,,,,,,,,,,,,
1960,tx,2036343,0,1,RUNNING,,,,,,,,,,,,,,
1961,rx,2036476,110357945,0,RUNNING,542,-64,7,,,,,,,,,,,
1962,tx,2036476,0,1,RUNNING,,,,,,,,,,,,,,
1963,tx,2036537,0,1,RUNNING,,,,,,,,,,,,,,
1964,tx,2036577,0,1,RUNNING,,,,,,,,,,,,,,
1965,rx,2036731,110557934,0,RUNNING,543,-65,8,,,,,,,,,,,
1966,tx,2036731,0,1,RUNNING,,,,,,,,,,,,,,
1967,tx,2036792,0,1,RUNNING,,,,,,,,,,,,,,
1968,tx,2036832,0,1,RUNNING,,,,,,,,,,,,,,
1969,rx,2036852,110757943,0,RUNNING,544,-64,7,,,,,,,,,,,
1970,tx,2036852,0,1,RUNNING,,,,,,,,,,,,,,
1971,tx,2036986,0,1,RUNNING,,,,,,,,,,,,,,
1972,tx,2037026,0,1,RUNNING,,,,,,,,,,,,,,
1973,rx,2037047,110957943,0,RUNNING,545,-64,8,,,,,,,,,,,
1974,tx,2037047,0,1,RUNNING,,,,,,,,,,,,,,
1975,rx,2037240,111157941,0,RUNNING,546,-64,8,,,,,,,,,,,
1976,tx,2037240,0,1,RUNNING,,,,,,,,,,,,,,
1977,stats,2037240,7731,0,RUNNING,,-1,-10,541,545,1,0,0,0,0,545,0,0,
1978,tx,2037341,0,1,RUNNING,,,,,,,,,,,,,,
1979,rx,2037495,111357940,0,RUNNING,547,-65,8,,,,,,,,,,,
1980,tx,2037495,0,1,RUNNING,,,,,,,,,,,,,,
1981,tx,2037535,0,1,RUNNING,,,,,,,,,,,,,,
1982,tx,2037596,0,1,RUNNING,,,,,,,,,,,,,,
1983,rx,2037750,111557940,0,RUNNING,548,-65,8,,,,,,,,,,,
1984,tx,2037750,0,1,RUNNING,,,,,,,,,,,,,,
1985,tx,2037790,0,1,RUNNING,,,,,,,,,,,,,,
1986,tx,2037830,0,1,RUNNING,,,,,,,,,,,,,,
1987,rx,2037850,111757941,0,RUNNING,549,-65,8,,,,,,,,,,,
1988,tx,2037850,0,1,RUNNING,,,,,,,,,,,,,,
1989,tx,2038004,0,1,RUNNING,,,,,,,,,,,,,,
1990,rx,2038044,111957941,0,RUNNING,550,-65,8,,,,,,,,,,,
1991,tx,2038044,0,1,RUNNING,,,,,,,,,,,,,,
1992,rx,2038258,112157940,0,RUNNING,551,-64,7,,,,,,,,,,,
1993,tx,2038258,0,1,RUNNING,,,,,,,,,,,,,,
1994,stats,2038258,7731,0,RUNNING,,-1,-5,546,550,1,0,0,0,0,550,0,0,
1995,tx,2038338,0,1,RUNNING,,,,,,,,,,,,,,
1996,tx,2038379,0,1,RUNNING,,,,,,,,,,,,,,
1997,rx,2038512,112357940,0,RUNNING,552,-64,7,,,,,,,,,,,
1998,tx,2038513,0,1,RUNNING,,,,,,,,,,,,,,
1999,tx,2038533,0,1,RUNNING,,,,,,,,,,,,,,
2000,tx,2038593,0,1,RUNNING,,,,,,,,,,,,,,
2001,tx,2038633,0,1,RUNNING,,,,,,,,,,,,,,
2002,rx,2038768,112557878,0,RUNNING,553,-64,8,,,,,,,,,,,
2003,tx,2038768,0,1,RUNNING,,,,,,,,,,,,,,
2004,tx,2038789,0,1,RUNNING,,,,,,,,,,,,,,
2005,tx,2038829,0,1,RUNNING,,,,,,,,,,,,,,
2006,rx,2038849,112757938,0,RUNNING,554,-64,8,,,,,,,,,,,
2007,tx,2038849,0,1,RUNNING,,,,,,,,,,,,,,
2008,tx,2039023,0,1,RUNNING,,,,,,,,,,,,,,
2009,rx,2039043,112957939,0,RUNNING,555,-65,7,,,,,,,,,,,
2010,tx,2039043,0,1,RUNNING,,,,,,,,,,,,,,
2011,tx,2039144,0,1,RUNNING,,,,,,,,,,,,,,
2012,rx,2039278,113157903,0,RUNNING,556,-64,8,,,,,,,,,,,
2013,tx,2039278,0,1,RUNNING,,,,,,,,,,,,,,
2014,stats,2039278,7704,0,RUNNING,,-28,-128,551,555,1,0,0,0,0,555,0,0,
2015,tx,2039338,0,1,RUNNING,,,,,,,,,,,,,,
2016,tx,2039378,0,1,RUNNING,,,,,,,,,,,,,,
2017,rx,2039534,113357879,0,RUNNING,557,-64,7,,,,,,,,,,,
2018,tx,2039534,0,1,RUNNING,,,,,,,,,,,,,,
2019,tx,2039594,0,1,RUNNING,,,,,,,,,,,,,,
2020,tx,2039634,0,1,RUNNING,,,,,,,,,,,,,,
2021,rx,2039654,113557936,0,RUNNING,558,-64,8,,,,,,,,,,,
2022,tx,2039654,0,1,RUNNING,,,,,,,,,,,,,,
2023,tx,2039788,0,1,RUNNING,,,,,,,,,,,,,,
2024,tx,2039829,0,1,RUNNING,,,,,,,,,,,,,,
2025,rx,2039849,113757938,0,RUNNING,559,-65,8,,,,,,,,,,,
2026,tx,2039849,0,1,RUNNING,,,,,,,,,,,,,,
2027,rx,2040043,113957936,0,RUNNING,560,-65,8,,,,,,,,,,,
2028,tx,2040043,0,1,RUNNING,,,,,,,,,,,,,,
2029,tx,2040143,0,1,RUNNING,,,,,,,,,,,,,,
2030,rx,2040299,114157921,0,RUNNING,561,-65,8,,,,,,,,,,,
2031,tx,2040299,0,1,RUNNING,,,,,,,,,,,,,,
2032,stats,2040299,8283,0,RUNNING,,-10,-75,557,560,1,0,0,0,0,560,0,0,
2033,tx,2040339,0,1,RUNNING,,,,,,,,,,,,,,
2034,tx,2040379,0,1,RUNNING,,,,,,,,,,,,,,
2035,rx,2040554,114357912,0,RUNNING,562,-65,9,,,,,,,,,,,
2036,tx,2040554,0,1,RUNNING,,,,,,,,,,,,,,
2037,tx,2040594,0,1,RUNNING,,,,,,,,,,,,,,
2038,tx,2040634,0,1,RUNNING,,,,,,,,,,,,,,
2039,rx,2040655,114557934,0,RUNNING,563,-65,8,,,,,,,,,,,
2040,tx,2040655,0,1,RUNNING,,,,,,,,,,,,,,
2041,tx,2040809,0,1,RUNNING,,,,,,,,,,,,,,
2042,tx,2040829,0,1,RUNNING,,,,,,,,,,,,,,
2043,rx,2040849,114757936,0,RUNNING,564,-64,8,,,,,,,,,,,
2044,tx,2040849,0,1,RUNNING,,,,,,,,,,,,,,
2045,tx,2040930,0,1,RUNNING,,,,,,,,,,,,,,
2046,rx,2041064,114957936,0,RUNNING,565,-64,8,,,,,,,,,,,
2047,tx,2041064,0,1,RUNNING,,,,,,,,,,,,,,
2048,tx,2041145,0,1,RUNNING,,,,,,,,,,,,,,
2049,tx,2041185,0,1,RUNNING,,,,,,,,,,,,,,
2050,rx,2041320,115157891,0,RUNNING,566,-65,7,,,,,,,,,,,
2051,tx,2041320,0,1,RUNNING,,,,,,,,,,,,,,
2052,stats,2041320,8248,0,RUNNING,,-42,-128,562,565,1,0,0,0,0,565,0,0,
2053,tx,2041340,0,1,RUNNING,,,,,,,,,,,,,,
2054,tx,2041380,0,1,RUNNING,,,,,,,,,,,,,,
2055,rx,2041440,115357934,0,RUNNING,567,-65,8,,,,,,,,,,,
2056,tx,2041440,0,1,RUNNING,,,,,,,,,,,,,,
2057,tx,2041579,0,1,RUNNING,,,,,,,,,,,,,,
2058,rx,2041640,115557935,0,RUNNING,568,-64,8,,,,,,,,,,,
2059,tx,2041640,0,1,RUNNING,,,,,,,,,,,,,,
2060,tx,2041834,0,1,RUNNING,,,,,,,,,,,,,,
2061,rx,2041854,115757933,0,RUNNING,569,-65,8,,,,,,,,,,,
2062,tx,2041854,0,1,RUNNING,,,,,,,,,,,,,,
2063,tx,2041935,0,1,RUNNING,,,,,,,,,,,,,,
2064,rx,2042088,115957934,0,RUNNING,570,-65,8,,,,,,,,,,,
2065,tx,2042088,0,1,RUNNING,,,,,,,,,,,,,,
2066,tx,2042128,0,1,RUNNING,,,,,,,,,,,,,,
2067,tx,2042189,0,1,RUNNING,,,,,,,,,,,,,,
2068,rx,2042343,116157929,0,RUNNING,571,-65,8,,,,,,,,,,,
2069,tx,2042343,0,1,RUNNING,,,,,,,,,,,,,,
2070,stats,2042343,8276,0,RUNNING,,-3,-25,567,570,1,0,0,0,0,570,0,0,
2071,tx,2042383,0,1,RUNNING,,,,,,,,,,,,,,
2072,rx,2042444,116357932,0,RUNNING,572,-64,8,,,,,,,,,,,
2073,tx,2042444,0,1,RUNNING,,,,,,,,,,,,,,
2074,tx,2042598,0,1,RUNNING,,,,,,,,,,,,,,
2075,rx,2042638,116557932,0,RUNNING,573,-64,8,,,,,,,,,,,
2076,tx,2042638,0,1,RUNNING,,,,,,,,,,,,,,
2077,rx,2042852,116757931,0,RUNNING,574,-64,8,,,,,,,,,,,
2078,tx,2042852,0,1,RUNNING,,,,,,,,,,,,,,
2079,tx,2042932,0,1,RUNNING,,,,,,,,,,,,,,
2080,rx,2043106,116957930,0,RUNNING,575,-64,8,,,,,,,,,,,
2081,tx,2043106,0,1,RUNNING,,,,,,,,,,,,,,
2082,tx,2043126,0,1,RUNNING,,,,,,,,,,,,,,
2083,tx,2043187,0,1,RUNNING,,,,,,,,,,,,,,
2084,tx,2043227,0,1,RUNNING,,,,,,,,,,,,,,
2085,rx,2043360,117157931,0,RUNNING,576,-65,8,,,,,,,,,,,
2086,tx,2043361,0,1,RUNNING,,,,,,,,,,,,,,
2087,stats,2043361,8275,0,RUNNING,,0,5,572,575,1,0,0,0,0,575,0,0,
2088,tx,2043381,0,1,RUNNING,,,,,,,,,,,,,,
2089,rx,2043441,117357931,0,RUNNING,577,-65,7,,,,,,,,,,,
2090,tx,2043441,0,1,RUNNING,,,,,,,,,,,,,,
2091,tx,2043615,0,1,RUNNING,,,,,,,,,,,,,,
2092,tx,2043635,0,1,RUNNING,,,,,,,,,,,,,,
2093,rx,2043655,117557929,0,RUNNING,578,-65,7,,,,,,,,,,,
2094,tx,2043655,0,1,RUNNING,,,,,,,,,,,,,,
2095,tx,2043736,0,1,RUNNING,,,,,,,,,,,,,,
2096,rx,2043873,117757925,0,RUNNING,579,-65,8,,,,,,,,,,,
2097,tx,2043873,0,1,RUNNING,,,,,,,,,,,,,,
2098,tx,2043933,0,1,RUNNING,,,,,,,,,,,,,,
2099,tx,2043994,0,1,RUNNING,,,,,,,,,,,,,,
2100,rx,2044127,117957929,0,RUNNING,580,-65,8,,,,,,,,,,,
2101,tx,2044127,0,1,RUNNING,,,,,,,,,,,,,,
2102,tx,2044187,0,1,RUNNING,,,,,,,,,,,,,,
2103,tx,2044228,0,1,RUNNING,,,,,,,,,,,,,,
2104,rx,2044248,118157880,0,RUNNING,581,-64,7,,,,,,,,,,,
2105,tx,2044248,0,1,RUNNING,,,,,,,,,,,,,,
2106,tx,2044382,0,1,RUNNING,,,,,,,,,,,,,,
2107,stats,2044382,8289,0,RUNNING,,-48,-128,577,580,1,0,0,0,0,580,0,0,
2108,rx,2044443,118357928,0,RUNNING,582,-64,7,,,,,,,,,,,
2109,tx,2044443,0,1,RUNNING,,,,,,,,,,,,,,
2110,rx,2044637,118557928,0,RUNNING,583,-64,7,,,,,,,,,,,
2111,tx,2044638,0,1,RUNNING,,,,,,,,,,,,,,
2112,tx,2044738,0,1,RUNNING,,,,,,,,,,,,,,
2113,rx,2044893,118757884,0,RUNNING,584,-64,9,,,,,,,,,,,
2114,tx,2044893,0,1,RUNNING,,,,,,,,,,,,,,
2115,tx,2044933,0,1,RUNNING,,,,,,,,,,,,,,
2116,tx,2044994,0,1,RUNNING,,,,,,,,,,,,,,
2117,rx,2045149,118957925,0,RUNNING,585,-64,8,,,,,,,,,,,
2118,tx,2045149,0,1,RUNNING,,,,,,,,,,,,,,
2119,tx,2045189,0,1,RUNNING,,,,,,,,,,,,,,
2120,tx,2045229,0,1,RUNNING,,,,,,,,,,,,,,
2121,rx,2045249,119157927,0,RUNNING,586,-64,8,,,,,,,,,,,
2122,tx,2045249,0,1,RUNNING,,,,,,,,,,,,,,
2123,tx,2045403,0,1,RUNNING,,,,,,,,,,,,,,
2124,stats,2045403,8289,0,RUNNING,,13,10,582,585,1,0,0,0,0,585,0,0,
2125,rx,2045444,119357926,0,RUNNING,587,-64,8,,,,,,,,,,,
2126,tx,2045444,0,1,RUNNING,,,,,,,,,,,,,,
2127,rx,2045658,119557926,0,RUNNING,588,-64,7,,,,,,,,,,,
2128,tx,2045658,0,1,RUNNING,,,,,,,,,,,,,,
2129,tx,2045738,0,1,RUNNING,,,,,,,,,,,,,,
2130,tx,2045779,0,1,RUNNING,,,,,,,,,,,,,,
2131,rx,2045912,119757925,0,RUNNING,589,-64,6,,,,,,,,,,,
2132,tx,2045912,0,1,RUNNING,,,,,,,,,,,,,,
2133,tx,2045933,0,1,RUNNING,,,,,,,,,,,,,,
2134,tx,2045993,0,1,RUNNING,,,,,,,,,,,,,,
2135,tx,2046033,0,1,RUNNING,,,,,,,,,,,,,,
2136,rx,2046171,119957912,0,RUNNING,590,-64,7,,,,,,,,,,,
2137,tx,2046171,0,1,RUNNING,,,,,,,,,,,,,,
2138,tx,2046191,0,1,RUNNING,,,,,,,,,,,,,,
2139,tx,2046231,0,1,RUNNING,,,,,,,,,,,,,,
2140,rx,2046251,120157877,0,RUNNING,591,-64,8,,,,,,,,,,,
2141,tx,2046251,0,1,RUNNING,,,,,,,,,,,,,,
2142,tx,2046427,0,1,RUNNING,,,,,,,,,,,,,,
2143,stats,2046427,8289,0,RUNNING,,-41,-128,587,590,1,0,0,0,0,590,0,0,
2144,rx,2046447,120357924,0,RUNNING,592,-64,8,,,,,,,,,,,
2145,tx,2046447,0,1,RUNNING,,,,,,,,,,,,,,
2146,tx,2046527,0,1,RUNNING,,,,,,,,,,,,,,
2147,rx,2046682,120557921,0,RUNNING,593,-64,8,,,,,,,,,,,
2148,tx,2046682,0,1,RUNNING,,,,,,,,,,,,,,
2149,tx,2046742,0,1,RUNNING,,,,,,,,,,,,,,
2150,tx,2046782,0,1,RUNNING,,,,,,,,,,,,,,
2151,rx,2046936,120757925,0,RUNNING,594,-65,8,,,,,,,,,,,
2152,tx,2046936,0,1,RUNNING,,,,,,,,,,,,,,
2153,tx,2046976,0,1,RUNNING,,,,,,,,,,,,,,
2154,rx,2047037,120957923,0,RUNNING,595,-65,7,,,,,,,,,,,
2155,tx,2047037,0,1,RUNNING,,,,,,,,,,,,,,
2156,tx,2047191,0,1,RUNNING,,,,,,,,,,,,,,
2157,tx,2047231,0,1,RUNNING,,,,,,,,,,,,,,
2158,rx,2047251,121157924,0,RUNNING,596,-64,8,,,,,,,,,,,
2159,tx,2047251,0,1,RUNNING,,,,,,,,,,,,,,
2160,rx,2047445,121357923,0,RUNNING,597,-64,8,,,,,,,,,,,
2161,tx,2047445,0,1,RUNNING,,,,,,,,,,,,,,
2162,stats,2047445,7733,0,RUNNING,,1,-5,592,596,1,0,0,0,0,596,0,0,
2163,tx,2047546,0,1,RUNNING,,,,,,,,,,,,,,
2164,rx,2047699,121557923,0,RUNNING,598,-65,8,,,,,,,,,,,
2165,tx,2047699,0,1,RUNNING,,,,,,,,,,,,,,
2166,tx,2047740,0,1,RUNNING,,,,,,,,,,,,,,
2167,tx,2047780,0,1,RUNNING,,,,,,,,,,,,,,
2168,rx,2047954,121757914,0,RUNNING,599,-65,8,,,,,,,,,,,
2169,tx,2047954,0,1,RUNNING,,,,,,,,,,,,,,
2170,tx,2047995,0,1,RUNNING,,,,,,,,,,,,,,
2171,tx,2048035,0,1,RUNNING,,,,,,,,,,,,,,
2172,rx,2048055,121957921,0,RUNNING,600,-65,8,,,,,,,,,,,
2173,tx,2048055,0,1,RUNNING,,,,,,,,,,,,,,
2174,tx,2048209,0,1,RUNNING,,,,,,,,,,,,,,
2175,tx,2048229,0,1,RUNNING,,,,,,,,,,,,,,
2176,rx,2048249,122157922,0,RUNNING,601,-65,8,,,,,,,,,,,
2177,tx,2048249,0,1,RUNNING,,,,,,,,,,,,,,
2178,tx,2048330,0,1,RUNNING,,,,,,,,,,,,,,
2179,rx,2048463,122357921,0,RUNNING,602,-65,8,,,,,,,,,,,
2180,tx,2048463,0,1,RUNNING,,,,,,,,,,,,,,
2181,stats,2048464,7733,0,RUNNING,,1,-5,597,601,1,0,0,0,0,601,0,0,
2182,tx,2048544,0,1,RUNNING,,,,,,,,,,,,,,
2183,tx,2048584,0,1,RUNNING,,,,,,,,,,,,,,
2184,rx,2048722,122557910,0,RUNNING,603,-64,8,,,,,,,,,,,
2185,tx,2048722,0,1,RUNNING,,,,,,,,,,,,,,
2186,tx,2048742,0,1,RUNNING,,,,,,,,,,,,,,
2187,tx,2048782,0,1,RUNNING,,,,,,,,,,,,,,
2188,rx,2048842,122757920,0,RUNNING,604,-64,8,,,,,,,,,,,
2189,tx,2048842,0,1,RUNNING,,,,,,,,,,,,,,
2190,tx,2048976,0,1,RUNNING,,,,,,,,,,,,,,
2191,rx,2049037,122957919,0,RUNNING,605,-64,8,,,,,,,,,,,
2192,tx,2049037,0,1,RUNNING,,,,,,,,,,,,,,
2193,tx,2049230,0,1,RUNNING,,,,,,,,,,,,,,
2194,rx,2049251,123157920,0,RUNNING,606,-64,8,,,,,,,,,,,
2195,tx,2049251,0,1,RUNNING,,,,,,,,,,,,,,
2196,tx,2049331,0,1,RUNNING,,,,,,,,,,,,,,
2197,rx,2049485,123357919,0,RUNNING,607,-65,7,,,,,,,,,,,
2198,tx,2049485,0,1,RUNNING,,,,,,,,,,,,,,
2199,stats,2049485,8288,0,RUNNING,,0,-5,603,606,1,0,0,0,0,606,0,0,
2200,tx,2049545,0,1,RUNNING,,,,,,,,,,,,,,
2201,tx,2049585,0,1,RUNNING,,,,,,,,,,,,,,
2202,rx,2049739,123557920,0,RUNNING,608,-65,8,,,,,,,,,,,
2203,tx,2049739,0,1,RUNNING,,,,,,,,,,,,,,
2204,tx,2049779,0,1,RUNNING,,,,,,,,,,,,,,
2205,rx,2049840,123757869,0,RUNNING,609,-64,7,,,,,,,,,,,
2206,tx,2049840,0,1,RUNNING,,,,,,,,,,,,,,
2207,tx,2049994,0,1,RUNNING,,,,,,,,,,,,,,
2208,tx,2050035,0,1,RUNNING,,,,,,,,,,,,,,
2209,rx,2050055,123957917,0,RUNNING,610,-64,8,,,,,,,,,,,
2210,tx,2050055,0,1,RUNNING,,,,,,,,,,,,,,
2211,rx,2050250,124157918,0,RUNNING,611,-65,8,,,,,,,,,,,
2212,tx,2050250,0,1,RUNNING,,,,,,,,,,,,,,
2213,tx,2050330,0,1,RUNNING,,,,,,,,,,,,,,
2214,rx,2050506,124357891,0,RUNNING,612,-64,7,,,,,,,,,,,
2215,tx,2050506,0,1,RUNNING,,,,,,,,,,,,,,
2216,stats,2050506,8276,0,RUNNING,,-20,-128,608,611,1,0,0,0,0,611,0,0,
2217,tx,2050546,0,1,RUNNING,,,,,,,,,,,,,,
2218,tx,2050586,0,1,RUNNING,,,,,,,,,,,,,,
2219,tx,2050627,0,1,RUNNING,,,,,,,,,,,,,,
2220,rx,2050761,124557935,0,RUNNING,613,-64,7,,,,,,,,,,,
2221,tx,2050761,0,1,RUNNING,,,,,,,,,,,,,,
2222,tx,2050781,0,1,RUNNING,,,,,,,,,,,,,,
2223,rx,2050841,124757916,0,RUNNING,614,-65,7,,,,,,,,,,,
2224,tx,2050841,0,1,RUNNING,,,,,,,,,,,,,,
2225,tx,2051016,0,1,RUNNING,,,,,,,,,,,,,,
2226,rx,2051036,124957916,0,RUNNING,615,-65,8,,,,,,,,,,,
2227,tx,2051036,0,1,RUNNING,,,,,,,,,,,,,,
2228,tx,2051136,0,1,RUNNING,,,,,,,,,,,,,,
2229,rx,2051271,125157902,0,RUNNING,616,-64,8,,,,,,,,,,,
2230,tx,2051271,0,1,RUNNING,,,,,,,,,,,,,,
2231,tx,2051331,0,1,RUNNING,,,,,,,,,,,,,,
2232,tx,2051391,0,1,RUNNING,,,,,,,,,,,,,,
2233,rx,2051525,125357915,0,RUNNING,617,-64,7,,,,,,,,,,,
2234,tx,2051525,0,1,RUNNING,,,,,,,,,,,,,,
2235,stats,2051525,8247,0,RUNNING,,5,65,613,616,1,0,0,0,0,616,0,0,
2236,tx,2051545,0,1,RUNNING,,,,,,,,,,,,,,
2237,tx,2051586,0,1,RUNNING,,,,,,,,,,,,,,
2238,rx,2051646,125557890,0,RUNNING,618,-64,8,,,,,,,,,,,
2239,tx,2051646,0,1,RUNNING,,,,,,,,,,,,,,
2240,tx,2051783,0,1,RUNNING,,,,,,,,,,,,,,
2241,rx,2051844,125757914,0,RUNNING,619,-65,8,,,,,,,,,,,
2242,tx,2051844,0,1,RUNNING,,,,,,,,,,,,,,
2243,rx,2052038,125957915,0,RUNNING,620,-65,8,,,,,,,,,,,
2244,tx,2052038,0,1,RUNNING,,,,,,,,,,,,,,
2245,tx,2052139,0,1,RUNNING,,,,,,,,,,,,,,
2246,rx,2052293,126157902,0,RUNNING,621,-65,8,,,,,,,,,,,
2247,tx,2052293,0,1,RUNNING,,,,,,,,,,,,,,
2248,tx,2052333,0,1,RUNNING,,,,,,,,,,,,,,
2249,tx,2052394,0,1,RUNNING,,,,,,,,,,,,,,
2250,rx,2052549,126357869,0,RUNNING,622,-64,8,,,,,,,,,,,
2251,tx,2052549,0,1,RUNNING,,,,,,,,,,,,,,
2252,stats,2052549,8276,0,RUNNING,,-38,-128,618,621,1,0,0,0,0,621,0,0,
2253,tx,2052589,0,1,RUNNING,,,,,,,,,,,,,,
2254,tx,2052630,0,1,RUNNING,,,,,,,,,,,,,,
2255,rx,2052650,126557913,0,RUNNING,623,-64,7,,,,,,,,,,,
2256,tx,2052650,0,1,RUNNING,,,,,,,,,,,,,,
2257,tx,2052804,0,1,RUNNING,,,,,,,,,,,,,,
2258,rx,2052844,126757911,0,RUNNING,624,-65,8,,,,,,,,,,,
2259,tx,2052844,0,1,RUNNING,,,,,,,,,,,,,,
2260,rx,2053059,126957913,0,RUNNING,625,-64,8,,,,,,,,,,,
2261,tx,2053059,0,1,RUNNING,,,,,,,,,,,,,,
2262,tx,2053140,0,1,RUNNING,,,,,,,,,,,,,,
2263,tx,2053180,0,1,RUNNING,,,,,,,,,,,,,,
2264,rx,2053316,127157914,0,RUNNING,626,-64,8,,,,,,,,,,,
2265,tx,2053316,0,1,RUNNING,,,,,,,,,,,,,,
2266,tx,2053336,0,1,RUNNING,,,,,,,,,,,,,,
2267,tx,2053377,0,1,RUNNING,,,,,,,,,,,,,,
2268,rx,2053437,127357894,0,RUNNING,627,-64,7,,,,,,,,,,,
2269,tx,2053437,0,1,RUNNING,,,,,,,,,,,,,,
2270,tx,2053572,0,1,RUNNING,,,,,,,,,,,,,,
2271,stats,2053572,8288,0,RUNNING,,-17,-100,623,626,1,0,0,0,0,626,0,0,
2272,tx,2053592,0,1,RUNNING,,,,,,,,,,,,,,
2273,tx,2053632,0,1,RUNNING,,,,,,,,,,,,,,
2274,rx,2053652,127557912,0,RUNNING,628,-64,9,,,,,,,,,,,
2275,tx,2053652,0,1,RUNNING,,,,,,,,,,,,,,
2276,tx,2053826,0,1,RUNNING,,,,,,,,,,,,,,
2277,rx,2053847,127757912,0,RUNNING,629,-64,8,,,,,,,,,,,
2278,tx,2053847,0,1,RUNNING,,,,,,,,,,,,,,
2279,tx,2053927,0,1,RUNNING,,,,,,,,,,,,,,
2280,rx,2054080,127957911,0,RUNNING,630,-65,7,,,,,,,,,,,
2281,tx,2054080,0,1,RUNNING,,,,,,,,,,,,,,
2282,tx,2054141,0,1,RUNNING,,,,,,,,,,,,,,
2283,tx,2054181,0,1,RUNNING,,,,,,,,,,,,,,
2284,rx,2054335,128157908,0,RUNNING,631,-65,8,,,,,,,,,,,
2285,tx,2054336,0,1,RUNNING,,,,,,,,,,,,,,
2286,tx,2054396,0,1,RUNNING,,,,,,,,,,,,,,
2287,rx,2054436,128357909,0,RUNNING,632,-64,8,,,,,,,,,,,
2288,tx,2054436,0,1,RUNNING,,,,,,,,,,,,,,
2289,tx,2054590,0,1,RUNNING,,,,,,,,,,,,,,
2290,stats,2054590,8291,0,RUNNING,,0,5,628,631,1,0,0,0,0,631,0,0,
2291,tx,2054630,0,1,RUNNING,,,,,,,,,,,,,,
2292,rx,2054650,128557909,0,RUNNING,633,-64,7,,,,,,,,,,,
2293,tx,2054650,0,1,RUNNING,,,,,,,,,,,,,,
2294,rx,2054844,128757909,0,RUNNING,634,-64,8,,,,,,,,,,,
2295,tx,2054844,0,1,RUNNING,,,,,,,,,,,,,,
2296,tx,2054945,0,1,RUNNING,,,,,,,,,,,,,,
2297,rx,2055099,128957909,0,RUNNING,635,-64,8,,,,,,,,,,,
2298,tx,2055099,0,1,RUNNING,,,,,,,,,,,,,,
2299,tx,2055139,0,1,RUNNING,,,,,,,,,,,,,,
2300,tx,2055179,0,1,RUNNING,,,,,,,,,,,,,,
2301,rx,2055353,129157910,0,RUNNING,636,-65,8,,,,,,,,,,,
2302,tx,2055353,0,1,RUNNING,,,,,,,,,,,,,,
2303,tx,2055393,0,1,RUNNING,,,,,,,,,,,,,,
2304,tx,2055434,0,1,RUNNING,,,,,,,,,,,,,,
2305,rx,2055454,129357846,0,RUNNING,637,-64,9,,,,,,,,,,,
2306,tx,2055454,0,1,RUNNING,,,,,,,,,,,,,,
2307,tx,2055609,0,1,RUNNING,,,,,,,,,,,,,,
2308,stats,2055609,8289,0,RUNNING,,-63,-128,633,636,1,0,0,0,0,636,0,0,
2309,tx,2055629,0,1,RUNNING,,,,,,,,,,,,,,
2310,rx,2055649,129557908,0,RUNNING,638,-64,7,,,,,,,,,,,
2311,tx,2055649,0,1,RUNNING,,,,,,,,,,,,,,
2312,tx,2055729,0,1,RUNNING,,,,,,,,,,,,,,
2313,rx,2055864,129757907,0,RUNNING,639,-64,7,,,,,,,,,,,
2314,tx,2055864,0,1,RUNNING,,,,,,,,,,,,,,
2315,tx,2055944,0,1,RUNNING,,,,,,,,,,,,,,
2316,tx,2055985,0,1,RUNNING,,,,,,,,,,,,,,
2317,rx,2056119,129957888,0,RUNNING,640,-65,8,,,,,,,,,,,
2318,tx,2056119,0,1,RUNNING,,,,,,,,,,,,,,
2319,tx,2056139,0,1,RUNNING,,,,,,,,,,,,,,
2320,tx,2056179,0,1,RUNNING,,,,,,,,,,,,,,
2321,rx,2056240,130157906,0,RUNNING,641,-64,8,,,,,,,,,,,
2322,tx,2056240,0,1,RUNNING,,,,,,,,,,,,,,
2323,tx,2056373,0,1,RUNNING,,,,,,,,,,,,,,
2324,tx,2056394,0,1,RUNNING,,,,,,,,,,,,,,
2325,tx,2056434,0,1,RUNNING,,,,,,,,,,,,,,
2326,rx,2056454,130357905,0,RUNNING,642,-64,8,,,,,,,,,,,
2327,tx,2056454,0,1,RUNNING,,,,,,,,,,,,,,
2328,tx,2056628,0,1,RUNNING,,,,,,,,,,,,,,
2329,stats,2056628,8290,0,RUNNING,,5,-5,638,641,1,0,0,0,0,641,0,0,
2330,rx,2056648,130557907,0,RUNNING,643,-64,8,,,,,,,,,,,
2331,tx,2056648,0,1,RUNNING,,,,,,,,,,,,,,
2332,tx,2056729,0,1,RUNNING,,,,,,,,,,,,,,
2333,rx,2056882,130757893,0,RUNNING,644,-65,8,,,,,,,,,,,
2334,tx,2056882,0,1,RUNNING,,,,,,,,,,,,,,
2335,tx,2056943,0,1,RUNNING,,,,,,,,,,,,,,
2336,tx,2056983,0,1,RUNNING,,,,,,,,,,,,,,
2337,rx,2057137,130957904,0,RUNNING,645,-65,7,,,,,,,,,,,
2338,tx,2057137,0,1,RUNNING,,,,,,,,,,,,,,
2339,tx,2057178,0,1,RUNNING,,,,,,,,,,,,,,
2340,rx,2057238,131157905,0,RUNNING,646,-64,7,,,,,,,,,,,
2341,tx,2057238,0,1,RUNNING,,,,,,,,,,,,,,
2342,tx,2057391,0,1,RUNNING,,,,,,,,,,,,,,
2343,tx,2057432,0,1,RUNNING,,,,,,,,,,,,,,
2344,rx,2057452,131357852,0,RUNNING,647,-64,7,,,,,,,,,,,
2345,tx,2057452,0,1,RUNNING,,,,,,,,,,,,,,
2346,rx,2057647,131557904,0,RUNNING,648,-64,8,,,,,,,,,,,
2347,tx,2057647,0,1,RUNNING,,,,,,,,,,,,,,
2348,stats,2057647,7758,0,RUNNING,,26,127,643,647,1,0,0,0,0,647,0,0,
2349,tx,2057728,0,1,RUNNING,,,,,,,,,,,,,,
2350,rx,2057902,131757892,0,RUNNING,649,-65,8,,,,,,,,,,,
2351,tx,2057902,0,1,RUNNING,,,,,,,,,,,,,,
2352,tx,2057943,0,1,RUNNING,,,,,,,,,,,,,,
2353,tx,2057983,0,1,RUNNING,,,,,,,,,,,,,,
2354,rx,2058158,131957903,0,RUNNING,650,-65,8,,,,,,,,,,,
2355,tx,2058158,0,1,RUNNING,,,,,,,,,,,,,,
2356,tx,2058178,0,1,RUNNING,,,,,,,,,,,,,,
2357,rx,2058238,132157902,0,RUNNING,651,-64,7,,,,,,,,,,,
2358,tx,2058238,0,1,RUNNING,,,,,,,,,,,,,,
2359,tx,2058412,0,1,RUNNING,,,,,,,,,,,,,,
2360,tx,2058432,0,1,RUNNING,,,,,,,,,,,,,,
2361,rx,2058452,132357904,0,RUNNING,652,-65,8,,,,,,,,,,,
2362,tx,2058452,0,1,RUNNING,,,,,,,,,,,,,,
2363,tx,2058533,0,1,RUNNING,,,,,,,,,,,,,,
2364,rx,2058667,132557904,0,RUNNING,653,-64,7,,,,,,,,,,,
2365,tx,2058667,0,1,RUNNING,,,,,,,,,,,,,,
2366,stats,2058667,7735,0,RUNNING,,3,0,648,652,1,0,0,0,0,652,0,0,
2367,tx,2058727,0,1,RUNNING,,,,,,,,,,,,,,
2368,tx,2058788,0,1,RUNNING,,,,,,,,,,,,,,
2369,rx,2058922,132757890,0,RUNNING,654,-64,7,,,,,,,,,,,
2370,tx,2058922,0,1,RUNNING,,,,,,,,,,,,,,
2371,tx,2058943,0,1,RUNNING,,,,,,,,,,,,,,
2372,tx,2058983,0,1,RUNNING,,,,,,,,,,,,,,
2373,rx,2059043,132957893,0,RUNNING,655,-65,8,,,,,,,,,,,
2374,tx,2059043,0,1,RUNNING,,,,,,,,,,,,,,
2375,tx,2059177,0,1,RUNNING,,,,,,,,,,,,,,
2376,rx,2059237,133157901,0,RUNNING,656,-65,8,,,,,,,,,,,
2377,tx,2059237,0,1,RUNNING,,,,,,,,,,,,,,
2378,tx,2059431,0,1,RUNNING,,,,,,,,,,,,,,
2379,rx,2059451,133357902,0,RUNNING,657,-64,8,,,,,,,,,,,
2380,tx,2059451,0,1,RUNNING,,,,,,,,,,,,,,
2381,tx,2059532,0,1,RUNNING,,,,,,,,,,,,,,
2382,rx,2059686,133557898,0,RUNNING,658,-64,8,,,,,,,,,,,
2383,tx,2059686,0,1,RUNNING,,,,,,,,,,,,,,
2384,stats,2059686,8288,0,RUNNING,,-2,-20,654,657,1,0,0,0,0,657,0,0,
2385,tx,2059727,0,1,RUNNING,,,,,,,,,,,,,,
2386,tx,2059787,0,1,RUNNING,,,,,,,,,,,,,,
2387,rx,2059941,133757898,0,RUNNING,659,-65,8,,,,,,,,,,,
2388,tx,2059941,0,1,RUNNING,,,,,,,,,,,,,,
2389,tx,2059981,0,1,RUNNING,,,,,,,,,,,,,,
2390,rx,2060041,133957899,0,RUNNING,660,-63,8,,,,,,,,,,,
2391,tx,2060041,0,1,RUNNING,,,,,,,,,,,,,,
2392,tx,2060195,0,1,RUNNING,,,,,,,,,,,,,,
2393,rx,2060235,134157898,0,RUNNING,661,-63,8,,,,,,,,,,,
2394,tx,2060235,0,1,RUNNING,,,,,,,,,,,,,,
2395,rx,2060450,134357899,0,RUNNING,662,-65,7,,,,,,,,,,,
2396,tx,2060450,0,1,RUNNING,,,,,,,,,,,,,,
2397,tx,2060530,0,1,RUNNING,,,,,,,,,,,,,,
2398,rx,2060704,134557899,0,RUNNING,663,-65,8,,,,,,,,,,,
2399,tx,2060704,0,1,RUNNING,,,,,,,,,,,,,,
2400,stats,2060704,8289,0,RUNNING,,0,0,659,662,1,0,0,0,0,662,0,0,
2401,tx,2060745,0,1,RUNNING,,,,,,,,,,,,,,
2402,tx,2060785,0,1,RUNNING,,,,,,,,,,,,,,
2403,rx,2060959,134757899,0,RUNNING,664,-64,8,,,,,,,,,,,
2404,tx,2060959,0,1,RUNNING,,,,,,,,,,,,,,
2405,tx,2060979,0,1,RUNNING,,,,,,,,,,,,,,
2406,rx,2061039,134957848,0,RUNNING,665,-65,8,,,,,,,,,,,
2407,tx,2061039,0,1,RUNNING,,,,,,,,,,,,,,
2408,tx,2061215,0,1,RUNNING,,,,,,,,,,,,,,
2409,tx,2061235,0,1,RUNNING,,,,,,,,,,,,,,
2410,rx,2061255,135157897,0,RUNNING,666,-64,9,,,,,,,,,,,
2411,tx,2061255,0,1,RUNNING,,,,,,,,,,,,,,
2412,tx,2061335,0,1,RUNNING,,,,,,,,,,,,,,
2413,rx,2061470,135357884,0,RUNNING,667,-64,8,,,,,,,,,,,
2414,tx,2061470,0,1,RUNNING,,,,,,,,,,,,,,
2415,tx,2061530,0,1,RUNNING,,,,,,,,,,,,,,
2416,tx,2061591,0,1,RUNNING,,,,,,,,,,,,,,
2417,rx,2061725,135557869,0,RUNNING,668,-64,7,,,,,,,,,,,
2418,tx,2061725,0,1,RUNNING,,,,,,,,,,,,,,
2419,stats,2061725,8248,0,RUNNING,,-16,-75,664,667,1,0,0,0,0,667,0,0,
2420,tx,2061746,0,1,RUNNING,,,,,,,,,,,,,,
2421,tx,2061786,0,1,RUNNING,,,,,,,,,,,,,,
2422,rx,2061846,135757850,0,RUNNING,669,-64,8,,,,,,,,,,,
2423,tx,2061846,0,1,RUNNING,,,,,,,,,,,,,,
2424,tx,2061983,0,1,RUNNING,,,,,,,,,,,,,,
2425,rx,2062044,135957895,0,RUNNING,670,-64,7,,,,,,,,,,,
2426,tx,2062044,0,1,RUNNING,,,,,,,,,,,,,,
2427,rx,2062238,136157895,0,RUNNING,671,-64,7,,,,,,,,,,,
2428,tx,2062238,0,1,RUNNING,,,,,,,,,,,,,,
2429,tx,2062339,0,1,RUNNING,,,,,,,,,,,,,,
2430,rx,2062493,136357883,0,RUNNING,672,-64,8,,,,,,,,,,,
2431,tx,2062493,0,1,RUNNING,,,,,,,,,,,,,,
2432,tx,2062533,0,1,RUNNING,,,,,,,,,,,,,,
2433,tx,2062594,0,1,RUNNING,,,,,,,,,,,,,,
2434,rx,2062748,136557893,0,RUNNING,673,-64,7,,,,,,,,,,,
2435,tx,2062748,0,1,RUNNING,,,,,,,,,,,,,,
2436,stats,2062748,8275,0,RUNNING,,8,50,669,672,1,0,0,0,0,672,0,0,
2437,tx,2062789,0,1,RUNNING,,,,,,,,,,,,,,
2438,tx,2062829,0,1,RUNNING,,,,,,,,,,,,,,
2439,rx,2062849,136757870,0,RUNNING,674,-65,8,,,,,,,,,,,
2440,tx,2062849,0,1,RUNNING,,,,,,,,,,,,,,
2441,tx,2063004,0,1,RUNNING,,,,,,,,,,,,,,
2442,rx,2063044,136957893,0,RUNNING,675,-64,8,,,,,,,,,,,
2443,tx,2063044,0,1,RUNNING,,,,,,,,,,,,,,
2444,rx,2063259,137157894,0,RUNNING,676,-64,8,,,,,,,,,,,
2445,tx,2063259,0,1,RUNNING,,,,,,,,,,,,,,
2446,tx,2063339,0,1,RUNNING,,,,,,,,,,,,,,
2447,tx,2063380,0,1,RUNNING,,,,,,,,,,,,,,
2448,rx,2063516,137357895,0,RUNNING,677,-64,8,,,,,,,,,,,
2449,tx,2063516,0,1,RUNNING,,,,,,,,,,,,,,
2450,tx,2063536,0,1,RUNNING,,,,,,,,,,,,,,
2451,tx,2063577,0,1,RUNNING,,,,,,,,,,,,,,
2452,rx,2063637,137557849,0,RUNNING,678,-64,8,,,,,,,,,,,
2453,tx,2063637,0,1,RUNNING,,,,,,,,,,,,,,
2454,tx,2063772,0,1,RUNNING,,,,,,,,,,,,,,
2455,stats,2063772,8289,0,RUNNING,,-43,-128,674,677,1,0,0,0,0,677,0,0,
2456,tx,2063792,0,1,RUNNING,,,,,,,,,,,,,,
2457,tx,2063832,0,1,RUNNING,,,,,,,,,,,,,,
2458,rx,2063852,137757893,0,RUNNING,679,-64,7,,,,,,,,,,,
2459,tx,2063852,0,1,RUNNING,,,,,,,,,,,,,,
2460,tx,2064027,0,1,RUNNING,,,,,,,,,,,,,,
2461,rx,2064047,137957893,0,RUNNING,680,-65,8,,,,,,,,,,,
2462,tx,2064047,0,1,RUNNING,,,,,,,,,,,,,,
2463,tx,2064128,0,1,RUNNING,,,,,,,,,,,,,,
2464,rx,2064281,138157894,0,RUNNING,681,-64,7,,,,,,,,,,,
2465,tx,2064281,0,1,RUNNING,,,,,,,,,,,,,,
2466,tx,2064342,0,1,RUNNING,,,,,,,,,,,,,,
2467,tx,2064382,0,1,RUNNING,,,,,,,,,,,,,,
2468,rx,2064536,138357884,0,RUNNING,682,-65,7,,,,,,,,,,,
2469,tx,2064536,0,1,RUNNING,,,,,,,,,,,,,,
2470,tx,2064597,0,1,RUNNING,,,,,,,,,,,,,,
2471,rx,2064637,138557894,0,RUNNING,683,-64,8,,,,,,,,,,,
2472,tx,2064637,0,1,RUNNING,,,,,,,,,,,,,,
2473,tx,2064791,0,1,RUNNING,,,,,,,,,,,,,,
2474,stats,2064791,8291,0,RUNNING,,7,50,679,682,1,0,0,0,0,682,0,0,
2475,tx,2064831,0,1,RUNNING,,,,,,,,,,,,,,
2476,rx,2064851,138757891,0,RUNNING,684,-64,8,,,,,,,,,,,
2477,tx,2064851,0,1,RUNNING,,,,,,,,,,,,,,
2478,rx,2065046,138957890,0,RUNNING,685,-64,8,,,,,,,,,,,
2479,tx,2065046,0,1,RUNNING,,,,,,,,,,,,,,
2480,tx,2065146,0,1,RUNNING,,,,,,,,,,,,,,
2481,rx,2065300,139157890,0,RUNNING,686,-64,8,,,,,,,,,,,
2482,tx,2065300,0,1,RUNNING,,,,,,,,,,,,,,
2483,tx,2065340,0,1,RUNNING,,,,,,,,,,,,,,
2484,tx,2065381,0,1,RUNNING,,,,,,,,,,,,,,
2485,rx,2065555,139357889,0,RUNNING,687,-64,8,,,,,,,,,,,
2486,tx,2065555,0,1,RUNNING,,,,,,,,,,,,,,
2487,tx,2065595,0,1,RUNNING,,,,,,,,,,,,,,
2488,rx,2065635,139557889,0,RUNNING,688,-64,8,,,,,,,,,,,
2489,tx,2065635,0,1,RUNNING,,,,,,,,,,,,,,
2490,tx,2065809,0,1,RUNNING,,,,,,,,,,,,,,
2491,stats,2065809,8246,0,RUNNING,,-1,0,684,687,1,0,0,0,0,687,0,0,
2492,tx,2065830,0,1,RUNNING,,,,,,,,,,,,,,
2493,rx,2065850,139757889,0,RUNNING,689,-64,8,,,,,,,,,,,
2494,tx,2065850,0,1,RUNNING,,,,,,,,,,,,,,
2495,tx,2065930,0,1,RUNNING,,,,,,,,,,,,,,
2496,rx,2066067,139957889,0,RUNNING,690,-65,7,,,,,,,,,,,
2497,tx,2066067,0,1,RUNNING,,,,,,,,,,,,,,
2498,tx,2066127,0,1,RUNNING,,,,,,,,,,,,,,
2499,tx,2066188,0,1,RUNNING,,,,,,,,,,,,,,
2500,rx,2066322,140157875,0,RUNNING,691,-64,8,,,,,,,,,,,
2501,tx,2066322,0,1,RUNNING,,,,,,,,,,,,,,
2502,tx,2066343,0,1,RUNNING,,,,,,,,,,,,,,
2503,tx,2066383,0,1,RUNNING,,,,,,,,,,,,,,
2504,rx,2066443,140357888,0,RUNNING,692,-65,7,,,,,,,,,,,
2505,tx,2066443,0,1,RUNNING,,,,,,,,,,,,,,
2506,tx,2066577,0,1,RUNNING,,,,,,,,,,,,,,
2507,rx,2066637,140557838,0,RUNNING,693,-64,7,,,,,,,,,,,
2508,tx,2066637,0,1,RUNNING,,,,,,,,,,,,,,
2509,tx,2066832,0,1,RUNNING,,,,,,,,,,,,,,
2510,stats,2066832,8289,0,RUNNING,,-47,-128,689,692,1,0,0,0,0,692,0,0,
2511,rx,2066852,140757887,0,RUNNING,694,-64,8,,,,,,,,,,,
2512,tx,2066852,0,1,RUNNING,,,,,,,,,,,,,,
2513,tx,2066933,0,1,RUNNING,,,,,,,,,,,,,,
2514,rx,2067087,140957874,0,RUNNING,695,-64,8,,,,,,,,,,,
2515,tx,2067087,0,1,RUNNING,,,,,,,,,,,,,,
2516,tx,2067127,0,1,RUNNING,,,,,,,,,,,,,,
2517,tx,2067188,0,1,RUNNING,,,,,,,,,,,,,,
2518,rx,2067343,141157853,0,RUNNING,696,-64,7,,,,,,,,,,,
2519,tx,2067343,0,1,RUNNING,,,,,,,,,,,,,,
2520,tx,2067383,0,1,RUNNING,,,,,,,,,,,,,,
2521,rx,2067443,141357886,0,RUNNING,697,-64,8,,,,,,,,,,,
2522,tx,2067443,0,1,RUNNING,,,,,,,,,,,,,,
2523,tx,2067598,0,1,RUNNING,,,,,,,,,,,,,,
2524,rx,2067638,141557885,0,RUNNING,698,-65,8,,,,,,,,,,,
2525,tx,2067638,0,1,RUNNING,,,,,,,,,,,,,,
2526,rx,2067852,141757884,0,RUNNING,699,-64,8,,,,,,,,,,,
2527,tx,2067852,0,1,RUNNING,,,,,,,,,,,,,,
2528,stats,2067852,7736,0,RUNNING,,4,-5,694,698,1,0,0,0,0,698,0,0,
2529,tx,2067933,0,1,RUNNING,,,,,,,,,,,,,,
2530,rx,2068107,141957876,0,RUNNING,700,-65,9,,,,,,,,,,,
2531,tx,2068107,0,1,RUNNING,,,,,,,,,,,,,,
2532,tx,2068127,0,1,RUNNING,,,,,,,,,,,,,,
2533,tx,2068188,0,1,RUNNING,,,,,,,,,,,,,,
2534,tx,2068228,0,1,RUNNING,,,,,,,,,,,,,,
2535,rx,2068361,142157884,0,RUNNING,701,-65,8,,,,,,,,,,,
2536,tx,2068361,0,1,RUNNING,,,,,,,,,,,,,,
2537,tx,2068382,0,1,RUNNING,,,,,,,,,,,,,,
2538,rx,2068442,142357884,0,RUNNING,702,-64,8,,,,,,,,,,,
2539,tx,2068442,0,1,RUNNING,,,,,,,,,,,,,,
2540,tx,2068615,0,1,RUNNING,,,,,,,,,,,,,,
2541,rx,2068635,142557834,0,RUNNING,703,-64,8,,,,,,,,,,,
2542,tx,2068635,0,1,RUNNING,,,,,,,,,,,,,,
2543,tx,2068736,0,1,RUNNING,,,,,,,,,,,,,,
2544,rx,2068873,142757885,0,RUNNING,704,-64,8,,,,,,,,,,,
2545,tx,2068874,0,1,RUNNING,,,,,,,,,,,,,,
2546,stats,2068874,7759,0,RUNNING,,27,127,699,703,1,0,0,0,0,703,0,0,
2547,tx,2068934,0,1,RUNNING,,,,,,,,,,,,,,
2548,tx,2068994,0,1,RUNNING,,,,,,,,,,,,,,
2549,rx,2069128,142957884,0,RUNNING,705,-65,8,,,,,,,,,,,
2550,tx,2069128,0,1,RUNNING,,,,,,,,,,,,,,
2551,tx,2069188,0,1,RUNNING,,,,,,,,,,,,,,
2552,tx,2069229,0,1,RUNNING,,,,,,,,,,,,,,
2553,rx,2069249,143157884,0,RUNNING,706,-64,8,,,,,,,,,,,
2554,tx,2069249,0,1,RUNNING,,,,,,,,,,,,,,
2555,tx,2069382,0,1,RUNNING,,,,,,,,,,,,,,
2556,rx,2069442,143357882,0,RUNNING,707,-64,7,,,,,,,,,,,
2557,tx,2069443,0,1,RUNNING,,,,,,,,,,,,,,
2558,rx,2069637,143557882,0,RUNNING,708,-64,7,,,,,,,,,,,
2559,tx,2069637,0,1,RUNNING,,,,,,,,,,,,,,
2560,tx,2069737,0,1,RUNNING,,,,,,,,,,,,,,
2561,rx,2069892,143757870,0,RUNNING,709,-64,8,,,,,,,,,,,
2562,tx,2069892,0,1,RUNNING,,,,,,,,,,,,,,
2563,stats,2069892,8287,0,RUNNING,,-11,-60,705,708,1,0,0,0,0,708,0,0,
2564,tx,2069932,0,1,RUNNING,,,,,,,,,,,,,,
2565,tx,2069993,0,1,RUNNING,,,,,,,,,,,,,,
2566,rx,2070147,143957881,0,RUNNING,710,-65,7,,,,,,,,,,,
2567,tx,2070147,0,1,RUNNING,,,,,,,,,,,,,,
2568,tx,2070187,0,1,RUNNING,,,,,,,,,,,,,,
2569,tx,2070227,0,1,RUNNING,,,,,,,,,,,,,,
2570,rx,2070247,144157872,0,RUNNING,711,-64,8,,,,,,,,,,,
2571,tx,2070247,0,1,RUNNING,,,,,,,,,,,,,,
2572,tx,2070402,0,1,RUNNING,,,,,,,,,,,,,,
2573,rx,2070442,144357879,0,RUNNING,712,-64,8,,,,,,,,,,,
2574,tx,2070442,0,1,RUNNING,,,,,,,,,,,,,,
2575,rx,2070656,144557899,0,RUNNING,713,-64,8,,,,,,,,,,,
2576,tx,2070656,0,1,RUNNING,,,,,,,,,,,,,,
2577,tx,2070737,0,1,RUNNING,,,,,,,,,,,,,,
2578,tx,2070777,0,1,RUNNING,,,,,,,,,,,,,,
2579,rx,2070912,144757876,0,RUNNING,714,-64,8,,,,,,,,,,,
2580,tx,2070912,0,1,RUNNING,,,,,,,,,,,,,,
2581,stats,2070912,8269,0,RUNNING,,-12,-115,710,713,1,0,0,0,0,713,0,0,
2582,tx,2070932,0,1,RUNNING,,,,,,,,,,,,,,
2583,tx,2070993,0,1,RUNNING,,,,,,,,,,,,,,
2584,tx,2071033,0,1,RUNNING,,,,,,,,,,,,,,
2585,rx,2071168,144957865,0,RUNNING,715,-65,7,,,,,,,,,,,
2586,tx,2071168,0,1,RUNNING,,,,,,,,,,,,,,
2587,tx,2071188,0,1,RUNNING,,,,,,,,,,,,,,
2588,tx,2071228,0,1,RUNNING,,,,,,,,,,,,,,
2589,rx,2071248,145157880,0,RUNNING,716,-65,7,,,,,,,,,,,
2590,tx,2071248,0,1,RUNNING,,,,,,,,,,,,,,
2591,tx,2071422,0,1,RUNNING,,,,,,,,,,,,,,
2592,rx,2071442,145357878,0,RUNNING,717,-65,8,,,,,,,,,,,
2593,tx,2071442,0,1,RUNNING,,,,,,,,,,,,,,
2594,tx,2071543,0,1,RUNNING,,,,,,,,,,,,,,
2595,rx,2071677,145557879,0,RUNNING,718,-64,8,,,,,,,,,,,
2596,tx,2071677,0,1,RUNNING,,,,,,,,,,,,,,
2597,tx,2071737,0,1,RUNNING,,,,,,,,,,,,,,
2598,tx,2071777,0,1,RUNNING,,,,,,,,,,,,,,
2599,rx,2071931,145757878,0,RUNNING,719,-65,8,,,,,,,,,,,
2600,tx,2071931,0,1,RUNNING,,,,,,,,,,,,,,
2601,stats,2071931,8289,0,RUNNING,,0,-5,715,718,1,0,0,0,0,718,0,0,
2602,tx,2071991,0,1,RUNNING,,,,,,,,,,,,,,
2603,tx,2072032,0,1,RUNNING,,,,,,,,,,,,,,
2604,rx,2072052,145957878,0,RUNNING,720,-65,8,,,,,,,,,,,
2605,tx,2072052,0,1,RUNNING,,,,,,,,,,,,,,
2606,tx,2072186,0,1,RUNNING,,,,,,,,,,,,,,
2607,rx,2072246,146157839,0,RUNNING,721,-64,8,,,,,,,,,,,
2608,tx,2072246,0,1,RUNNING,,,,,,,,,,,,,,
2609,rx,2072441,146357877,0,RUNNING,722,-64,8,,,,,,,,,,,
2610,tx,2072441,0,1,RUNNING,,,,,,,,,,,,,,
2611,tx,2072542,0,1,RUNNING,,,,,,,,,,,,,,
2612,rx,2072696,146557876,0,RUNNING,723,-64,8,,,,,,,,,,,
2613,tx,2072696,0,1,RUNNING,,,,,,,,,,,,,,
2614,tx,2072736,0,1,RUNNING,,,,,,,,,,,,,,
2615,tx,2072796,0,1,RUNNING,,,,,,,,,,,,,,
2616,rx,2072951,146757859,0,RUNNING,724,-64,8,,,,,,,,,,,
2617,tx,2072951,0,1,RUNNING,,,,,,,,,,,,,,
2618,stats,2072951,8287,0,RUNNING,,-13,-85,720,723,1,0,0,0,0,723,0,0,
2619,tx,2072991,0,1,RUNNING,,,,,,,,,,,,,,
2620,tx,2073032,0,1,RUNNING,,,,,,,,,,,,,,
2621,rx,2073052,146957830,0,RUNNING,725,-64,7,,,,,,,,,,,
2622,tx,2073052,0,1,RUNNING,,,,,,,,,,,,,,
2623,tx,2073206,0,1,RUNNING,,,,,,,,,,,,,,
2624,tx,2073227,0,1,RUNNING,,,,,,,,,,,,,,
2625,rx,2073247,147157876,0,RUNNING,726,-64,8,,,,,,,,,,,
2626,tx,2073247,0,1,RUNNING,,,,,,,,,,,,,,
2627,tx,2073327,0,1,RUNNING,,,,,,,,,,,,,,
2628,rx,2073461,147357877,0,RUNNING,727,-65,7,,,,,,,,,,,
2629,tx,2073461,0,1,RUNNING,,,,,,,,,,,,,,
2630,tx,2073542,0,1,RUNNING,,,,,,,,,,,,,,
2631,tx,2073582,0,1,RUNNING,,,,,,,,,,,,,,
2632,rx,2073718,147557876,0,RUNNING,728,-64,7,,,,,,,,,,,
2633,tx,2073718,0,1,RUNNING,,,,,,,,,,,,,,
2634,tx,2073738,0,1,RUNNING,,,,,,,,,,,,,,
2635,tx,2073779,0,1,RUNNING,,,,,,,,,,,,,,
2636,rx,2073839,147757872,0,RUNNING,729,-65,8,,,,,,,,,,,
2637,tx,2073839,0,1,RUNNING,,,,,,,,,,,,,,
2638,tx,2073973,0,1,RUNNING,,,,,,,,,,,,,,
2639,stats,2073973,8276,0,RUNNING,,0,-20,725,728,1,0,0,0,0,728,0,0,
2640,tx,2073993,0,1,RUNNING,,,,,,,,,,,,,,
2641,tx,2074033,0,1,RUNNING,,,,,,,,,,,,,,
2642,rx,2074054,147957850,0,RUNNING,730,-64,8,,,,,,,,,,,
2643,tx,2074054,0,1,RUNNING,,,,,,,,,,,,,,
2644,tx,2074228,0,1,RUNNING,,,,,,,,,,,,,,
2645,rx,2074249,148157874,0,RUNNING,731,-65,8,,,,,,,,,,,
2646,tx,2074249,0,1,RUNNING,,,,,,,,,,,,,,
2647,tx,2074329,0,1,RUNNING,,,,,,,,,,,,,,
2648,rx,2074484,148357860,0,RUNNING,732,-64,8,,,,,,,,,,,
2649,tx,2074484,0,1,RUNNING,,,,,,,,,,,,,,
2650,tx,2074544,0,1,RUNNING,,,,,,,,,,,,,,
2651,tx,2074584,0,1,RUNNING,,,,,,,,,,,,,,
2652,rx,2074738,148557873,0,RUNNING,733,-64,8,,,,,,,,,,,
2653,tx,2074738,0,1,RUNNING,,,,,,,,,,,,,,
2654,tx,2074779,0,1,RUNNING,,,,,,,,,,,,,,
2655,rx,2074839,148757828,0,RUNNING,734,-64,8,,,,,,,,,,,
2656,tx,2074839,0,1,RUNNING,,,,,,,,,,,,,,
2657,tx,2074994,0,1,RUNNING,,,,,,,,,,,,,,
2658,stats,2074994,8291,0,RUNNING,,-40,-128,730,733,1,0,0,0,0,733,0,0,
2659,tx,2075034,0,1,RUNNING,,,,,,,,,,,,,,
2660,rx,2075054,148957877,0,RUNNING,735,-64,7,,,,,,,,,,,
2661,tx,2075054,0,1,RUNNING,,,,,,,,,,,,,,
2662,rx,2075249,149157872,0,RUNNING,736,-65,7,,,,,,,,,,,
2663,tx,2075249,0,1,RUNNING,,,,,,,,,,,,,,
2664,tx,2075330,0,1,RUNNING,,,,,,,,,,,,,,
2665,rx,2075505,149357859,0,RUNNING,737,-64,7,,,,,,,,,,,
2666,tx,2075505,0,1,RUNNING,,,,,,,,,,,,,,
2667,tx,2075545,0,1,RUNNING,,,,,,,,,,,,,,
2668,tx,2075585,0,1,RUNNING,,,,,,,,,,,,,,
2669,rx,2075759,149557872,0,RUNNING,738,-64,7,,,,,,,,,,,
2670,tx,2075759,0,1,RUNNING,,,,,,,,,,,,,,
2671,tx,2075779,0,1,RUNNING,,,,,,,,,,,,,,
2672,rx,2075840,149757847,0,RUNNING,739,-64,8,,,,,,,,,,,
2673,tx,2075840,0,1,RUNNING,,,,,,,,,,,,,,
2674,tx,2076015,0,1,RUNNING,,,,,,,,,,,,,,
2675,stats,2076015,8288,0,RUNNING,,-20,-125,735,738,1,0,0,0,0,738,0,0,
2676,rx,2076035,149957869,0,RUNNING,740,-64,8,,,,,,,,,,,
2677,tx,2076035,0,1,RUNNING,,,,,,,,,,,,,,
2678,tx,2076136,0,1,RUNNING,,,,,,,,,,,,,,
2679,rx,2076271,150157856,0,RUNNING,741,-64,7,,,,,,,,,,,
2680,tx,2076271,0,1,RUNNING,,,,,,,,,,,,,,
2681,tx,2076331,0,1,RUNNING,,,,,,,,,,,,,,
2682,tx,2076391,0,1,RUNNING,,,,,,,,,,,,,,
2683,rx,2076526,150357870,0,RUNNING,742,-65,8,,,,,,,,,,,
2684,tx,2076526,0,1,RUNNING,,,,,,,,,,,,,,
2685,tx,2076546,0,1,RUNNING,,,,,,,,,,,,,,
2686,tx,2076586,0,1,RUNNING,,,,,,,,,,,,,,
2687,rx,2076646,150557867,0,RUNNING,743,-64,8,,,,,,,,,,,
2688,tx,2076646,0,1,RUNNING,,,,,,,,,,,,,,
2689,tx,2076786,0,1,RUNNING,,,,,,,,,,,,,,
2690,rx,2076846,150757868,0,RUNNING,744,-65,7,,,,,,,,,,,
2691,tx,2076846,0,1,RUNNING,,,,,,,,,,,,,,
2692,rx,2077040,150957867,0,RUNNING,745,-63,8,,,,,,,,,,,
2693,tx,2077040,0,1,RUNNING,,,,,,,,,,,,,,
2694,stats,2077040,7732,0,RUNNING,,0,-5,740,744,1,0,0,0,0,744,0,0,
2695,tx,2077141,0,1,RUNNING,,,,,,,,,,,,,,
2696,rx,2077294,151157867,0,RUNNING,746,-64,8,,,,,,,,,,,
2697,tx,2077295,0,1,RUNNING,,,,,,,,,,,,,,
2698,tx,2077335,0,1,RUNNING,,,,,,,,,,,,,,
2699,tx,2077395,0,1,RUNNING,,,,,,,,,,,,,,
2700,rx,2077550,151357864,0,RUNNING,747,-65,8,,,,,,,,,,,
2701,tx,2077550,0,1,RUNNING,,,,,,,,,,,,,,
2702,tx,2077590,0,1,RUNNING,,,,,,,,,,,,,,
2703,tx,2077630,0,1,RUNNING,,,,,,,,,,,,,,
2704,rx,2077650,151557869,0,RUNNING,748,-64,8,,,,,,,,,,,
2705,tx,2077650,0,1,RUNNING,,,,,,,,,,,,,,
2706,tx,2077804,0,1,RUNNING,,,,,,,,,,,,,,
2707,rx,2077844,151757849,0,RUNNING,749,-64,8,,,,,,,,,,,
2708,tx,2077844,0,1,RUNNING,,,,,,,,,,,,,,
2709,rx,2078059,151957867,0,RUNNING,750,-65,8,,,,,,,,,,,
2710,tx,2078060,0,1,RUNNING,,,,,,,,,,,,,,
2711,stats,2078060,7741,0,RUNNING,,9,90,745,749,1,0,0,0,0,749,0,0,
2712,tx,2078140,0,1,RUNNING,,,,,,,,,,,,,,
2713,tx,2078180,0,1,RUNNING,,,,,,,,,,,,,,
2714,rx,2078314,152157866,0,RUNNING,751,-64,7,,,,,,,,,,,
2715,tx,2078314,0,1,RUNNING,,,,,,,,,,,,,,
2716,tx,2078334,0,1,RUNNING,,,,,,,,,,,,,,
2717,tx,2078395,0,1,RUNNING,,,,,,,,,,,,,,
2718,tx,2078435,0,1,RUNNING,,,,,,,,,,,,,,
2719,rx,2078570,152357845,0,RUNNING,752,-64,8,,,,,,,,,,,
2720,tx,2078570,0,1,RUNNING,,,,,,,,,,,,,,
2721,tx,2078590,0,1,RUNNING,,,,,,,,,,,,,,
2722,tx,2078631,0,1,RUNNING,,,,,,,,,,,,,,
2723,rx,2078651,152557867,0,RUNNING,753,-64,8,,,,,,,,,,,
2724,tx,2078651,0,1,RUNNING,,,,,,,,,,,,,,
2725,tx,2078826,0,1,RUNNING,,,,,,,,,,,,,,
2726,rx,2078846,152757865,0,RUNNING,754,-64,7,,,,,,,,,,,
2727,tx,2078846,0,1,RUNNING,,,,,,,,,,,,,,
2728,tx,2078947,0,1,RUNNING,,,,,,,,,,,,,,
2729,rx,2079081,152957865,0,RUNNING,755,-64,8,,,,,,,,,,,
2730,tx,2079081,0,1,RUNNING,,,,,,,,,,,,,,
2731,stats,2079081,7734,0,RUNNING,,2,0,750,754,1,0,0,0,0,754,0,0,
2732,tx,2079141,0,1,RUNNING,,,,,,,,,,,,,,
2733,tx,2079181,0,1,RUNNING,,,,,,,,,,,,,,
2734,rx,2079335,153157864,0,RUNNING,756,-64,7,,,,,,,,,,,
2735,tx,2079335,0,1,RUNNING,,,,,,,,,,,,,,
2736,tx,2079396,0,1,RUNNING,,,,,,,,,,,,,,
2737,rx,2079436,153357864,0,RUNNING,757,-64,8,,,,,,,,,,,
2738,tx,2079436,0,1,RUNNING,,,,,,,,,,,,,,
2739,tx,2079590,0,1,RUNNING,,,,,,,,,,,,,,
2740,tx,2079630,0,1,RUNNING,,,,,,,,,,,,,,
2741,rx,2079650,153557853,0,RUNNING,758,-65,7,,,,,,,,,,,
2742,tx,2079650,0,1,RUNNING,,,,,,,,,,,,,,
2743,rx,2079845,153757813,0,RUNNING,759,-64,7,,,,,,,,,,,
2744,tx,2079845,0,1,RUNNING,,,,,,,,,,,,,,
2745,tx,2079945,0,1,RUNNING,,,,,,,,,,,,,,
2746,rx,2080100,153957864,0,RUNNING,760,-64,7,,,,,,,,,,,
2747,tx,2080100,0,1,RUNNING,,,,,,,,,,,,,,
2748,stats,2080100,8289,0,RUNNING,,28,127,756,759,1,0,0,0,0,759,0,0,
2749,tx,2080141,0,1,RUNNING,,,,,,,,,,,,,,
2750,tx,2080181,0,1,RUNNING,,,,,,,,,,,,,,
2751,rx,2080355,154157864,0,RUNNING,761,-65,8,,,,,,,,,,,
2752,tx,2080355,0,1,RUNNING,,,,,,,,,,,,,,
2753,tx,2080395,0,1,RUNNING,,,,,,,,,,,,,,
2754,tx,2080435,0,1,RUNNING,,,,,,,,,,,,,,
2755,rx,2080455,154357862,0,RUNNING,762,-64,8,,,,,,,,,,,
2756,tx,2080455,0,1,RUNNING,,,,,,,,,,,,,,
2757,tx,2080610,0,1,RUNNING,,,,,,,,,,,,,,
2758,tx,2080630,0,1,RUNNING,,,,,,,,,,,,,,
2759,rx,2080650,154557861,0,RUNNING,763,-65,7,,,,,,,,,,,
2760,tx,2080650,0,1,RUNNING,,,,,,,,,,,,,,
2761,tx,2080730,0,1,RUNNING,,,,,,,,,,,,,,
2762,rx,2080864,154757861,0,RUNNING,764,-64,8,,,,,,,,,,,
2763,tx,2080864,0,1,RUNNING,,,,,,,,,,,,,,
2764,tx,2080945,0,1,RUNNING,,,,,,,,,,,,,,
2765,tx,2080985,0,1,RUNNING,,,,,,,,,,,,,,
2766,rx,2081118,154957861,0,RUNNING,765,-65,8,,,,,,,,,,,
2767,tx,2081118,0,1,RUNNING,,,,,,,,,,,,,,
2768,stats,2081118,8290,0,RUNNING,,1,0,761,764,1,0,0,0,0,764,0,0,
2769,tx,2081139,0,1,RUNNING,,,,,,,,,,,,,,
2770,tx,2081179,0,1,RUNNING,,,,,,,,,,,,,,
2771,rx,2081239,155157862,0,RUNNING,766,-65,8,,,,,,,,,,,
2772,tx,2081239,0,1,RUNNING,,,,,,,,,,,,,,
2773,tx,2081373,0,1,RUNNING,,,,,,,,,,,,,,
2774,tx,2081393,0,1,RUNNING,,,,,,,,,,,,,,
2775,tx,2081433,0,1,RUNNING,,,,,,,,,,,,,,
2776,rx,2081453,155357853,0,RUNNING,767,-65,8,,,,,,,,,,,
2777,tx,2081453,0,1,RUNNING,,,,,,,,,,,,,,
2778,tx,2081627,0,1,RUNNING,,,,,,,,,,,,,,
2779,rx,2081648,155557861,0,RUNNING,768,-64,8,,,,,,,,,,,
2780,tx,2081648,0,1,RUNNING,,,,,,,,,,,,,,
2781,tx,2081728,0,1,RUNNING,,,,,,,,,,,,,,
2782,rx,2081882,155757860,0,RUNNING,769,-64,8,,,,,,,,,,,
2783,tx,2081882,0,1,RUNNING,,,,,,,,,,,,,,
2784,tx,2081942,0,1,RUNNING,,,,,,,,,,,,,,
2785,tx,2081982,0,1,RUNNING,,,,,,,,,,,,,,
2786,rx,2082136,155957859,0,RUNNING,770,-64,8,,,,,,,,,,,
2787,tx,2082136,0,1,RUNNING,,,,,,,,,,,,,,
2788,stats,2082136,8247,0,RUNNING,,0,-5,766,769,1,0,0,0,0,769,0,0,
2789,tx,2082197,0,1,RUNNING,,,,,,,,,,,,,,
2790,rx,2082237,156157857,0,RUNNING,771,-65,8,,,,,,,,,,,
2791,tx,2082237,0,1,RUNNING,,,,,,,,,,,,,,
2792,tx,2082391,0,1,RUNNING,,,,,,,,,,,,,,
2793,tx,2082432,0,1,RUNNING,,,,,,,,,,,,,,
2794,rx,2082452,156357858,0,RUNNING,772,-64,7,,,,,,,,,,,
2795,tx,2082452,0,1,RUNNING,,,,,,,,,,,,,,
2796,rx,2082646,156557857,0,RUNNING,773,-64,8,,,,,,,,,,,
2797,tx,2082646,0,1,RUNNING,,,,,,,,,,,,,,
2798,tx,2082746,0,1,RUNNING,,,,,,,,,,,,,,
2799,rx,2082900,156757858,0,RUNNING,774,-64,7,,,,,,,,,,,
2800,tx,2082900,0,1,RUNNING,,,,,,,,,,,,,,
2801,tx,2082940,0,1,RUNNING,,,,,,,,,,,,,,
2802,tx,2082980,0,1,RUNNING,,,,,,,,,,,,,,
2803,rx,2083154,156957858,0,RUNNING,775,-64,8,,,,,,,,,,,
2804,tx,2083154,0,1,RUNNING,,,,,,,,,,,,,,
2805,stats,2083154,8275,0,RUNNING,,0,0,771,774,1,0,0,0,0,774,0,0,
2806,tx,2083194,0,1,RUNNING,,,,,,,,,,,,,,
2807,tx,2083235,0,1,RUNNING,,,,,,,,,,,,,,
2808,rx,2083255,157157857,0,RUNNING,776,-65,8,,,,,,,,,,,
2809,tx,2083255,0,1,RUNNING,,,,,,,,,,,,,,
2810,tx,2083409,0,1,RUNNING,,,,,,,,,,,,,,
2811,tx,2083429,0,1,RUNNING,,,,,,,,,,,,,,
2812,rx,2083449,157357808,0,RUNNING,777,-64,8,,,,,,,,,,,
2813,tx,2083449,0,1,RUNNING,,,,,,,,,,,,,,
2814,tx,2083530,0,1,RUNNING,,,,,,,,,,,,,,
2815,rx,2083665,157557856,0,RUNNING,778,-64,8,,,,,,,,,,,
2816,tx,2083665,0,1,RUNNING,,,,,,,,,,,,,,
2817,tx,2083745,0,1,RUNNING,,,,,,,,,,,,,,
2818,tx,2083785,0,1,RUNNING,,,,,,,,,,,,,,
2819,rx,2083919,157757856,0,RUNNING,779,-65,7,,,,,,,,,,,
2820,tx,2083919,0,1,RUNNING,,,,,,,,,,,,,,
2821,tx,2083939,0,1,RUNNING,,,,,,,,,,,,,,
2822,tx,2083979,0,1,RUNNING,,,,,,,,,,,,,,
2823,rx,2084040,157957822,0,RUNNING,780,-64,8,,,,,,,,,,,
2824,tx,2084040,0,1,RUNNING,,,,,,,,,,,,,,
2825,tx,2084178,0,1,RUNNING,,,,,,,,,,,,,,
2826,stats,2084178,8298,0,RUNNING,,-28,-128,776,779,1,0,0,0,0,779,0,0,
2827,rx,2084238,158157810,0,RUNNING,781,-64,7,,,,,,,,,,,
2828,tx,2084238,0,1,RUNNING,,,,,,,,,,,,,,
2829,tx,2084433,0,1,RUNNING,,,,,,,,,,,,,,
2830,rx,2084453,158357854,0,RUNNING,782,-64,7,,,,,,,,,,,
2831,tx,2084453,0,1,RUNNING,,,,,,,,,,,,,,
2832,tx,2084533,0,1,RUNNING,,,,,,,,,,,,,,
2833,rx,2084688,158557842,0,RUNNING,783,-64,7,,,,,,,,,,,
2834,tx,2084688,0,1,RUNNING,,,,,,,,,,,,,,
2835,tx,2084728,0,1,RUNNING,,,,,,,,,,,,,,
2836,tx,2084789,0,1,RUNNING,,,,,,,,,,,,,,
2837,rx,2084943,158757854,0,RUNNING,784,-65,8,,,,,,,,,,,
2838,tx,2084943,0,1,RUNNING,,,,,,,,,,,,,,
2839,tx,2084983,0,1,RUNNING,,,,,,,,,,,,,,
2840,rx,2085043,158957852,0,RUNNING,785,-65,9,,,,,,,,,,,
2841,tx,2085043,0,1,RUNNING,,,,,,,,,,,,,,
2842,tx,2085197,0,1,RUNNING,,,,,,,,,,,,,,
2843,stats,2085198,8289,0,RUNNING,,5,-10,781,784,1,0,0,0,0,784,0,0,
2844,rx,2085238,159157829,0,RUNNING,786,-64,9,,,,,,,,,,,
2845,tx,2085238,0,1,RUNNING,,,,,,,,,,,,,,
2846,rx,2085453,159357853,0,RUNNING,787,-65,8,,,,,,,,,,,
2847,tx,2085453,0,1,RUNNING,,,,,,,,,,,,,,
2848,tx,2085533,0,1,RUNNING,,,,,,,,,,,,,,
2849,rx,2085708,159557840,0,RUNNING,788,-64,7,,,,,,,,,,,
2850,tx,2085708,0,1,RUNNING,,,,,,,,,,,,,,
2851,tx,2085728,0,1,RUNNING,,,,,,,,,,,,,,
2852,tx,2085789,0,1,RUNNING,,,,,,,,,,,,,,
2853,tx,2085829,0,1,RUNNING,,,,,,,,,,,,,,
2854,rx,2085963,159757853,0,RUNNING,789,-64,8,,,,,,,,,,,
2855,tx,2085963,0,1,RUNNING,,,,,,,,,,,,,,
2856,tx,2085983,0,1,RUNNING,,,,,,,,,,,,,,
2857,rx,2086043,159957808,0,RUNNING,790,-65,8,,,,,,,,,,,
2858,tx,2086043,0,1,RUNNING,,,,,,,,,,,,,,
2859,tx,2086218,0,1,RUNNING,,,,,,,,,,,,,,
2860,stats,2086218,8277,0,RUNNING,,-40,-128,786,789,1,0,0,0,0,789,0,0,
2861,rx,2086239,160157851,0,RUNNING,791,-64,7,,,,,,,,,,,
2862,tx,2086239,0,1,RUNNING,,,,,,,,,,,,,,
2863,tx,2086339,0,1,RUNNING,,,,,,,,,,,,,,
2864,rx,2086477,160357852,0,RUNNING,792,-65,7,,,,,,,,,,,
2865,tx,2086477,0,1,RUNNING,,,,,,,,,,,,,,
2866,tx,2086537,0,1,RUNNING,,,,,,,,,,,,,,
2867,tx,2086577,0,1,RUNNING,,,,,,,,,,,,,,
2868,rx,2086731,160557853,0,RUNNING,793,-65,7,,,,,,,,,,,
2869,tx,2086731,0,1,RUNNING,,,,,,,,,,,,,,
2870,tx,2086791,0,1,RUNNING,,,,,,,,,,,,,,
2871,tx,2086831,0,1,RUNNING,,,,,,,,,,,,,,
2872,rx,2086851,160757853,0,RUNNING,794,-64,8,,,,,,,,,,,
2873,tx,2086851,0,1,RUNNING,,,,,,,,,,,,,,
2874,tx,2086985,0,1,RUNNING,,,,,,,,,,,,,,
2875,rx,2087045,160957833,0,RUNNING,795,-65,8,,,,,,,,,,,
2876,tx,2087045,0,1,RUNNING,,,,,,,,,,,,,,
2877,rx,2087241,161157849,0,RUNNING,796,-65,7,,,,,,,,,,,
2878,tx,2087241,0,1,RUNNING,,,,,,,,,,,,,,
2879,stats,2087241,7739,0,RUNNING,,7,80,791,795,1,0,0,0,0,795,0,0,
2880,tx,2087341,0,1,RUNNING,,,,,,,,,,,,,,
2881,rx,2087495,161357850,0,RUNNING,797,-65,7,,,,,,,,,,,
2882,tx,2087495,0,1,RUNNING,,,,,,,,,,,,,,
2883,tx,2087535,0,1,RUNNING,,,,,,,,,,,,,,
2884,tx,2087596,0,1,RUNNING,,,,,,,,,,,,,,
2885,rx,2087750,161557849,0,RUNNING,798,-64,7,,,,,,,,,,,
2886,tx,2087750,0,1,RUNNING,,,,,,,,,,,,,,
2887,tx,2087790,0,1,RUNNING,,,,,,,,,,,,,,
2888,tx,2087830,0,1,RUNNING,,,,,,,,,,,,,,
2889,rx,2087850,161757848,0,RUNNING,799,-64,7,,,,,,,,,,,
2890,tx,2087850,0,1,RUNNING,,,,,,,,,,,,,,
2891,tx,2088004,0,1,RUNNING,,,,,,,,,,,,,,
2892,rx,2088044,161957848,0,RUNNING,800,-65,7,,,,,,,,,,,
2893,tx,2088044,0,1,RUNNING,,,,,,,,,,,,,,
2894,rx,2088258,162157848,0,RUNNING,801,-65,8,,,,,,,,,,,
2895,tx,2088258,0,1,RUNNING,,,,,,,,,,,,,,
2896,stats,2088258,7732,0,RUNNING,,0,0,796,800,1,0,0,0,0,800,0,0,
2897,tx,2088339,0,1,RUNNING,,,,,,,,,,,,,,
2898,tx,2088379,0,1,RUNNING,,,,,,,,,,,,,,
2899,rx,2088513,162357847,0,RUNNING,802,-65,7,,,,,,,,,,,
2900,tx,2088513,0,1,RUNNING,,,,,,,,,,,,,,
2901,tx,2088533,0,1,RUNNING,,,,,,,,,,,,,,
2902,tx,2088594,0,1,RUNNING,,,,,,,,,,,,,,
2903,tx,2088634,0,1,RUNNING,,,,,,,,,,,,,,
2904,rx,2088772,162557835,0,RUNNING,803,-65,7,,,,,,,,,,,
2905,tx,2088772,0,1,RUNNING,,,,,,,,,,,,,,
2906,tx,2088792,0,1,RUNNING,,,,,,,,,,,,,,
2907,tx,2088832,0,1,RUNNING,,,,,,,,,,,,,,
2908,rx,2088852,162757847,0,RUNNING,804,-65,8,,,,,,,,,,,
2909,tx,2088852,0,1,RUNNING,,,,,,,,,,,,,,
2910,tx,2089027,0,1,RUNNING,,,,,,,,,,,,,,
2911,rx,2089047,162957797,0,RUNNING,805,-64,8,,,,,,,,,,,
2912,tx,2089047,0,1,RUNNING,,,,,,,,,,,,,,
2913,tx,2089127,0,1,RUNNING,,,,,,,,,,,,,,
2914,rx,2089282,163157846,0,RUNNING,806,-65,8,,,,,,,,,,,
2915,tx,2089282,0,1,RUNNING,,,,,,,,,,,,,,
2916,stats,2089282,7757,0,RUNNING,,25,127,801,805,1,0,0,0,0,805,0,0,
2917,tx,2089342,0,1,RUNNING,,,,,,,,,,,,,,
2918,tx,2089383,0,1,RUNNING,,,,,,,,,,,,,,
2919,rx,2089537,163357846,0,RUNNING,807,-64,8,,,,,,,,,,,
2920,tx,2089537,0,1,RUNNING,,,,,,,,,,,,,,
2921,tx,2089577,0,1,RUNNING,,,,,,,,,,,,,,
2922,rx,2089637,163557807,0,RUNNING,808,-64,8,,,,,,,,,,,
2923,tx,2089637,0,1,RUNNING,,,,,,,,,,,,,,
2924,tx,2089792,0,1,RUNNING,,,,,,,,,,,,,,
2925,tx,2089833,0,1,RUNNING,,,,,,,,,,,,,,
2926,rx,2089853,163757844,0,RUNNING,809,-64,9,,,,,,,,,,,
2927,tx,2089853,0,1,RUNNING,,,,,,,,,,,,,,
2928,rx,2090048,163957845,0,RUNNING,810,-64,7,,,,,,,,,,,
2929,tx,2090048,0,1,RUNNING,,,,,,,,,,,,,,
2930,tx,2090128,0,1,RUNNING,,,,,,,,,,,,,,
2931,rx,2090303,164157831,0,RUNNING,811,-65,7,,,,,,,,,,,
2932,tx,2090303,0,1,RUNNING,,,,,,,,,,,,,,
2933,stats,2090303,8289,0,RUNNING,,-8,-70,807,810,1,0,0,0,0,810,0,0,
2934,tx,2090343,0,1,RUNNING,,,,,,,,,,,,,,
2935,tx,2090383,0,1,RUNNING,,,,,,,,,,,,,,
2936,rx,2090558,164357844,0,RUNNING,812,-64,8,,,,,,,,,,,
2937,tx,2090558,0,1,RUNNING,,,,,,,,,,,,,,
2938,tx,2090578,0,1,RUNNING,,,,,,,,,,,,,,
2939,rx,2090638,164557841,0,RUNNING,813,-65,8,,,,,,,,,,,
2940,tx,2090638,0,1,RUNNING,,,,,,,,,,,,,,
2941,tx,2090812,0,1,RUNNING,,,,,,,,,,,,,,
2942,tx,2090832,0,1,RUNNING,,,,,,,,,,,,,,
2943,rx,2090852,164757843,0,RUNNING,814,-64,8,,,,,,,,,,,
2944,tx,2090852,0,1,RUNNING,,,,,,,,,,,,,,
2945,tx,2090933,0,1,RUNNING,,,,,,,,,,,,,,
2946,rx,2091067,164957815,0,RUNNING,815,-64,8,,,,,,,,,,,
2947,tx,2091067,0,1,RUNNING,,,,,,,,,,,,,,
2948,tx,2091127,0,1,RUNNING,,,,,,,,,,,,,,
2949,tx,2091188,0,1,RUNNING,,,,,,,,,,,,,,
2950,rx,2091322,165157838,0,RUNNING,816,-64,8,,,,,,,,,,,
2951,tx,2091322,0,1,RUNNING,,,,,,,,,,,,,,
2952,stats,2091322,8270,0,RUNNING,,10,115,812,815,1,0,0,0,0,815,0,0,
2953,tx,2091342,0,1,RUNNING,,,,,,,,,,,,,,
2954,tx,2091382,0,1,RUNNING,,,,,,,,,,,,,,
2955,rx,2091443,165357843,0,RUNNING,817,-64,8,,,,,,,,,,,
2956,tx,2091443,0,1,RUNNING,,,,,,,,,,,,,,
2957,tx,2091577,0,1,RUNNING,,,,,,,,,,,,,,
2958,rx,2091637,165557840,0,RUNNING,818,-64,7,,,,,,,,,,,
2959,tx,2091637,0,1,RUNNING,,,,,,,,,,,,,,
2960,tx,2091831,0,1,RUNNING,,,,,,,,,,,,,,
2961,rx,2091852,165757842,0,RUNNING,819,-64,8,,,,,,,,,,,
2962,tx,2091852,0,1,RUNNING,,,,,,,,,,,,,,
2963,tx,2091932,0,1,RUNNING,,,,,,,,,,,,,,
2964,rx,2092086,165957841,0,RUNNING,820,-64,7,,,,,,,,,,,
2965,tx,2092086,0,1,RUNNING,,,,,,,,,,,,,,
2966,tx,2092146,0,1,RUNNING,,,,,,,,,,,,,,
2967,tx,2092187,0,1,RUNNING,,,,,,,,,,,,,,
2968,rx,2092340,166157842,0,RUNNING,821,-64,7,,,,,,,,,,,
2969,tx,2092340,0,1,RUNNING,,,,,,,,,,,,,,
2970,stats,2092340,8247,0,RUNNING,,2,5,817,820,1,0,0,0,0,820,0,0,
2971,tx,2092380,0,1,RUNNING,,,,,,,,,,,,,,
2972,rx,2092441,166357840,0,RUNNING,822,-65,8,,,,,,,,,,,
2973,tx,2092441,0,1,RUNNING,,,,,,,,,,,,,,
2974,tx,2092595,0,1,RUNNING,,,,,,,,,,,,,,
2975,rx,2092636,166557831,0,RUNNING,823,-64,8,,,,,,,,,,,
2976,tx,2092636,0,1,RUNNING,,,,,,,,,,,,,,
2977,rx,2092851,166757839,0,RUNNING,824,-64,8,,,,,,,,,,,
2978,tx,2092851,0,1,RUNNING,,,,,,,,,,,,,,
2979,tx,2092931,0,1,RUNNING,,,,,,,,,,,,,,
2980,rx,2093105,166957838,0,RUNNING,825,-64,8,,,,,,,,,,,
2981,tx,2093105,0,1,RUNNING,,,,,,,,,,,,,,
2982,tx,2093145,0,1,RUNNING,,,,,,,,,,,,,,
2983,tx,2093186,0,1,RUNNING,,,,,,,,,,,,,,
2984,rx,2093359,167157838,0,RUNNING,826,-65,9,,,,,,,,,,,
2985,tx,2093359,0,1,RUNNING,,,,,,,,,,,,,,
2986,stats,2093359,8287,0,RUNNING,,1,0,822,825,1,0,0,0,0,825,0,0,
2987,tx,2093379,0,1,RUNNING,,,,,,,,,,,,,,
2988,rx,2093440,167357836,0,RUNNING,827,-65,7,,,,,,,,,,,
2989,tx,2093440,0,1,RUNNING,,,,,,,,,,,,,,
2990,tx,2093615,0,1,RUNNING,,,,,,,,,,,,,,
2991,tx,2093635,0,1,RUNNING,,,,,,,,,,,,,,
2992,rx,2093655,167557837,0,RUNNING,828,-64,8,,,,,,,,,,,
2993,tx,2093655,0,1,RUNNING,,,,,,,,,,,,,,
2994,tx,2093735,0,1,RUNNING,,,,,,,,,,,,,,
2995,rx,2093869,167757838,0,RUNNING,829,-64,8,,,,,,,,,,,
2996,tx,2093869,0,1,RUNNING,,,,,,,,,,,,,,
2997,tx,2093929,0,1,RUNNING,,,,,,,,,,,,,,
2998,tx,2093989,0,1,RUNNING,,,,,,,,,,,,,,
2999,rx,2094123,167957838,0,RUNNING,830,-65,9,,,,,,,,,,,
3000,tx,2094123,0,1,RUNNING,,,,,,,,,,,,,,
3001,tx,2094143,0,1,RUNNING,,,,,,,,,,,,,,
3002,tx,2094183,0,1,RUNNING,,,,,,,,,,,,,,
3003,rx,2094243,168157836,0,RUNNING,831,-65,7,,,,,,,,,,,
3004,tx,2094244,0,1,RUNNING,,,,,,,,,,,,,,
3005,tx,2094378,0,1,RUNNING,,,,,,,,,,,,,,
3006,stats,2094378,8289,0,RUNNING,,-1,-10,827,830,1,0,0,0,0,830,0,0,
3007,rx,2094438,168357837,0,RUNNING,832,-65,8,,,,,,,,,,,
3008,tx,2094438,0,1,RUNNING,,,,,,,,,,,,,,
3009,tx,2094631,0,1,RUNNING,,,,,,,,,,,,,,
3010,rx,2094652,168557788,0,RUNNING,833,-64,8,,,,,,,,,,,
3011,tx,2094652,0,1,RUNNING,,,,,,,,,,,,,,
3012,tx,2094732,0,1,RUNNING,,,,,,,,,,,,,,
3013,rx,2094887,168757836,0,RUNNING,834,-64,8,,,,,,,,,,,
3014,tx,2094887,0,1,RUNNING,,,,,,,,,,,,,,
3015,tx,2094947,0,1,RUNNING,,,,,,,,,,,,,,
3016,tx,2094987,0,1,RUNNING,,,,,,,,,,,,,,
3017,rx,2095141,168957836,0,RUNNING,835,-65,7,,,,,,,,,,,
3018,tx,2095141,0,1,RUNNING,,,,,,,,,,,,,,
3019,tx,2095181,0,1,RUNNING,,,,,,,,,,,,,,
3020,rx,2095242,169157815,0,RUNNING,836,-64,7,,,,,,,,,,,
3021,tx,2095242,0,1,RUNNING,,,,,,,,,,,,,,
3022,tx,2095397,0,1,RUNNING,,,,,,,,,,,,,,
3023,stats,2095397,8276,0,RUNNING,,-15,-105,832,835,1,0,0,0,0,835,0,0,
3024,rx,2095437,169357819,0,RUNNING,837,-64,7,,,,,,,,,,,
3025,tx,2095437,0,1,RUNNING,,,,,,,,,,,,,,
3026,rx,2095651,169557834,0,RUNNING,838,-64,8,,,,,,,,,,,
3027,tx,2095651,0,1,RUNNING,,,,,,,,,,,,,,
3028,tx,2095732,0,1,RUNNING,,,,,,,,,,,,,,
3029,rx,2095905,169757834,0,RUNNING,839,-64,8,,,,,,,,,,,
3030,tx,2095906,0,1,RUNNING,,,,,,,,,,,,,,
3031,tx,2095946,0,1,RUNNING,,,,,,,,,,,,,,
3032,tx,2095986,0,1,RUNNING,,,,,,,,,,,,,,
3033,rx,2096160,169957834,0,RUNNING,840,-64,7,,,,,,,,,,,
3034,tx,2096160,0,1,RUNNING,,,,,,,,,,,,,,
3035,tx,2096180,0,1,RUNNING,,,,,,,,,,,,,,
3036,rx,2096240,170157832,0,RUNNING,841,-65,8,,,,,,,,,,,
3037,tx,2096240,0,1,RUNNING,,,,,,,,,,,,,,
3038,tx,2096415,0,1,RUNNING,,,,,,,,,,,,,,
3039,stats,2096415,8290,0,RUNNING,,0,-10,837,840,1,0,0,0,0,840,0,0,
3040,tx,2096435,0,1,RUNNING,,,,,,,,,,,,,,
3041,rx,2096455,170357808,0,RUNNING,842,-64,8,,,,,,,,,,,
3042,tx,2096455,0,1,RUNNING,,,,,,,,,,,,,,
3043,tx,2096536,0,1,RUNNING,,,,,,,,,,,,,,
3044,rx,2096671,170557819,0,RUNNING,843,-64,8,,,,,,,,,,,
3045,tx,2096671,0,1,RUNNING,,,,,,,,,,,,,,
3046,tx,2096731,0,1,RUNNING,,,,,,,,,,,,,,
3047,tx,2096791,0,1,RUNNING,,,,,,,,,,,,,,
3048,rx,2096928,170757833,0,RUNNING,844,-64,8,,,,,,,,,,,
3049,tx,2096928,0,1,RUNNING,,,,,,,,,,,,,,
3050,tx,2096988,0,1,RUNNING,,,,,,,,,,,,,,
3051,tx,2097029,0,1,RUNNING,,,,,,,,,,,,,,
3052,rx,2097049,170957832,0,RUNNING,845,-65,7,,,,,,,,,,,
3053,tx,2097049,0,1,RUNNING,,,,,,,,,,,,,,
3054,tx,2097182,0,1,RUNNING,,,,,,,,,,,,,,
3055,rx,2097243,171157787,0,RUNNING,846,-64,8,,,,,,,,,,,
3056,tx,2097243,0,1,RUNNING,,,,,,,,,,,,,,
3057,rx,2097438,171357830,0,RUNNING,847,-64,7,,,,,,,,,,,
3058,tx,2097438,0,1,RUNNING,,,,,,,,,,,,,,
3059,stats,2097438,7754,0,RUNNING,,22,127,842,846,1,0,0,0,0,846,0,0,
3060,tx,2097539,0,1,RUNNING,,,,,,,,,,,,,,
3061,rx,2097693,171557818,0,RUNNING,848,-64,8,,,,,,,,,,,
3062,tx,2097693,0,1,RUNNING,,,,,,,,,,,,,,
3063,tx,2097733,0,1,RUNNING,,,,,,,,,,,,,,
3064,tx,2097794,0,1,RUNNING,,,,,,,,,,,,,,
3065,rx,2097948,171757832,0,RUNNING,849,-65,8,,,,,,,,,,,
3066,tx,2097948,0,1,RUNNING,,,,,,,,,,,,,,
3067,tx,2097988,0,1,RUNNING,,,,,,,,,,,,,,
3068,tx,2098028,0,1,RUNNING,,,,,,,,,,,,,,
3069,rx,2098048,171957830,0,RUNNING,850,-64,8,,,,,,,,,,,
3070,tx,2098048,0,1,RUNNING,,,,,,,,,,,,,,
3071,tx,2098202,0,1,RUNNING,,,,,,,,,,,,,,
3072,rx,2098243,172157826,0,RUNNING,851,-64,7,,,,,,,,,,,
3073,tx,2098243,0,1,RUNNING,,,,,,,,,,,,,,
3074,rx,2098457,172357829,0,RUNNING,852,-65,8,,,,,,,,,,,
3075,tx,2098457,0,1,RUNNING,,,,,,,,,,,,,,
3076,stats,2098457,7734,0,RUNNING,,2,15,847,851,1,0,0,0,0,851,0,0,
3077,tx,2098538,0,1,RUNNING,,,,,,,,,,,,,,
3078,tx,2098578,0,1,RUNNING,,,,,,,,,,,,,,
3079,rx,2098711,172557829,0,RUNNING,853,-64,8,,,,,,,,,,,
3080,tx,2098711,0,1,RUNNING,,,,,,,,,,,,,,
3081,tx,2098731,0,1,RUNNING,,,,,,,,,,,,,,
3082,tx,2098792,0,1,RUNNING,,,,,,,,,,,,,,
3083,tx,2098832,0,1,RUNNING,,,,,,,,,,,,,,
3084,rx,2098965,172757830,0,RUNNING,854,-65,8,,,,,,,,,,,
3085,tx,2098965,0,1,RUNNING,,,,,,,,,,,,,,
3086,tx,2098986,0,1,RUNNING,,,,,,,,,,,,,,
3087,rx,2099046,172957826,0,RUNNING,855,-63,8,,,,,,,,,,,
3088,tx,2099046,0,1,RUNNING,,,,,,,,,,,,,,
3089,tx,2099221,0,1,RUNNING,,,,,,,,,,,,,,
3090,rx,2099241,173157827,0,RUNNING,856,-64,7,,,,,,,,,,,
3091,tx,2099241,0,1,RUNNING,,,,,,,,,,,,,,
3092,tx,2099341,0,1,RUNNING,,,,,,,,,,,,,,
3093,rx,2099475,173357827,0,RUNNING,857,-65,7,,,,,,,,,,,
3094,tx,2099475,0,1,RUNNING,,,,,,,,,,,,,,
3095,stats,2099475,7731,0,RUNNING,,-1,0,852,856,1,0,0,0,0,856,0,0,
3096,tx,2099536,0,1,RUNNING,,,,,,,,,,,,,,
3097,tx,2099596,0,1,RUNNING,,,,,,,,,,,,,,
3098,rx,2099730,173557827,0,RUNNING,858,-65,8,,,,,,,,,,,
3099,tx,2099730,0,1,RUNNING,,,,,,,,,,,,,,
3100,tx,2099790,0,1,RUNNING,,,,,,,,,,,,,,
3101,tx,2099831,0,1,RUNNING,,,,,,,,,,,,,,
3102,rx,2099851,173757827,0,RUNNING,859,-65,7,,,,,,,,,,,
3103,tx,2099851,0,1,RUNNING,,,,,,,,,,,,,,
3104,tx,2099987,0,1,RUNNING,,,,,,,,,,,,,,
3105,tx,2100028,0,1,RUNNING,,,,,,,,,,,,,,
3106,rx,2100048,173957827,0,RUNNING,860,-65,8,,,,,,,,,,,
3107,tx,2100048,0,1,RUNNING,,,,,,,,,,,,,,
3108,rx,2100242,174157777,0,RUNNING,861,-64,7,,,,,,,,,,,
3109,tx,2100242,0,1,RUNNING,,,,,,,,,,,,,,
3110,tx,2100342,0,1,RUNNING,,,,,,,,,,,,,,
3111,rx,2100497,174357826,0,RUNNING,862,-64,7,,,,,,,,,,,
3112,tx,2100497,0,1,RUNNING,,,,,,,,,,,,,,
3113,stats,2100497,8285,0,RUNNING,,23,127,858,861,1,0,0,0,0,861,0,0,
3114,tx,2100537,0,1,RUNNING,,,,,,,,,,,,,,
3115,tx,2100577,0,1,RUNNING,,,,,,,,,,,,,,
3116,rx,2100751,174557826,0,RUNNING,863,-64,8,,,,,,,,,,,
3117,tx,2100751,0,1,RUNNING,,,,,,,,,,,,,,
3118,tx,2100791,0,1,RUNNING,,,,,,,,,,,,,,
3119,tx,2100832,0,1,RUNNING,,,,,,,,,,,,,,
3120,rx,2100852,174757783,0,RUNNING,864,-64,8,,,,,,,,,,,
3121,tx,2100852,0,1,RUNNING,,,,,,,,,,,,,,
3122,tx,2101006,0,1,RUNNING,,,,,,,,,,,,,,
3123,rx,2101047,174957822,0,RUNNING,865,-64,8,,,,,,,,,,,
3124,tx,2101047,0,1,RUNNING,,,,,,,,,,,,,,
3125,tx,2101127,0,1,RUNNING,,,,,,,,,,,,,,
3126,rx,2101261,175157824,0,RUNNING,866,-65,8,,,,,,,,,,,
3127,tx,2101261,0,1,RUNNING,,,,,,,,,,,,,,
3128,tx,2101342,0,1,RUNNING,,,,,,,,,,,,,,
3129,tx,2101382,0,1,RUNNING,,,,,,,,,,,,,,
3130,rx,2101516,175357825,0,RUNNING,867,-65,8,,,,,,,,,,,
3131,tx,2101516,0,1,RUNNING,,,,,,,,,,,,,,
3132,stats,2101516,8277,0,RUNNING,,7,5,863,866,1,0,0,0,0,866,0,0,
3133,tx,2101536,0,1,RUNNING,,,,,,,,,,,,,,
3134,tx,2101596,0,1,RUNNING,,,,,,,,,,,,,,
3135,rx,2101636,175557822,0,RUNNING,868,-64,8,,,,,,,,,,,
3136,tx,2101636,0,1,RUNNING,,,,,,,,,,,,,,
3137,tx,2101773,0,1,RUNNING,,,,,,,,,,,,,,
3138,tx,2101793,0,1,RUNNING,,,,,,,,,,,,,,
3139,tx,2101833,0,1,RUNNING,,,,,,,,,,,,,,
3140,rx,2101854,175757822,0,RUNNING,869,-64,8,,,,,,,,,,,
3141,tx,2101854,0,1,RUNNING,,,,,,,,,,,,,,
3142,tx,2102027,0,1,RUNNING,,,,,,,,,,,,,,
3143,rx,2102047,175957822,0,RUNNING,870,-64,7,,,,,,,,,,,
3144,tx,2102047,0,1,RUNNING,,,,,,,,,,,,,,
3145,tx,2102128,0,1,RUNNING,,,,,,,,,,,,,,
3146,rx,2102281,176157773,0,RUNNING,871,-64,8,,,,,,,,,,,
3147,tx,2102281,0,1,RUNNING,,,,,,,,,,,,,,
3148,tx,2102341,0,1,RUNNING,,,,,,,,,,,,,,
3149,tx,2102382,0,1,RUNNING,,,,,,,,,,,,,,
3150,rx,2102536,176357821,0,RUNNING,872,-65,8,,,,,,,,,,,
3151,tx,2102536,0,1,RUNNING,,,,,,,,,,,,,,
3152,stats,2102536,8247,0,RUNNING,,24,127,868,871,1,0,0,0,0,871,0,0,
3153,tx,2102596,0,1,RUNNING,,,,,,,,,,,,,,
3154,rx,2102637,176557822,0,RUNNING,873,-64,8,,,,,,,,,,,
3155,tx,2102637,0,1,RUNNING,,,,,,,,,,,,,,
3156,tx,2102791,0,1,RUNNING,,,,,,,,,,,,,,
3157,tx,2102831,0,1,RUNNING,,,,,,,,,,,,,,
3158,rx,2102851,176757823,0,RUNNING,874,-64,8,,,,,,,,,,,
3159,tx,2102851,0,1,RUNNING,,,,,,,,,,,,,,
3160,rx,2103045,176957820,0,RUNNING,875,-64,7,,,,,,,,,,,
3161,tx,2103045,0,1,RUNNING,,,,,,,,,,,,,,
3162,tx,2103145,0,1,RUNNING,,,,,,,,,,,,,,
3163,rx,2103300,177157819,0,RUNNING,876,-65,7,,,,,,,,,,,
3164,tx,2103300,0,1,RUNNING,,,,,,,,,,,,,,
3165,tx,2103340,0,1,RUNNING,,,,,,,,,,,,,,
3166,tx,2103380,0,1,RUNNING,,,,,,,,,,,,,,
3167,rx,2103554,177357820,0,RUNNING,877,-64,8,,,,,,,,,,,
3168,tx,2103554,0,1,RUNNING,,,,,,,,,,,,,,
3169,stats,2103554,8275,0,RUNNING,,1,5,873,876,1,0,0,0,0,876,0,0,
3170,tx,2103594,0,1,RUNNING,,,,,,,,,,,,,,
3171,tx,2103635,0,1,RUNNING,,,,,,,,,,,,,,
3172,rx,2103655,177557821,0,RUNNING,878,-64,8,,,,,,,,,,,
3173,tx,2103655,0,1,RUNNING,,,,,,,,,,,,,,
3174,tx,2103808,0,1,RUNNING,,,,,,,,,,,,,,
3175,tx,2103829,0,1,RUNNING,,,,,,,,,,,,,,
3176,rx,2103849,177757812,0,RUNNING,879,-65,8,,,,,,,,,,,
3177,tx,2103849,0,1,RUNNING,,,,,,,,,,,,,,
3178,tx,2103929,0,1,RUNNING,,,,,,,,,,,,,,
3179,rx,2104064,177957819,0,RUNNING,880,-65,7,,,,,,,,,,,
3180,tx,2104064,0,1,RUNNING,,,,,,,,,,,,,,
3181,tx,2104144,0,1,RUNNING,,,,,,,,,,,,,,
3182,tx,2104184,0,1,RUNNING,,,,,,,,,,,,,,
3183,rx,2104318,178157820,0,RUNNING,881,-65,8,,,,,,,,,,,
3184,tx,2104318,0,1,RUNNING,,,,,,,,,,,,,,
3185,tx,2104338,0,1,RUNNING,,,,,,,,,,,,,,
3186,tx,2104378,0,1,RUNNING,,,,,,,,,,,,,,
3187,rx,2104438,178357819,0,RUNNING,882,-64,8,,,,,,,,,,,
3188,tx,2104438,0,1,RUNNING,,,,,,,,,,,,,,
3189,tx,2104572,0,1,RUNNING,,,,,,,,,,,,,,
3190,stats,2104572,8276,0,RUNNING,,1,-5,878,881,1,0,0,0,0,881,0,0,
3191,tx,2104592,0,1,RUNNING,,,,,,,,,,,,,,
3192,tx,2104633,0,1,RUNNING,,,,,,,,,,,,,,
3193,rx,2104653,178557817,0,RUNNING,883,-65,7,,,,,,,,,,,
3194,tx,2104653,0,1,RUNNING,,,,,,,,,,,,,,
3195,tx,2104827,0,1,RUNNING,,,,,,,,,,,,,,
3196,rx,2104848,178757818,0,RUNNING,884,-65,8,,,,,,,,,,,
3197,tx,2104848,0,1,RUNNING,,,,,,,,,,,,,,
3198,tx,2104928,0,1,RUNNING,,,,,,,,,,,,,,
3199,rx,2105081,178957817,0,RUNNING,885,-65,8,,,,,,,,,,,
3200,tx,2105081,0,1,RUNNING,,,,,,,,,,,,,,
3201,tx,2105142,0,1,RUNNING,,,,,,,,,,,,,,
3202,tx,2105182,0,1,RUNNING,,,,,,,,,,,,,,
3203,rx,2105336,179157817,0,RUNNING,886,-65,8,,,,,,,,,,,
3204,tx,2105336,0,1,RUNNING,,,,,,,,,,,,,,
3205,tx,2105396,0,1,RUNNING,,,,,,,,,,,,,,
3206,rx,2105436,179357816,0,RUNNING,887,-65,8,,,,,,,,,,,
3207,tx,2105436,0,1,RUNNING,,,,,,,,,,,,,,
3208,tx,2105591,0,1,RUNNING,,,,,,,,,,,,,,
3209,stats,2105591,8291,0,RUNNING,,-2,-5,883,886,1,0,0,0,0,886,0,0,
3210,tx,2105631,0,1,RUNNING,,,,,,,,,,,,,,
3211,rx,2105651,179557818,0,RUNNING,888,-64,8,,,,,,,,,,,
3212,tx,2105651,0,1,RUNNING,,,,,,,,,,,,,,
3213,rx,2105845,179757766,0,RUNNING,889,-64,8,,,,,,,,,,,
3214,tx,2105845,0,1,RUNNING,,,,,,,,,,,,,,
3215,tx,2105946,0,1,RUNNING,,,,,,,,,,,,,,
3216,rx,2106100,179957816,0,RUNNING,890,-64,8,,,,,,,,,,,
3217,tx,2106100,0,1,RUNNING,,,,,,,,,,,,,,
3218,tx,2106141,0,1,RUNNING,,,,,,,,,,,,,,
3219,tx,2106181,0,1,RUNNING,,,,,,,,,,,,,,
3220,rx,2106355,180157815,0,RUNNING,891,-65,7,,,,,,,,,,,
3221,tx,2106355,0,1,RUNNING,,,,,,,,,,,,,,
3222,tx,2106395,0,1,RUNNING,,,,,,,,,,,,,,
3223,rx,2106436,180357784,0,RUNNING,892,-64,7,,,,,,,,,,,
3224,tx,2106436,0,1,RUNNING,,,,,,,,,,,,,,
3225,tx,2106611,0,1,RUNNING,,,,,,,,,,,,,,
3226,stats,2106611,8247,0,RUNNING,,-25,-128,888,891,1,0,0,0,0,891,0,0,
3227,tx,2106631,0,1,RUNNING,,,,,,,,,,,,,,
3228,rx,2106651,180557803,0,RUNNING,893,-65,8,,,,,,,,,,,
3229,tx,2106651,0,1,RUNNING,,,,,,,,,,,,,,
3230,tx,2106732,0,1,RUNNING,,,,,,,,,,,,,,
3231,rx,2106865,180757802,0,RUNNING,894,-65,7,,,,,,,,,,,
3232,tx,2106865,0,1,RUNNING,,,,,,,,,,,,,,
3233,tx,2106946,0,1,RUNNING,,,,,,,,,,,,,,
3234,tx,2106986,0,1,RUNNING,,,,,,,,,,,,,,
3235,rx,2107120,180957813,0,RUNNING,895,-65,8,,,,,,,,,,,
3236,tx,2107120,0,1,RUNNING,,,,,,,,,,,,,,
3237,tx,2107140,0,1,RUNNING,,,,,,,,,,,,,,
3238,tx,2107181,0,1,RUNNING,,,,,,,,,,,,,,
3239,rx,2107241,181157814,0,RUNNING,896,-64,7,,,,,,,,,,,
3240,tx,2107241,0,1,RUNNING,,,,,,,,,,,,,,
3241,tx,2107377,0,1,RUNNING,,,,,,,,,,,,,,
3242,tx,2107397,0,1,RUNNING,,,,,,,,,,,,,,
3243,rx,2107437,181357812,0,RUNNING,897,-64,8,,,,,,,,,,,
3244,tx,2107437,0,1,RUNNING,,,,,,,,,,,,,,
3245,tx,2107631,0,1,RUNNING,,,,,,,,,,,,,,
3246,stats,2107631,8290,0,RUNNING,,2,-10,893,896,1,0,0,0,0,896,0,0,
3247,rx,2107652,181557788,0,RUNNING,898,-64,7,,,,,,,,,,,
3248,tx,2107652,0,1,RUNNING,,,,,,,,,,,,,,
3249,tx,2107732,0,1,RUNNING,,,,,,,,,,,,,,
3250,rx,2107887,181757812,0,RUNNING,899,-64,7,,,,,,,,,,,
3251,tx,2107887,0,1,RUNNING,,,,,,,,,,,,,,
3252,tx,2107947,0,1,RUNNING,,,,,,,,,,,,,,
3253,tx,2107987,0,1,RUNNING,,,,,,,,,,,,,,
3254,rx,2108141,181957813,0,RUNNING,900,-65,7,,,,,,,,,,,
3255,tx,2108141,0,1,RUNNING,,,,,,,,,,,,,,
3256,tx,2108181,0,1,RUNNING,,,,,,,,,,,,,,
3257,rx,2108241,182157811,0,RUNNING,901,-64,7,,,,,,,,,,,
3258,tx,2108241,0,1,RUNNING,,,,,,,,,,,,,,
3259,tx,2108396,0,1,RUNNING,,,,,,,,,,,,,,
3260,rx,2108436,182357766,0,RUNNING,902,-65,8,,,,,,,,,,,
3261,tx,2108436,0,1,RUNNING,,,,,,,,,,,,,,
3262,rx,2108651,182557810,0,RUNNING,903,-64,8,,,,,,,,,,,
3263,tx,2108651,0,1,RUNNING,,,,,,,,,,,,,,
3264,stats,2108651,7754,0,RUNNING,,22,127,898,902,1,0,0,0,0,902,0,0,
3265,tx,2108732,0,1,RUNNING,,,,,,,,,,,,,,
3266,rx,2108906,182757810,0,RUNNING,904,-64,8,,,,,,,,,,,
3267,tx,2108906,0,1,RUNNING,,,,,,,,,,,,,,
3268,tx,2108946,0,1,RUNNING,,,,,,,,,,,,,,
3269,tx,2108986,0,1,RUNNING,,,,,,,,,,,,,,
3270,rx,2109160,182957811,0,RUNNING,905,-64,8,,,,,,,,,,,
3271,tx,2109160,0,1,RUNNING,,,,,,,,,,,,,,
3272,tx,2109180,0,1,RUNNING,,,,,,,,,,,,,,
3273,rx,2109241,183157811,0,RUNNING,906,-65,7,,,,,,,,,,,
3274,tx,2109241,0,1,RUNNING,,,,,,,,,,,,,,
3275,tx,2109415,0,1,RUNNING,,,,,,,,,,,,,,
3276,tx,2109435,0,1,RUNNING,,,,,,,,,,,,,,
3277,rx,2109455,183357791,0,RUNNING,907,-65,8,,,,,,,,,,,
3278,tx,2109455,0,1,RUNNING,,,,,,,,,,,,,,
3279,tx,2109535,0,1,RUNNING,,,,,,,,,,,,,,
3280,rx,2109673,183557796,0,RUNNING,908,-64,9,,,,,,,,,,,
3281,tx,2109673,0,1,RUNNING,,,,,,,,,,,,,,
3282,stats,2109673,7728,0,RUNNING,,-4,25,903,907,1,0,0,0,0,907,0,0,
3283,tx,2109734,0,1,RUNNING,,,,,,,,,,,,,,
3284,tx,2109794,0,1,RUNNING,,,,,,,,,,,,,,
3285,rx,2109928,183757809,0,RUNNING,909,-65,8,,,,,,,,,,,
3286,tx,2109928,0,1,RUNNING,,,,,,,,,,,,,,
3287,tx,2109988,0,1,RUNNING,,,,,,,,,,,,,,
3288,tx,2110028,0,1,RUNNING,,,,,,,,,,,,,,
3289,rx,2110048,183957809,0,RUNNING,910,-65,7,,,,,,,,,,,
3290,tx,2110049,0,1,RUNNING,,,,,,,,,,,,,,
3291,tx,2110182,0,1,RUNNING,,,,,,,,,,,,,,
3292,rx,2110242,184157806,0,RUNNING,911,-65,7,,,,,,,,,,,
3293,tx,2110242,0,1,RUNNING,,,,,,,,,,,,,,
3294,rx,2110436,184357806,0,RUNNING,912,-65,7,,,,,,,,,,,
3295,tx,2110436,0,1,RUNNING,,,,,,,,,,,,,,
3296,tx,2110537,0,1,RUNNING,,,,,,,,,,,,,,
3297,rx,2110691,184557807,0,RUNNING,913,-64,8,,,,,,,,,,,
3298,tx,2110691,0,1,RUNNING,,,,,,,,,,,,,,
3299,stats,2110691,8288,0,RUNNING,,1,5,909,912,1,0,0,0,0,912,0,0,
3300,tx,2110731,0,1,RUNNING,,,,,,,,,,,,,,
3301,tx,2110791,0,1,RUNNING,,,,,,,,,,,,,,
3302,rx,2110946,184757794,0,RUNNING,914,-64,7,,,,,,,,,,,
3303,tx,2110946,0,1,RUNNING,,,,,,,,,,,,,,
3304,tx,2110987,0,1,RUNNING,,,,,,,,,,,,,,
3305,rx,2111047,184957805,0,RUNNING,915,-64,7,,,,,,,,,,,
3306,tx,2111047,0,1,RUNNING,,,,,,,,,,,,,,
3307,tx,2111201,0,1,RUNNING,,,,,,,,,,,,,,
3308,rx,2111241,185157805,0,RUNNING,916,-64,7,,,,,,,,,,,
3309,tx,2111241,0,1,RUNNING,,,,,,,,,,,,,,
3310,rx,2111455,185357756,0,RUNNING,917,-64,8,,,,,,,,,,,
3311,tx,2111455,0,1,RUNNING,,,,,,,,,,,,,,
3312,tx,2111535,0,1,RUNNING,,,,,,,,,,,,,,
3313,rx,2111710,185557805,0,RUNNING,918,-64,7,,,,,,,,,,,
3314,tx,2111710,0,1,RUNNING,,,,,,,,,,,,,,
3315,stats,2111710,8290,0,RUNNING,,25,127,914,917,1,0,0,0,0,917,0,0,
3316,tx,2111730,0,1,RUNNING,,,,,,,,,,,,,,
3317,tx,2111791,0,1,RUNNING,,,,,,,,,,,,,,
3318,tx,2111831,0,1,RUNNING,,,,,,,,,,,,,,
3319,rx,2111965,185757804,0,RUNNING,919,-65,8,,,,,,,,,,,
3320,tx,2111965,0,1,RUNNING,,,,,,,,,,,,,,
3321,tx,2111985,0,1,RUNNING,,,,,,,,,,,,,,
3322,rx,2112046,185957784,0,RUNNING,920,-64,8,,,,,,,,,,,
3323,tx,2112046,0,1,RUNNING,,,,,,,,,,,,,,
3324,tx,2112221,0,1,RUNNING,,,,,,,,,,,,,,
3325,rx,2112241,186157813,0,RUNNING,921,-64,8,,,,,,,,,,,
3326,tx,2112241,0,1,RUNNING,,,,,,,,,,,,,,
3327,tx,2112342,0,1,RUNNING,,,,,,,,,,,,,,
3328,rx,2112481,186357804,0,RUNNING,922,-65,8,,,,,,,,,,,
3329,tx,2112481,0,1,RUNNING,,,,,,,,,,,,,,
3330,tx,2112542,0,1,RUNNING,,,,,,,,,,,,,,
3331,tx,2112582,0,1,RUNNING,,,,,,,,,,,,,,
3332,rx,2112736,186557803,0,RUNNING,923,-65,7,,,,,,,,,,,
3333,tx,2112736,0,1,RUNNING,,,,,,,,,,,,,,
3334,stats,2112736,8248,0,RUNNING,,0,-5,919,922,1,0,0,0,0,922,0,0,
3335,tx,2112796,0,1,RUNNING,,,,,,,,,,,,,,
3336,rx,2112836,186757804,0,RUNNING,924,-64,7,,,,,,,,,,,
3337,tx,2112836,0,1,RUNNING,,,,,,,,,,,,,,
3338,tx,2112990,0,1,RUNNING,,,,,,,,,,,,,,
3339,tx,2113030,0,1,RUNNING,,,,,,,,,,,,,,
3340,rx,2113050,186957801,0,RUNNING,925,-64,7,,,,,,,,,,,
3341,tx,2113050,0,1,RUNNING,,,,,,,,,,,,,,
3342,rx,2113245,187157801,0,RUNNING,926,-64,9,,,,,,,,,,,
3343,tx,2113245,0,1,RUNNING,,,,,,,,,,,,,,
3344,tx,2113346,0,1,RUNNING,,,,,,,,,,,,,,
3345,rx,2113501,187357753,0,RUNNING,927,-64,8,,,,,,,,,,,
3346,tx,2113501,0,1,RUNNING,,,,,,,,,,,,,,
3347,tx,2113541,0,1,RUNNING,,,,,,,,,,,,,,
3348,tx,2113581,0,1,RUNNING,,,,,,,,,,,,,,
3349,rx,2113756,187557802,0,RUNNING,928,-64,8,,,,,,,,,,,
3350,tx,2113756,0,1,RUNNING,,,,,,,,,,,,,,
3351,stats,2113756,8306,0,RUNNING,,24,127,924,927,1,0,0,0,0,927,0,0,
3352,tx,2113796,0,1,RUNNING,,,,,,,,,,,,,,
3353,rx,2113836,187757802,0,RUNNING,929,-64,8,,,,,,,,,,,
3354,tx,2113836,0,1,RUNNING,,,,,,,,,,,,,,
3355,tx,2114010,0,1,RUNNING,,,,,,,,,,,,,,
3356,tx,2114031,0,1,RUNNING,,,,,,,,,,,,,,
3357,rx,2114051,187957802,0,RUNNING,930,-65,8,,,,,,,,,,,
3358,tx,2114051,0,1,RUNNING,,,,,,,,,,,,,,
3359,tx,2114131,0,1,RUNNING,,,,,,,,,,,,,,
3360,rx,2114268,188157800,0,RUNNING,931,-65,8,,,,,,,,,,,
3361,tx,2114268,0,1,RUNNING,,,,,,,,,,,,,,
3362,tx,2114328,0,1,RUNNING,,,,,,,,,,,,,,
3363,tx,2114388,0,1,RUNNING,,,,,,,,,,,,,,
3364,rx,2114523,188357787,0,RUNNING,932,-65,8,,,,,,,,,,,
3365,tx,2114523,0,1,RUNNING,,,,,,,,,,,,,,
3366,tx,2114543,0,1,RUNNING,,,,,,,,,,,,,,
3367,tx,2114583,0,1,RUNNING,,,,,,,,,,,,,,
3368,rx,2114644,188557799,0,RUNNING,933,-65,8,,,,,,,,,,,
3369,tx,2114644,0,1,RUNNING,,,,,,,,,,,,,,
3370,tx,2114777,0,1,RUNNING,,,,,,,,,,,,,,
3371,stats,2114777,8289,0,RUNNING,,6,60,929,932,1,0,0,0,0,932,0,0,
3372,rx,2114838,188757799,0,RUNNING,934,-64,9,,,,,,,,,,,
3373,tx,2114838,0,1,RUNNING,,,,,,,,,,,,,,
3374,tx,2115031,0,1,RUNNING,,,,,,,,,,,,,,
3375,rx,2115051,188957792,0,RUNNING,935,-65,8,,,,,,,,,,,
3376,tx,2115051,0,1,RUNNING,,,,,,,,,,,,,,
3377,tx,2115132,0,1,RUNNING,,,,,,,,,,,,,,
3378,rx,2115286,189157798,0,RUNNING,936,-64,8,,,,,,,,,,,
3379,tx,2115286,0,1,RUNNING,,,,,,,,,,,,,,
3380,tx,2115347,0,1,RUNNING,,,,,,,,,,,,,,
3381,tx,2115387,0,1,RUNNING,,,,,,,,,,,,,,
3382,rx,2115541,189357798,0,RUNNING,937,-64,7,,,,,,,,,,,
3383,tx,2115541,0,1,RUNNING,,,,,,,,,,,,,,
3384,tx,2115581,0,1,RUNNING,,,,,,,,,,,,,,
3385,rx,2115641,189557799,0,RUNNING,938,-64,8,,,,,,,,,,,
3386,tx,2115641,0,1,RUNNING,,,,,,,,,,,,,,
3387,tx,2115795,0,1,RUNNING,,,,,,,,,,,,,,
3388,stats,2115795,8275,0,RUNNING,,2,5,934,937,1,0,0,0,0,937,0,0,
3389,tx,2115835,0,1,RUNNING,,,,,,,,,,,,,,
3390,rx,2115856,189757796,0,RUNNING,939,-64,7,,,,,,,,,,,
3391,tx,2115856,0,1,RUNNING,,,,,,,,,,,,,,
3392,rx,2116050,189957797,0,RUNNING,940,-64,8,,,,,,,,,,,
3393,tx,2116050,0,1,RUNNING,,,,,,,,,,,,,,
3394,tx,2116131,0,1,RUNNING,,,,,,,,,,,,,,
3395,rx,2116306,190157783,0,RUNNING,941,-65,8,,,,,,,,,,,
3396,tx,2116306,0,1,RUNNING,,,,,,,,,,,,,,
3397,tx,2116346,0,1,RUNNING,,,,,,,,,,,,,,
3398,tx,2116387,0,1,RUNNING,,,,,,,,,,,,,,
3399,rx,2116561,190357797,0,RUNNING,942,-64,8,,,,,,,,,,,
3400,tx,2116561,0,1,RUNNING,,,,,,,,,,,,,,
3401,tx,2116581,0,1,RUNNING,,,,,,,,,,,,,,
3402,rx,2116641,190557797,0,RUNNING,943,-64,9,,,,,,,,,,,
3403,tx,2116641,0,1,RUNNING,,,,,,,,,,,,,,
3404,tx,2116815,0,1,RUNNING,,,,,,,,,,,,,,
3405,stats,2116815,8290,0,RUNNING,,4,0,939,942,1,0,0,0,0,942,0,0,
3406,tx,2116835,0,1,RUNNING,,,,,,,,,,,,,,
3407,rx,2116855,190757796,0,RUNNING,944,-65,8,,,,,,,,,,,
3408,tx,2116855,0,1,RUNNING,,,,,,,,,,,,,,
3409,tx,2116936,0,1,RUNNING,,,,,,,,,,,,,,
3410,rx,2117069,190957746,0,RUNNING,945,-65,8,,,,,,,,,,,
3411,tx,2117069,0,1,RUNNING,,,,,,,,,,,,,,
3412,tx,2117130,0,1,RUNNING,,,,,,,,,,,,,,
3413,tx,2117190,0,1,RUNNING,,,,,,,,,,,,,,
3414,rx,2117324,191157795,0,RUNNING,946,-64,8,,,,,,,,,,,
3415,tx,2117324,0,1,RUNNING,,,,,,,,,,,,,,
3416,tx,2117344,0,1,RUNNING,,,,,,,,,,,,,,
3417,tx,2117385,0,1,RUNNING,,,,,,,,,,,,,,
3418,rx,2117445,191357795,0,RUNNING,947,-64,8,,,,,,,,,,,
3419,tx,2117445,0,1,RUNNING,,,,,,,,,,,,,,
3420,tx,2117579,0,1,RUNNING,,,,,,,,,,,,,,
3421,rx,2117639,191557764,0,RUNNING,948,-64,7,,,,,,,,,,,
3422,tx,2117639,0,1,RUNNING,,,,,,,,,,,,,,
3423,tx,2117834,0,1,RUNNING,,,,,,,,,,,,,,
3424,stats,2117834,8290,0,RUNNING,,-25,-128,944,947,1,0,0,0,0,947,0,0,
3425,rx,2117854,191757748,0,RUNNING,949,-64,8,,,,,,,,,,,
3426,tx,2117854,0,1,RUNNING,,,,,,,,,,,,,,
3427,tx,2117934,0,1,RUNNING,,,,,,,,,,,,,,
3428,rx,2118089,191957781,0,RUNNING,950,-64,8,,,,,,,,,,,
3429,tx,2118089,0,1,RUNNING,,,,,,,,,,,,,,
3430,tx,2118129,0,1,RUNNING,,,,,,,,,,,,,,
3431,tx,2118190,0,1,RUNNING,,,,,,,,,,,,,,
3432,rx,2118344,192157794,0,RUNNING,951,-65,8,,,,,,,,,,,
3433,tx,2118344,0,1,RUNNING,,,,,,,,,,,,,,
3434,tx,2118384,0,1,RUNNING,,,,,,,,,,,,,,
3435,rx,2118444,192357794,0,RUNNING,952,-65,8,,,,,,,,,,,
3436,tx,2118444,0,1,RUNNING,,,,,,,,,,,,,,
3437,tx,2118598,0,1,RUNNING,,,,,,,,,,,,,,
3438,rx,2118639,192557791,0,RUNNING,953,-64,8,,,,,,,,,,,
3439,tx,2118639,0,1,RUNNING,,,,,,,,,,,,,,
3440,rx,2118853,192757784,0,RUNNING,954,-65,8,,,,,,,,,,,
3441,tx,2118853,0,1,RUNNING,,,,,,,,,,,,,,
3442,stats,2118853,7727,0,RUNNING,,-5,-35,949,953,1,0,0,0,0,953,0,0,
3443,tx,2118933,0,1,RUNNING,,,,,,,,,,,,,,
3444,rx,2119108,192957779,0,RUNNING,955,-65,8,,,,,,,,,,,
3445,tx,2119108,0,1,RUNNING,,,,,,,,,,,,,,
3446,tx,2119128,0,1,RUNNING,,,,,,,,,,,,,,
3447,tx,2119189,0,1,RUNNING,,,,,,,,,,,,,,
3448,tx,2119229,0,1,RUNNING,,,,,,,,,,,,,,
3449,rx,2119363,193157792,0,RUNNING,956,-64,8,,,,,,,,,,,
3450,tx,2119363,0,1,RUNNING,,,,,,,,,,,,,,
3451,tx,2119383,0,1,RUNNING,,,,,,,,,,,,,,
3452,rx,2119443,193357792,0,RUNNING,957,-65,7,,,,,,,,,,,
3453,tx,2119443,0,1,RUNNING,,,,,,,,,,,,,,
3454,tx,2119616,0,1,RUNNING,,,,,,,,,,,,,,
3455,rx,2119637,193557745,0,RUNNING,958,-65,8,,,,,,,,,,,
3456,tx,2119637,0,1,RUNNING,,,,,,,,,,,,,,
3457,tx,2119737,0,1,RUNNING,,,,,,,,,,,,,,
3458,rx,2119873,193757777,0,RUNNING,959,-64,8,,,,,,,,,,,
3459,tx,2119873,0,1,RUNNING,,,,,,,,,,,,,,
3460,stats,2119873,7742,0,RUNNING,,10,127,954,958,1,0,0,0,0,958,0,0,
3461,tx,2119933,0,1,RUNNING,,,,,,,,,,,,,,
3462,tx,2119993,0,1,RUNNING,,,,,,,,,,,,,,
3463,rx,2120127,193957790,0,RUNNING,960,-65,8,,,,,,,,,,,
3464,tx,2120127,0,1,RUNNING,,,,,,,,,,,,,,
3465,tx,2120188,0,1,RUNNING,,,,,,,,,,,,,,
3466,tx,2120228,0,1,RUNNING,,,,,,,,,,,,,,
3467,rx,2120248,194157791,0,RUNNING,961,-65,8,,,,,,,,,,,
3468,tx,2120248,0,1,RUNNING,,,,,,,,,,,,,,
3469,tx,2120382,0,1,RUNNING,,,,,,,,,,,,,,
3470,rx,2120442,194357796,0,RUNNING,962,-64,7,,,,,,,,,,,
3471,tx,2120442,0,1,RUNNING,,,,,,,,,,,,,,
3472,rx,2120636,194557789,0,RUNNING,963,-65,8,,,,,,,,,,,
3473,tx,2120636,0,1,RUNNING,,,,,,,,,,,,,,
3474,tx,2120737,0,1,RUNNING,,,,,,,,,,,,,,
3475,rx,2120891,194757788,0,RUNNING,964,-65,8,,,,,,,,,,,
3476,tx,2120891,0,1,RUNNING,,,,,,,,,,,,,,
3477,stats,2120891,8288,0,RUNNING,,-2,-5,960,963,1,0,0,0,0,963,0,0,
3478,tx,2120931,0,1,RUNNING,,,,,,,,,,,,,,
3479,tx,2120992,0,1,RUNNING,,,,,,,,,,,,,,
3480,rx,2121146,194957788,0,RUNNING,965,-64,8,,,,,,,,,,,
3481,tx,2121146,0,1,RUNNING,,,,,,,,,,,,,,
3482,tx,2121186,0,1,RUNNING,,,,,,,,,,,,,,
3483,rx,2121247,195157787,0,RUNNING,966,-64,8,,,,,,,,,,,
3484,tx,2121247,0,1,RUNNING,,,,,,,,,,,,,,
3485,tx,2121401,0,1,RUNNING,,,,,,,,,,,,,,
3486,rx,2121441,195357787,0,RUNNING,967,-64,7,,,,,,,,,,,
3487,tx,2121441,0,1,RUNNING,,,,,,,,,,,,,,
3488,rx,2121655,195557786,0,RUNNING,968,-64,7,,,,,,,,,,,
3489,tx,2121655,0,1,RUNNING,,,,,,,,,,,,,,
3490,tx,2121735,0,1,RUNNING,,,,,,,,,,,,,,
3491,rx,2121909,195757787,0,RUNNING,969,-65,8,,,,,,,,,,,
3492,tx,2121909,0,1,RUNNING,,,,,,,,,,,,,,
3493,stats,2121909,8285,0,RUNNING,,0,5,965,968,1,0,0,0,0,968,0,0,
3494,tx,2121929,0,1,RUNNING,,,,,,,,,,,,,,
3495,tx,2121990,0,1,RUNNING,,,,,,,,,,,,,,
3496,tx,2122030,0,1,RUNNING,,,,,,,,,,,,,,
3497,rx,2122164,195957787,0,RUNNING,970,-65,8,,,,,,,,,,,
3498,tx,2122164,0,1,RUNNING,,,,,,,,,,,,,,
3499,tx,2122184,0,1,RUNNING,,,,,,,,,,,,,,
3500,rx,2122244,196157781,0,RUNNING,971,-64,8,,,,,,,,,,,
3501,tx,2122244,0,1,RUNNING,,,,,,,,,,,,,,
3502,tx,2122419,0,1,RUNNING,,,,,,,,,,,,,,
3503,rx,2122439,196357786,0,RUNNING,972,-64,7,,,,,,,,,,,
3504,tx,2122439,0,1,RUNNING,,,,,,,,,,,,,,
3505,tx,2122539,0,1,RUNNING,,,,,,,,,,,,,,
3506,rx,2122673,196557751,0,RUNNING,973,-64,7,,,,,,,,,,,
3507,tx,2122673,0,1,RUNNING,,,,,,,,,,,,,,
3508,tx,2122734,0,1,RUNNING,,,,,,,,,,,,,,
3509,tx,2122794,0,1,RUNNING,,,,,,,,,,,,,,
3510,rx,2122928,196757784,0,RUNNING,974,-64,8,,,,,,,,,,,
3511,tx,2122928,0,1,RUNNING,,,,,,,,,,,,,,
3512,stats,2122928,8290,0,RUNNING,,16,127,970,973,1,0,0,0,0,973,0,0,
3513,tx,2122988,0,1,RUNNING,,,,,,,,,,,,,,
3514,tx,2123029,0,1,RUNNING,,,,,,,,,,,,,,
3515,rx,2123049,196957786,0,RUNNING,975,-65,8,,,,,,,,,,,
3516,tx,2123049,0,1,RUNNING,,,,,,,,,,,,,,
3517,tx,2123183,0,1,RUNNING,,,,,,,,,,,,,,
3518,rx,2123243,197157785,0,RUNNING,976,-65,8,,,,,,,,,,,
3519,tx,2123243,0,1,RUNNING,,,,,,,,,,,,,,
3520,rx,2123437,197357784,0,RUNNING,977,-64,8,,,,,,,,,,,
3521,tx,2123437,0,1,RUNNING,,,,,,,,,,,,,,
3522,tx,2123538,0,1,RUNNING,,,,,,,,,,,,,,
3523,rx,2123691,197557784,0,RUNNING,978,-64,8,,,,,,,,,,,
3524,tx,2123691,0,1,RUNNING,,,,,,,,,,,,,,
3525,tx,2123732,0,1,RUNNING,,,,,,,,,,,,,,
3526,tx,2123792,0,1,RUNNING,,,,,,,,,,,,,,
3527,rx,2123946,197757783,0,RUNNING,979,-65,8,,,,,,,,,,,
3528,tx,2123946,0,1,RUNNING,,,,,,,,,,,,,,
3529,stats,2123946,8248,0,RUNNING,,0,-5,975,978,1,0,0,0,0,978,0,0,
3530,tx,2123986,0,1,RUNNING,,,,,,,,,,,,,,
3531,rx,2124047,197957782,0,RUNNING,980,-64,8,,,,,,,,,,,
3532,tx,2124047,0,1,RUNNING,,,,,,,,,,,,,,
3533,tx,2124201,0,1,RUNNING,,,,,,,,,,,,,,
3534,rx,2124241,198157780,0,RUNNING,981,-64,8,,,,,,,,,,,
3535,tx,2124241,0,1,RUNNING,,,,,,,,,,,,,,
3536,rx,2124456,198357745,0,RUNNING,982,-64,7,,,,,,,,,,,
3537,tx,2124456,0,1,RUNNING,,,,,,,,,,,,,,
3538,tx,2124536,0,1,RUNNING,,,,,,,,,,,,,,
3539,rx,2124711,198557781,0,RUNNING,983,-64,8,,,,,,,,,,,
3540,tx,2124711,0,1,RUNNING,,,,,,,,,,,,,,
3541,tx,2124731,0,1,RUNNING,,,,,,,,,,,,,,
3542,tx,2124791,0,1,RUNNING,,,,,,,,,,,,,,
3543,tx,2124832,0,1,RUNNING,,,,,,,,,,,,,,
3544,rx,2124968,198757782,0,RUNNING,984,-64,7,,,,,,,,,,,
3545,tx,2124968,0,1,RUNNING,,,,,,,,,,,,,,
3546,stats,2124968,8290,0,RUNNING,,10,5,980,983,1,0,0,0,0,983,0,0,
3547,tx,2124988,0,1,RUNNING,,,,,,,,,,,,,,
3548,tx,2125028,0,1,RUNNING,,,,,,,,,,,,,,
3549,rx,2125048,198957781,0,RUNNING,985,-65,7,,,,,,,,,,,
3550,tx,2125049,0,1,RUNNING,,,,,,,,,,,,,,
3551,tx,2125222,0,1,RUNNING,,,,,,,,,,,,,,
3552,rx,2125243,199157736,0,RUNNING,986,-64,8,,,,,,,,,,,
3553,tx,2125243,0,1,RUNNING,,,,,,,,,,,,,,
3554,tx,2125343,0,1,RUNNING,,,,,,,,,,,,,,
3555,rx,2125478,199357767,0,RUNNING,987,-64,8,,,,,,,,,,,
3556,tx,2125478,0,1,RUNNING,,,,,,,,,,,,,,
3557,tx,2125539,0,1,RUNNING,,,,,,,,,,,,,,
3558,tx,2125579,0,1,RUNNING,,,,,,,,,,,,,,
3559,rx,2125733,199557780,0,RUNNING,988,-64,7,,,,,,,,,,,
3560,tx,2125733,0,1,RUNNING,,,,,,,,,,,,,,
3561,tx,2125793,0,1,RUNNING,,,,,,,,,,,,,,
3562,tx,2125833,0,1,RUNNING,,,,,,,,,,,,,,
3563,rx,2125854,199757781,0,RUNNING,989,-65,8,,,,,,,,,,,
3564,tx,2125854,0,1,RUNNING,,,,,,,,,,,,,,
3565,tx,2125987,0,1,RUNNING,,,,,,,,,,,,,,
3566,stats,2125987,8278,0,RUNNING,,10,5,985,988,1,0,0,0,0,988,0,0,
3567,tx,2126028,0,1,RUNNING,,,,,,,,,,,,,,
3568,rx,2126048,199957779,0,RUNNING,990,-64,8,,,,,,,,,,,
3569,tx,2126048,0,1,RUNNING,,,,,,,,,,,,,,
3570,rx,2126242,200157773,0,RUNNING,991,-64,8,,,,,,,,,,,
3571,tx,2126242,0,1,RUNNING,,,,,,,,,,,,,,
3572,tx,2126343,0,1,RUNNING,,,,,,,,,,,,,,
3573,rx,2126496,200357777,0,RUNNING,992,-65,9,,,,,,,,,,,
3574,tx,2126497,0,1,RUNNING,,,,,,,,,,,,,,
3575,tx,2126537,0,1,RUNNING,,,,,,,,,,,,,,
3576,tx,2126597,0,1,RUNNING,,,,,,,,,,,,,,
3577,rx,2126751,200557779,0,RUNNING,993,-65,7,,,,,,,,,,,
3578,tx,2126751,0,1,RUNNING,,,,,,,,,,,,,,
3579,tx,2126791,0,1,RUNNING,,,,,,,,,,,,,,
3580,tx,2126832,0,1,RUNNING,,,,,,,,,,,,,,
3581,rx,2126852,200757778,0,RUNNING,994,-65,8,,,,,,,,,,,
3582,tx,2126852,0,1,RUNNING,,,,,,,,,,,,,,
3583,tx,2127005,0,1,RUNNING,,,,,,,,,,,,,,
3584,stats,2127005,8288,0,RUNNING,,1,-5,990,993,1,0,0,0,0,993,0,0,
3585,rx,2127045,200957775,0,RUNNING,995,-65,7,,,,,,,,,,,
3586,tx,2127045,0,1,RUNNING,,,,,,,,,,,,,,
3587,rx,2127260,201157777,0,RUNNING,996,-64,7,,,,,,,,,,,
3588,tx,2127260,0,1,RUNNING,,,,,,,,,,,,,,
3589,tx,2127341,0,1,RUNNING,,,,,,,,,,,,,,
3590,tx,2127381,0,1,RUNNING,,,,,,,,,,,,,,
3591,rx,2127515,201357777,0,RUNNING,997,-64,7,,,,,,,,,,,
3592,tx,2127515,0,1,RUNNING,,,,,,,,,,,,,,
3593,tx,2127535,0,1,RUNNING,,,,,,,,,,,,,,
3594,tx,2127595,0,1,RUNNING,,,,,,,,,,,,,,
3595,tx,2127635,0,1,RUNNING,,,,,,,,,,,,,,
3596,rx,2127769,201557777,0,RUNNING,998,-64,7,,,,,,,,,,,
3597,tx,2127769,0,1,RUNNING,,,,,,,,,,,,,,
3598,tx,2127789,0,1,RUNNING,,,,,,,,,,,,,,
3599,tx,2127829,0,1,RUNNING,,,,,,,,,,,,,,
3600,rx,2127850,201757776,0,RUNNING,999,-65,7,,,,,,,,,,,
3601,tx,2127850,0,1,RUNNING,,,,,,,,,,,,,,
3602,tx,2128023,0,1,RUNNING,,,,,,,,,,,,,,
3603,stats,2128023,8289,0,RUNNING,,0,-5,995,998,1,0,0,0,0,998,0,0,
3604,rx,2128043,201957776,0,RUNNING,1000,-65,8,,,,,,,,,,,
3605,tx,2128044,0,1,RUNNING,,,,,,,,,,,,,,
3606,tx,2128144,0,1,RUNNING,,,,,,,,,,,,,,
3607,rx,2128277,202157727,0,RUNNING,1001,-64,8,,,,,,,,,,,
3608,tx,2128277,0,1,RUNNING,,,,,,,,,,,,,,
3609,tx,2128338,0,1,RUNNING,,,,,,,,,,,,,,
3610,tx,2128378,0,1,RUNNING,,,,,,,,,,,,,,
3611,rx,2128532,202357776,0,RUNNING,1002,-64,7,,,,,,,,,,,
3612,tx,2128532,0,1,RUNNING,,,,,,,,,,,,,,
3613,tx,2128593,0,1,RUNNING,,,,,,,,,,,,,,
3614,tx,2128633,0,1,RUNNING,,,,,,,,,,,,,,
3615,rx,2128653,202557775,0,RUNNING,1003,-64,7,,,,,,,,,,,
3616,tx,2128653,0,1,RUNNING,,,,,,,,,,,,,,
3617,tx,2128790,0,1,RUNNING,,,,,,,,,,,,,,
3618,tx,2128830,0,1,RUNNING,,,,,,,,,,,,,,
3619,rx,2128850,202757775,0,RUNNING,1004,-64,7,,,,,,,,,,,
3620,tx,2128850,0,1,RUNNING,,,,,,,,,,,,,,
3621,rx,2129044,202957774,0,RUNNING,1005,-64,8,,,,,,,,,,,
3622,tx,2129044,0,1,RUNNING,,,,,,,,,,,,,,
3623,stats,2129044,7734,0,RUNNING,,2,-5,1000,1004,1,0,0,0,0,1004,0,0,
3624,tx,2129145,0,1,RUNNING,,,,,,,,,,,,,,
3625,rx,2129300,203157761,0,RUNNING,1006,-65,8,,,,,,,,,,,
3626,tx,2129300,0,1,RUNNING,,,,,,,,,,,,,,
3627,tx,2129341,0,1,RUNNING,,,,,,,,,,,,,,
3628,tx,2129381,0,1,RUNNING,,,,,,,,,,,,,,
3629,rx,2129555,203357774,0,RUNNING,1007,-64,7,,,,,,,,,,,
3630,tx,2129556,0,1,RUNNING,,,,,,,,,,,,,,
3631,tx,2129596,0,1,RUNNING,,,,,,,,,,,,,,
3632,rx,2129636,203557773,0,RUNNING,1008,-65,8,,,,,,,,,,,
3633,tx,2129636,0,1,RUNNING,,,,,,,,,,,,,,
3634,tx,2129811,0,1,RUNNING,,,,,,,,,,,,,,
3635,tx,2129831,0,1,RUNNING,,,,,,,,,,,,,,
3636,rx,2129851,203757771,0,RUNNING,1009,-64,8,,,,,,,,,,,
3637,tx,2129851,0,1,RUNNING,,,,,,,,,,,,,,
3638,tx,2129931,0,1,RUNNING,,,,,,,,,,,,,,
3639,rx,2130066,203957714,0,RUNNING,1010,-65,7,,,,,,,,,,,
3640,tx,2130066,0,1,RUNNING,,,,,,,,,,,,,,
3641,stats,2130066,7675,0,RUNNING,,-57,-128,1005,1009,1,0,0,0,0,1009,0,0,
3642,tx,2130147,0,1,RUNNING,,,,,,,,,,,,,,
3643,tx,2130187,0,1,RUNNING,,,,,,,,,,,,,,
3644,rx,2130322,204157771,0,RUNNING,1011,-64,8,,,,,,,,,,,
3645,tx,2130322,0,1,RUNNING,,,,,,,,,,,,,,
3646,tx,2130342,0,1,RUNNING,,,,,,,,,,,,,,
3647,tx,2130383,0,1,RUNNING,,,,,,,,,,,,,,
3648,rx,2130443,204357770,0,RUNNING,1012,-64,7,,,,,,,,,,,
3649,tx,2130443,0,1,RUNNING,,,,,,,,,,,,,,
3650,tx,2130578,0,1,RUNNING,,,,,,,,,,,,,,
3651,rx,2130638,204557770,0,RUNNING,1013,-65,7,,,,,,,,,,,
3652,tx,2130638,0,1,RUNNING,,,,,,,,,,,,,,
3653,tx,2130832,0,1,RUNNING,,,,,,,,,,,,,,
3654,rx,2130852,204757771,0,RUNNING,1014,-65,8,,,,,,,,,,,
3655,tx,2130852,0,1,RUNNING,,,,,,,,,,,,,,
3656,tx,2130933,0,1,RUNNING,,,,,,,,,,,,,,
3657,rx,2131088,204957757,0,RUNNING,1015,-65,7,,,,,,,,,,,
3658,tx,2131088,0,1,RUNNING,,,,,,,,,,,,,,
3659,stats,2131088,8288,0,RUNNING,,-11,-70,1011,1014,1,0,0,0,0,1014,0,0,
3660,tx,2131129,0,1,RUNNING,,,,,,,,,,,,,,
3661,tx,2131189,0,1,RUNNING,,,,,,,,,,,,,,
3662,rx,2131343,205157770,0,RUNNING,1016,-64,7,,,,,,,,,,,
3663,tx,2131343,0,1,RUNNING,,,,,,,,,,,,,,
3664,tx,2131384,0,1,RUNNING,,,,,,,,,,,,,,
3665,rx,2131444,205357770,0,RUNNING,1017,-64,7,,,,,,,,,,,
3666,tx,2131444,0,1,RUNNING,,,,,,,,,,,,,,
3667,tx,2131598,0,1,RUNNING,,,,,,,,,,,,,,
3668,rx,2131638,205557767,0,RUNNING,1018,-65,7,,,,,,,,,,,
3669,tx,2131638,0,1,RUNNING,,,,,,,,,,,,,,
3670,rx,2131853,205757724,0,RUNNING,1019,-64,8,,,,,,,,,,,
3671,tx,2131853,0,1,RUNNING,,,,,,,,,,,,,,
3672,tx,2131934,0,1,RUNNING,,,,,,,,,,,,,,
3673,rx,2132109,205957755,0,RUNNING,1020,-64,8,,,,,,,,,,,
3674,tx,2132109,0,1,RUNNING,,,,,,,,,,,,,,
3675,stats,2132109,8244,0,RUNNING,,9,127,1016,1019,1,0,0,0,0,1019,0,0,
3676,tx,2132129,0,1,RUNNING,,,,,,,,,,,,,,
3677,tx,2132190,0,1,RUNNING,,,,,,,,,,,,,,
3678,tx,2132230,0,1,RUNNING,,,,,,,,,,,,,,
3679,rx,2132364,206157768,0,RUNNING,1021,-64,8,,,,,,,,,,,
3680,tx,2132364,0,1,RUNNING,,,,,,,,,,,,,,
3681,tx,2132385,0,1,RUNNING,,,,,,,,,,,,,,
3682,rx,2132445,206357769,0,RUNNING,1022,-64,7,,,,,,,,,,,
3683,tx,2132445,0,1,RUNNING,,,,,,,,,,,,,,
3684,tx,2132619,0,1,RUNNING,,,,,,,,,,,,,,
3685,rx,2132639,206557767,0,RUNNING,1023,-64,7,,,,,,,,,,,
3686,tx,2132640,0,1,RUNNING,,,,,,,,,,,,,,
3687,tx,2132740,0,1,RUNNING,,,,,,,,,,,,,,
3688,rx,2132878,206757764,0,RUNNING,1024,-65,7,,,,,,,,,,,
3689,tx,2132878,0,1,RUNNING,,,,,,,,,,,,,,
3690,tx,2132938,0,1,RUNNING,,,,,,,,,,,,,,
3691,tx,2132978,0,1,RUNNING,,,,,,,,,,,,,,
3692,rx,2133133,206957721,0,RUNNING,1025,-64,7,,,,,,,,,,,
3693,tx,2133133,0,1,RUNNING,,,,,,,,,,,,,,
3694,stats,2133134,8288,0,RUNNING,,-44,-128,1021,1024,1,0,0,0,0,1024,0,0,
3695,tx,2133194,0,1,RUNNING,,,,,,,,,,,,,,
3696,tx,2133234,0,1,RUNNING,,,,,,,,,,,,,,
3697,rx,2133254,207157767,0,RUNNING,1026,-64,8,,,,,,,,,,,
3698,tx,2133254,0,1,RUNNING,,,,,,,,,,,,,,
3699,tx,2133389,0,1,RUNNING,,,,,,,,,,,,,,
3700,tx,2133429,0,1,RUNNING,,,,,,,,,,,,,,
3701,rx,2133449,207357767,0,RUNNING,1027,-64,8,,,,,,,,,,,
3702,tx,2133450,0,1,RUNNING,,,,,,,,,,,,,,
3703,rx,2133644,207557758,0,RUNNING,1028,-65,7,,,,,,,,,,,
3704,tx,2133644,0,1,RUNNING,,,,,,,,,,,,,,
3705,tx,2133744,0,1,RUNNING,,,,,,,,,,,,,,
3706,rx,2133900,207757752,0,RUNNING,1029,-64,9,,,,,,,,,,,
3707,tx,2133900,0,1,RUNNING,,,,,,,,,,,,,,
3708,tx,2133940,0,1,RUNNING,,,,,,,,,,,,,,
3709,tx,2133981,0,1,RUNNING,,,,,,,,,,,,,,
3710,rx,2134155,207957765,0,RUNNING,1030,-64,8,,,,,,,,,,,
3711,tx,2134155,0,1,RUNNING,,,,,,,,,,,,,,
3712,stats,2134155,8275,0,RUNNING,,9,65,1026,1029,1,0,0,0,0,1029,0,0,
3713,tx,2134195,0,1,RUNNING,,,,,,,,,,,,,,
3714,tx,2134236,0,1,RUNNING,,,,,,,,,,,,,,
3715,rx,2134256,208157783,0,RUNNING,1031,-64,8,,,,,,,,,,,
3716,tx,2134256,0,1,RUNNING,,,,,,,,,,,,,,
3717,tx,2134411,0,1,RUNNING,,,,,,,,,,,,,,
3718,tx,2134431,0,1,RUNNING,,,,,,,,,,,,,,
3719,rx,2134451,208357762,0,RUNNING,1032,-65,8,,,,,,,,,,,
3720,tx,2134451,0,1,RUNNING,,,,,,,,,,,,,,
3721,tx,2134531,0,1,RUNNING,,,,,,,,,,,,,,
3722,rx,2134667,208557744,0,RUNNING,1033,-65,7,,,,,,,,,,,
3723,tx,2134667,0,1,RUNNING,,,,,,,,,,,,,,
3724,tx,2134747,0,1,RUNNING,,,,,,,,,,,,,,
3725,tx,2134788,0,1,RUNNING,,,,,,,,,,,,,,
3726,rx,2134922,208757763,0,RUNNING,1034,-65,8,,,,,,,,,,,
3727,tx,2134922,0,1,RUNNING,,,,,,,,,,,,,,
3728,tx,2134942,0,1,RUNNING,,,,,,,,,,,,,,
3729,tx,2134983,0,1,RUNNING,,,,,,,,,,,,,,
3730,rx,2135043,208957762,0,RUNNING,1035,-64,8,,,,,,,,,,,
3731,tx,2135043,0,1,RUNNING,,,,,,,,,,,,,,
3732,tx,2135177,0,1,RUNNING,,,,,,,,,,,,,,
3733,stats,2135177,8272,0,RUNNING,,3,-5,1031,1034,1,0,0,0,0,1034,0,0,
3734,rx,2135238,209157762,0,RUNNING,1036,-65,7,,,,,,,,,,,
3735,tx,2135238,0,1,RUNNING,,,,,,,,,,,,,,
3736,tx,2135432,0,1,RUNNING,,,,,,,,,,,,,,
3737,rx,2135452,209357764,0,RUNNING,1037,-64,8,,,,,,,,,,,
3738,tx,2135452,0,1,RUNNING,,,,,,,,,,,,,,
3739,tx,2135532,0,1,RUNNING,,,,,,,,,,,,,,
3740,rx,2135688,209557728,0,RUNNING,1038,-64,8,,,,,,,,,,,
3741,tx,2135688,0,1,RUNNING,,,,,,,,,,,,,,
3742,tx,2135729,0,1,RUNNING,,,,,,,,,,,,,,
3743,tx,2135789,0,1,RUNNING,,,,,,,,,,,,,,
3744,rx,2135944,209757761,0,RUNNING,1039,-65,8,,,,,,,,,,,
3745,tx,2135944,0,1,RUNNING,,,,,,,,,,,,,,
3746,tx,2135984,0,1,RUNNING,,,,,,,,,,,,,,
3747,rx,2136044,209957762,0,RUNNING,1040,-65,8,,,,,,,,,,,
3748,tx,2136044,0,1,RUNNING,,,,,,,,,,,,,,
3749,tx,2136199,0,1,RUNNING,,,,,,,,,,,,,,
3750,stats,2136199,8245,0,RUNNING,,9,5,1036,1039,1,0,0,0,0,1039,0,0,
3751,rx,2136239,210157761,0,RUNNING,1041,-64,8,,,,,,,,,,,
3752,tx,2136239,0,1,RUNNING,,,,,,,,,,,,,,
3753,rx,2136453,210357751,0,RUNNING,1042,-65,8,,,,,,,,,,,
3754,tx,2136453,0,1,RUNNING,,,,,,,,,,,,,,
3755,tx,2136534,0,1,RUNNING,,,,,,,,,,,,,,
3756,rx,2136709,210557747,0,RUNNING,1043,-65,8,,,,,,,,,,,
3757,tx,2136709,0,1,RUNNING,,,,,,,,,,,,,,
3758,tx,2136729,0,1,RUNNING,,,,,,,,,,,,,,
3759,tx,2136790,0,1,RUNNING,,,,,,,,,,,,,,
3760,tx,2136830,0,1,RUNNING,,,,,,,,,,,,,,
3761,rx,2136964,210757760,0,RUNNING,1044,-64,8,,,,,,,,,,,
3762,tx,2136964,0,1,RUNNING,,,,,,,,,,,,,,
3763,tx,2136984,0,1,RUNNING,,,,,,,,,,,,,,
3764,rx,2137045,210957759,0,RUNNING,1045,-64,7,,,,,,,,,,,
3765,tx,2137045,0,1,RUNNING,,,,,,,,,,,,,,
3766,tx,2137219,0,1,RUNNING,,,,,,,,,,,,,,
3767,stats,2137219,8277,0,RUNNING,,4,-5,1041,1044,1,0,0,0,0,1044,0,0,
3768,rx,2137239,211157758,0,RUNNING,1046,-64,7,,,,,,,,,,,
3769,tx,2137239,0,1,RUNNING,,,,,,,,,,,,,,
3770,tx,2137340,0,1,RUNNING,,,,,,,,,,,,,,
3771,rx,2137474,211357723,0,RUNNING,1047,-64,8,,,,,,,,,,,
3772,tx,2137474,0,1,RUNNING,,,,,,,,,,,,,,
3773,tx,2137535,0,1,RUNNING,,,,,,,,,,,,,,
3774,tx,2137595,0,1,RUNNING,,,,,,,,,,,,,,
3775,rx,2137730,211557759,0,RUNNING,1048,-64,8,,,,,,,,,,,
3776,tx,2137730,0,1,RUNNING,,,,,,,,,,,,,,
3777,tx,2137790,0,1,RUNNING,,,,,,,,,,,,,,
3778,tx,2137830,0,1,RUNNING,,,,,,,,,,,,,,
3779,rx,2137850,211757759,0,RUNNING,1049,-64,9,,,,,,,,,,,
3780,tx,2137850,0,1,RUNNING,,,,,,,,,,,,,,
3781,tx,2137985,0,1,RUNNING,,,,,,,,,,,,,,
3782,rx,2138045,211957756,0,RUNNING,1050,-65,8,,,,,,,,,,,
3783,tx,2138045,0,1,RUNNING,,,,,,,,,,,,,,
3784,rx,2138240,212157712,0,RUNNING,1051,-64,7,,,,,,,,,,,
3785,tx,2138240,0,1,RUNNING,,,,,,,,,,,,,,
3786,stats,2138240,7689,0,RUNNING,,-43,-128,1046,1050,1,0,0,0,0,1050,0,0,
3787,tx,2138341,0,1,RUNNING,,,,,,,,,,,,,,
3788,rx,2138496,212357756,0,RUNNING,1052,-64,8,,,,,,,,,,,
3789,tx,2138496,0,1,RUNNING,,,,,,,,,,,,,,
3790,tx,2138536,0,1,RUNNING,,,,,,,,,,,,,,
3791,tx,2138597,0,1,RUNNING,,,,,,,,,,,,,,
3792,rx,2138751,212557756,0,RUNNING,1053,-65,8,,,,,,,,,,,
3793,tx,2138751,0,1,RUNNING,,,,,,,,,,,,,,
3794,tx,2138791,0,1,RUNNING,,,,,,,,,,,,,,
3795,tx,2138832,0,1,RUNNING,,,,,,,,,,,,,,
3796,rx,2138852,212757756,0,RUNNING,1054,-65,7,,,,,,,,,,,
3797,tx,2138852,0,1,RUNNING,,,,,,,,,,,,,,
3798,tx,2139006,0,1,RUNNING,,,,,,,,,,,,,,
3799,rx,2139046,212957754,0,RUNNING,1055,-64,7,,,,,,,,,,,
3800,tx,2139046,0,1,RUNNING,,,,,,,,,,,,,,
3801,rx,2139261,213157711,0,RUNNING,1056,-64,8,,,,,,,,,,,
3802,tx,2139261,0,1,RUNNING,,,,,,,,,,,,,,
3803,stats,2139261,7690,0,RUNNING,,-42,-128,1051,1055,1,0,0,0,0,1055,0,0,
3804,tx,2139341,0,1,RUNNING,,,,,,,,,,,,,,
3805,tx,2139382,0,1,RUNNING,,,,,,,,,,,,,,
3806,rx,2139517,213357755,0,RUNNING,1057,-64,8,,,,,,,,,,,
3807,tx,2139517,0,1,RUNNING,,,,,,,,,,,,,,
3808,tx,2139537,0,1,RUNNING,,,,,,,,,,,,,,
3809,tx,2139597,0,1,RUNNING,,,,,,,,,,,,,,
3810,rx,2139638,213557755,0,RUNNING,1058,-64,8,,,,,,,,,,,
3811,tx,2139638,0,1,RUNNING,,,,,,,,,,,,,,
3812,tx,2139772,0,1,RUNNING,,,,,,,,,,,,,,
3813,tx,2139792,0,1,RUNNING,,,,,,,,,,,,,,
3814,tx,2139832,0,1,RUNNING,,,,,,,,,,,,,,
3815,rx,2139853,213757753,0,RUNNING,1059,-64,8,,,,,,,,,,,
3816,tx,2139853,0,1,RUNNING,,,,,,,,,,,,,,
3817,tx,2140028,0,1,RUNNING,,,,,,,,,,,,,,
3818,rx,2140048,213957755,0,RUNNING,1060,-64,7,,,,,,,,,,,
3819,tx,2140048,0,1,RUNNING,,,,,,,,,,,,,,
3820,tx,2140128,0,1,RUNNING,,,,,,,,,,,,,,
3821,rx,2140282,214157752,0,RUNNING,1061,-64,7,,,,,,,,,,,
3822,tx,2140282,0,1,RUNNING,,,,,,,,,,,,,,
3823,stats,2140282,7731,0,RUNNING,,-1,-15,1056,1060,1,0,0,0,0,1060,0,0,
3824,tx,2140343,0,1,RUNNING,,,,,,,,,,,,,,
3825,tx,2140383,0,1,RUNNING,,,,,,,,,,,,,,
3826,rx,2140538,214357752,0,RUNNING,1062,-64,7,,,,,,,,,,,
3827,tx,2140538,0,1,RUNNING,,,,,,,,,,,,,,
3828,tx,2140578,0,1,RUNNING,,,,,,,,,,,,,,
3829,rx,2140638,214557753,0,RUNNING,1063,-64,7,,,,,,,,,,,
3830,tx,2140638,0,1,RUNNING,,,,,,,,,,,,,,
3831,tx,2140792,0,1,RUNNING,,,,,,,,,,,,,,
3832,tx,2140833,0,1,RUNNING,,,,,,,,,,,,,,
3833,rx,2140853,214757753,0,RUNNING,1064,-64,8,,,,,,,,,,,
3834,tx,2140853,0,1,RUNNING,,,,,,,,,,,,,,
3835,rx,2141047,214957752,0,RUNNING,1065,-64,8,,,,,,,,,,,
3836,tx,2141047,0,1,RUNNING,,,,,,,,,,,,,,
3837,tx,2141128,0,1,RUNNING,,,,,,,,,,,,,,
3838,rx,2141302,215157752,0,RUNNING,1066,-64,8,,,,,,,,,,,
3839,tx,2141302,0,1,RUNNING,,,,,,,,,,,,,,
3840,stats,2141302,8288,0,RUNNING,,-1,0,1062,1065,1,0,0,0,0,1065,0,0,
3841,tx,2141343,0,1,RUNNING,,,,,,,,,,,,,,
3842,tx,2141383,0,1,RUNNING,,,,,,,,,,,,,,
3843,rx,2141559,215357739,0,RUNNING,1067,-64,8,,,,,,,,,,,
3844,tx,2141559,0,1,RUNNING,,,,,,,,,,,,,,
3845,tx,2141579,0,1,RUNNING,,,,,,,,,,,,,,
3846,rx,2141639,215557750,0,RUNNING,1068,-64,7,,,,,,,,,,,
3847,tx,2141639,0,1,RUNNING,,,,,,,,,,,,,,
3848,tx,2141814,0,1,RUNNING,,,,,,,,,,,,,,
3849,tx,2141834,0,1,RUNNING,,,,,,,,,,,,,,
3850,rx,2141854,215757749,0,RUNNING,1069,-64,8,,,,,,,,,,,
3851,tx,2141854,0,1,RUNNING,,,,,,,,,,,,,,
3852,tx,2141934,0,1,RUNNING,,,,,,,,,,,,,,
3853,rx,2142069,215957750,0,RUNNING,1070,-64,8,,,,,,,,,,,
3854,tx,2142069,0,1,RUNNING,,,,,,,,,,,,,,
3855,tx,2142129,0,1,RUNNING,,,,,,,,,,,,,,
3856,tx,2142189,0,1,RUNNING,,,,,,,,,,,,,,
3857,rx,2142325,216157736,0,RUNNING,1071,-64,8,,,,,,,,,,,
3858,tx,2142325,0,1,RUNNING,,,,,,,,,,,,,,
3859,stats,2142325,8289,0,RUNNING,,-13,-70,1067,1070,1,0,0,0,0,1070,0,0,
3860,tx,2142345,0,1,RUNNING,,,,,,,,,,,,,,
3861,tx,2142385,0,1,RUNNING,,,,,,,,,,,,,,
3862,rx,2142445,216357748,0,RUNNING,1072,-65,8,,,,,,,,,,,
3863,tx,2142445,0,1,RUNNING,,,,,,,,,,,,,,
3864,tx,2142582,0,1,RUNNING,,,,,,,,,,,,,,
3865,rx,2142642,216557749,0,RUNNING,1073,-65,7,,,,,,,,,,,
3866,tx,2142642,0,1,RUNNING,,,,,,,,,,,,,,
3867,rx,2142837,216757749,0,RUNNING,1074,-64,8,,,,,,,,,,,
3868,tx,2142837,0,1,RUNNING,,,,,,,,,,,,,,
3869,tx,2142937,0,1,RUNNING,,,,,,,,,,,,,,
3870,rx,2143092,216957748,0,RUNNING,1075,-64,8,,,,,,,,,,,
3871,tx,2143092,0,1,RUNNING,,,,,,,,,,,,,,
3872,tx,2143132,0,1,RUNNING,,,,,,,,,,,,,,
3873,tx,2143192,0,1,RUNNING,,,,,,,,,,,,,,
3874,rx,2143347,217157748,0,RUNNING,1076,-65,8,,,,,,,,,,,
3875,tx,2143347,0,1,RUNNING,,,,,,,,,,,,,,
3876,stats,2143347,8248,0,RUNNING,,0,0,1072,1075,1,0,0,0,0,1075,0,0,
3877,tx,2143387,0,1,RUNNING,,,,,,,,,,,,,,
3878,rx,2143447,217357747,0,RUNNING,1077,-65,8,,,,,,,,,,,
3879,tx,2143447,0,1,RUNNING,,,,,,,,,,,,,,
3880,tx,2143602,0,1,RUNNING,,,,,,,,,,,,,,
3881,rx,2143642,217557748,0,RUNNING,1078,-64,8,,,,,,,,,,,
3882,tx,2143642,0,1,RUNNING,,,,,,,,,,,,,,
3883,rx,2143857,217757747,0,RUNNING,1079,-65,8,,,,,,,,,,,
3884,tx,2143857,0,1,RUNNING,,,,,,,,,,,,,,
3885,tx,2143938,0,1,RUNNING,,,,,,,,,,,,,,
3886,tx,2143978,0,1,RUNNING,,,,,,,,,,,,,,
3887,rx,2144113,217957734,0,RUNNING,1080,-64,8,,,,,,,,,,,
3888,tx,2144113,0,1,RUNNING,,,,,,,,,,,,,,
3889,tx,2144134,0,1,RUNNING,,,,,,,,,,,,,,
3890,tx,2144194,0,1,RUNNING,,,,,,,,,,,,,,
3891,tx,2144234,0,1,RUNNING,,,,,,,,,,,,,,
3892,rx,2144369,218157734,0,RUNNING,1081,-65,9,,,,,,,,,,,
3893,tx,2144369,0,1,RUNNING,,,,,,,,,,,,,,
3894,stats,2144369,8289,0,RUNNING,,-7,0,1077,1080,1,0,0,0,0,1080,0,0,
3895,tx,2144389,0,1,RUNNING,,,,,,,,,,,,,,
3896,tx,2144429,0,1,RUNNING,,,,,,,,,,,,,,
3897,rx,2144449,218357747,0,RUNNING,1082,-65,8,,,,,,,,,,,
3898,tx,2144449,0,1,RUNNING,,,,,,,,,,,,,,
3899,tx,2144623,0,1,RUNNING,,,,,,,,,,,,,,
3900,rx,2144644,218557743,0,RUNNING,1083,-65,8,,,,,,,,,,,
3901,tx,2144644,0,1,RUNNING,,,,,,,,,,,,,,
3902,tx,2144744,0,1,RUNNING,,,,,,,,,,,,,,
3903,rx,2144879,218757724,0,RUNNING,1084,-64,7,,,,,,,,,,,
3904,tx,2144879,0,1,RUNNING,,,,,,,,,,,,,,
3905,tx,2144939,0,1,RUNNING,,,,,,,,,,,,,,
3906,tx,2144979,0,1,RUNNING,,,,,,,,,,,,,,
3907,rx,2145134,218957732,0,RUNNING,1085,-64,8,,,,,,,,,,,
3908,tx,2145134,0,1,RUNNING,,,,,,,,,,,,,,
3909,tx,2145194,0,1,RUNNING,,,,,,,,,,,,,,
3910,tx,2145235,0,1,RUNNING,,,,,,,,,,,,,,
3911,rx,2145255,219157743,0,RUNNING,1086,-64,8,,,,,,,,,,,
3912,tx,2145255,0,1,RUNNING,,,,,,,,,,,,,,
3913,tx,2145392,0,1,RUNNING,,,,,,,,,,,,,,
3914,stats,2145392,8296,0,RUNNING,,10,55,1082,1085,1,0,0,0,0,1085,0,0,
3915,tx,2145432,0,1,RUNNING,,,,,,,,,,,,,,
3916,rx,2145453,219357744,0,RUNNING,1087,-64,7,,,,,,,,,,,
3917,tx,2145453,0,1,RUNNING,,,,,,,,,,,,,,
3918,rx,2145647,219557727,0,RUNNING,1088,-64,7,,,,,,,,,,,
3919,tx,2145647,0,1,RUNNING,,,,,,,,,,,,,,
3920,tx,2145728,0,1,RUNNING,,,,,,,,,,,,,,
3921,rx,2145902,219757743,0,RUNNING,1089,-64,8,,,,,,,,,,,
3922,tx,2145902,0,1,RUNNING,,,,,,,,,,,,,,
3923,tx,2145942,0,1,RUNNING,,,,,,,,,,,,,,
3924,tx,2145983,0,1,RUNNING,,,,,,,,,,,,,,
3925,rx,2146158,219957730,0,RUNNING,1090,-64,8,,,,,,,,,,,
3926,tx,2146158,0,1,RUNNING,,,,,,,,,,,,,,
3927,tx,2146178,0,1,RUNNING,,,,,,,,,,,,,,
3928,rx,2146238,220157744,0,RUNNING,1091,-65,7,,,,,,,,,,,
3929,tx,2146238,0,1,RUNNING,,,,,,,,,,,,,,
3930,tx,2146413,0,1,RUNNING,,,,,,,,,,,,,,
3931,stats,2146413,8290,0,RUNNING,,10,70,1087,1090,1,0,0,0,0,1090,0,0,
3932,tx,2146433,0,1,RUNNING,,,,,,,,,,,,,,
3933,rx,2146453,220357741,0,RUNNING,1092,-64,8,,,,,,,,,,,
3934,tx,2146453,0,1,RUNNING,,,,,,,,,,,,,,
3935,tx,2146534,0,1,RUNNING,,,,,,,,,,,,,,
3936,rx,2146672,220557684,0,RUNNING,1093,-64,8,,,,,,,,,,,
3937,tx,2146672,0,1,RUNNING,,,,,,,,,,,,,,
3938,tx,2146732,0,1,RUNNING,,,,,,,,,,,,,,
3939,tx,2146792,0,1,RUNNING,,,,,,,,,,,,,,
3940,rx,2146927,220757741,0,RUNNING,1094,-64,8,,,,,,,,,,,
3941,tx,2146927,0,1,RUNNING,,,,,,,,,,,,,,
3942,tx,2146948,0,1,RUNNING,,,,,,,,,,,,,,
3943,tx,2146988,0,1,RUNNING,,,,,,,,,,,,,,
3944,tx,2147028,0,1,RUNNING,,,,,,,,,,,,,,
3945,rx,2147048,220957742,0,RUNNING,1095,-64,8,,,,,,,,,,,
3946,tx,2147048,0,1,RUNNING,,,,,,,,,,,,,,
3947,tx,2147182,0,1,RUNNING,,,,,,,,,,,,,,
3948,rx,2147243,221157742,0,RUNNING,1096,-64,8,,,,,,,,,,,
3949,tx,2147243,0,1,RUNNING,,,,,,,,,,,,,,
3950,rx,2147437,221357753,0,RUNNING,1097,-64,8,,,,,,,,,,,
3951,tx,2147437,0,1,RUNNING,,,,,,,,,,,,,,
3952,stats,2147437,7747,0,RUNNING,,15,55,1092,1096,1,0,0,0,0,1096,0,0,
3953,tx,2147538,0,1,RUNNING,,,,,,,,,,,,,,
3954,rx,2147694,221557726,0,RUNNING,1098,-64,7,,,,,,,,,,,
3955,tx,2147694,0,1,RUNNING,,,,,,,,,,,,,,
3956,tx,2147734,0,1,RUNNING,,,,,,,,,,,,,,
3957,tx,2147794,0,1,RUNNING,,,,,,,,,,,,,,
3958,rx,2147949,221757739,0,RUNNING,1099,-64,8,,,,,,,,,,,
3959,tx,2147949,0,1,RUNNING,,,,,,,,,,,,,,
3960,tx,2147989,0,1,RUNNING,,,,,,,,,,,,,,
3961,tx,2148029,0,1,RUNNING,,,,,,,,,,,,,,
3962,rx,2148049,221957740,0,RUNNING,1100,-64,8,,,,,,,,,,,
3963,tx,2148049,0,1,RUNNING,,,,,,,,,,,,,,
3964,tx,2148203,0,1,RUNNING,,,,,,,,,,,,,,
3965,rx,2148244,222157738,0,RUNNING,1101,-64,7,,,,,,,,,,,
3966,tx,2148244,0,1,RUNNING,,,,,,,,,,,,,,
3967,rx,2148459,222357738,0,RUNNING,1102,-64,8,,,,,,,,,,,
3968,tx,2148459,0,1,RUNNING,,,,,,,,,,,,,,
3969,stats,2148459,7732,0,RUNNING,,0,0,1097,1101,1,0,0,0,0,1101,0,0,
3970,tx,2148539,0,1,RUNNING,,,,,,,,,,,,,,
3971,tx,2148579,0,1,RUNNING,,,,,,,,,,,,,,
3972,rx,2148714,222557738,0,RUNNING,1103,-64,8,,,,,,,,,,,
3973,tx,2148714,0,1,RUNNING,,,,,,,,,,,,,,
3974,tx,2148734,0,1,RUNNING,,,,,,,,,,,,,,
3975,tx,2148794,0,1,RUNNING,,,,,,,,,,,,,,
3976,tx,2148834,0,1,RUNNING,,,,,,,,,,,,,,
3977,rx,2148970,222757725,0,RUNNING,1104,-64,8,,,,,,,,,,,
3978,tx,2148970,0,1,RUNNING,,,,,,,,,,,,,,
3979,tx,2148990,0,1,RUNNING,,,,,,,,,,,,,,
3980,tx,2149030,0,1,RUNNING,,,,,,,,,,,,,,
3981,rx,2149050,222957738,0,RUNNING,1105,-64,8,,,,,,,,,,,
3982,tx,2149050,0,1,RUNNING,,,,,,,,,,,,,,
3983,tx,2149224,0,1,RUNNING,,,,,,,,,,,,,,
3984,rx,2149245,223157735,0,RUNNING,1106,-64,8,,,,,,,,,,,
3985,tx,2149245,0,1,RUNNING,,,,,,,,,,,,,,
3986,tx,2149345,0,1,RUNNING,,,,,,,,,,,,,,
3987,rx,2149480,223357723,0,RUNNING,1107,-65,8,,,,,,,,,,,
3988,tx,2149480,0,1,RUNNING,,,,,,,,,,,,,,
3989,stats,2149480,7720,0,RUNNING,,-12,-60,1102,1106,1,0,0,0,0,1106,0,0,
3990,tx,2149540,0,1,RUNNING,,,,,,,,,,,,,,
3991,tx,2149580,0,1,RUNNING,,,,,,,,,,,,,,
3992,rx,2149737,223557686,0,RUNNING,1108,-64,8,,,,,,,,,,,
3993,tx,2149737,0,1,RUNNING,,,,,,,,,,,,,,
3994,tx,2149797,0,1,RUNNING,,,,,,,,,,,,,,
3995,rx,2149837,223757735,0,RUNNING,1109,-65,9,,,,,,,,,,,
3996,tx,2149837,0,1,RUNNING,,,,,,,,,,,,,,
3997,tx,2149992,0,1,RUNNING,,,,,,,,,,,,,,
3998,tx,2150033,0,1,RUNNING,,,,,,,,,,,,,,
3999,rx,2150053,223957734,0,RUNNING,1110,-64,8,,,,,,,,,,,
4000,tx,2150053,0,1,RUNNING,,,,,,,,,,,,,,
4001,rx,2150248,224157735,0,RUNNING,1111,-65,8,,,,,,,,,,,
4002,tx,2150248,0,1,RUNNING,,,,,,,,,,,,,,
4003,tx,2150328,0,1,RUNNING,,,,,,,,,,,,,,
4004,rx,2150502,224357735,0,RUNNING,1112,-65,7,,,,,,,,,,,
4005,tx,2150502,0,1,RUNNING,,,,,,,,,,,,,,
4006,stats,2150502,8289,0,RUNNING,,4,0,1108,1111,1,0,0,0,0,1111,0,0,
4007,tx,2150543,0,1,RUNNING,,,,,,,,,,,,,,
4008,tx,2150583,0,1,RUNNING,,,,,,,,,,,,,,
4009,rx,2150759,224557722,0,RUNNING,1113,-65,7,,,,,,,,,,,
4010,tx,2150759,0,1,RUNNING,,,,,,,,,,,,,,
4011,tx,2150779,0,1,RUNNING,,,,,,,,,,,,,,
4012,rx,2150839,224757734,0,RUNNING,1114,-64,7,,,,,,,,,,,
4013,tx,2150839,0,1,RUNNING,,,,,,,,,,,,,,
4014,tx,2151014,0,1,RUNNING,,,,,,,,,,,,,,
4015,tx,2151034,0,1,RUNNING,,,,,,,,,,,,,,
4016,rx,2151054,224957735,0,RUNNING,1115,-64,8,,,,,,,,,,,
4017,tx,2151054,0,1,RUNNING,,,,,,,,,,,,,,
4018,tx,2151134,0,1,RUNNING,,,,,,,,,,,,,,
4019,rx,2151269,225157732,0,RUNNING,1116,-65,8,,,,,,,,,,,
4020,tx,2151269,0,1,RUNNING,,,,,,,,,,,,,,
4021,tx,2151329,0,1,RUNNING,,,,,,,,,,,,,,
4022,tx,2151389,0,1,RUNNING,,,,,,,,,,,,,,
4023,rx,2151525,225357719,0,RUNNING,1117,-65,8,,,,,,,,,,,
4024,tx,2151525,0,1,RUNNING,,,,,,,,,,,,,,
4025,stats,2151525,8290,0,RUNNING,,-14,-65,1113,1116,1,0,0,0,0,1116,0,0,
4026,tx,2151545,0,1,RUNNING,,,,,,,,,,,,,,
4027,tx,2151585,0,1,RUNNING,,,,,,,,,,,,,,
4028,rx,2151645,225557734,0,RUNNING,1118,-64,8,,,,,,,,,,,
4029,tx,2151645,0,1,RUNNING,,,,,,,,,,,,,,
4030,tx,2151780,0,1,RUNNING,,,,,,,,,,,,,,
4031,rx,2151840,225757715,0,RUNNING,1119,-65,7,,,,,,,,,,,
4032,tx,2151840,0,1,RUNNING,,,,,,,,,,,,,,
4033,tx,2152035,0,1,RUNNING,,,,,,,,,,,,,,
4034,rx,2152055,225957730,0,RUNNING,1120,-64,7,,,,,,,,,,,
4035,tx,2152055,0,1,RUNNING,,,,,,,,,,,,,,
4036,tx,2152136,0,1,RUNNING,,,,,,,,,,,,,,
4037,rx,2152291,226157687,0,RUNNING,1121,-64,8,,,,,,,,,,,
4038,tx,2152292,0,1,RUNNING,,,,,,,,,,,,,,
4039,tx,2152332,0,1,RUNNING,,,,,,,,,,,,,,
4040,tx,2152392,0,1,RUNNING,,,,,,,,,,,,,,
4041,rx,2152547,226357732,0,RUNNING,1122,-64,8,,,,,,,,,,,
4042,tx,2152547,0,1,RUNNING,,,,,,,,,,,,,,
4043,stats,2152547,8248,0,RUNNING,,25,127,1118,1121,1,0,0,0,0,1121,0,0,
4044,tx,2152588,0,1,RUNNING,,,,,,,,,,,,,,
4045,tx,2152628,0,1,RUNNING,,,,,,,,,,,,,,
4046,rx,2152648,226557730,0,RUNNING,1123,-64,8,,,,,,,,,,,
4047,tx,2152648,0,1,RUNNING,,,,,,,,,,,,,,
4048,tx,2152803,0,1,RUNNING,,,,,,,,,,,,,,
4049,rx,2152843,226757730,0,RUNNING,1124,-64,8,,,,,,,,,,,
4050,tx,2152843,0,1,RUNNING,,,,,,,,,,,,,,
4051,rx,2153058,226957731,0,RUNNING,1125,-64,8,,,,,,,,,,,
4052,tx,2153058,0,1,RUNNING,,,,,,,,,,,,,,
4053,tx,2153138,0,1,RUNNING,,,,,,,,,,,,,,
4054,tx,2153179,0,1,RUNNING,,,,,,,,,,,,,,
4055,rx,2153314,227157680,0,RUNNING,1126,-64,7,,,,,,,,,,,
4056,tx,2153314,0,1,RUNNING,,,,,,,,,,,,,,
4057,tx,2153334,0,1,RUNNING,,,,,,,,,,,,,,
4058,tx,2153394,0,1,RUNNING,,,,,,,,,,,,,,
4059,tx,2153435,0,1,RUNNING,,,,,,,,,,,,,,
4060,rx,2153570,227357717,0,RUNNING,1127,-64,7,,,,,,,,,,,
4061,tx,2153570,0,1,RUNNING,,,,,,,,,,,,,,
4062,stats,2153570,8289,0,RUNNING,,12,127,1123,1126,1,0,0,0,0,1126,0,0,
4063,tx,2153590,0,1,RUNNING,,,,,,,,,,,,,,
4064,tx,2153630,0,1,RUNNING,,,,,,,,,,,,,,
4065,rx,2153650,227557730,0,RUNNING,1128,-64,8,,,,,,,,,,,
4066,tx,2153650,0,1,RUNNING,,,,,,,,,,,,,,
4067,tx,2153825,0,1,RUNNING,,,,,,,,,,,,,,
4068,rx,2153845,227757729,0,RUNNING,1129,-65,7,,,,,,,,,,,
4069,tx,2153845,0,1,RUNNING,,,,,,,,,,,,,,
4070,tx,2153946,0,1,RUNNING,,,,,,,,,,,,,,
4071,rx,2154081,227957741,0,RUNNING,1130,-65,8,,,,,,,,,,,
4072,tx,2154081,0,1,RUNNING,,,,,,,,,,,,,,
4073,tx,2154141,0,1,RUNNING,,,,,,,,,,,,,,
4074,tx,2154181,0,1,RUNNING,,,,,,,,,,,,,,
4075,rx,2154336,228157729,0,RUNNING,1131,-65,8,,,,,,,,,,,
4076,tx,2154336,0,1,RUNNING,,,,,,,,,,,,,,
4077,tx,2154397,0,1,RUNNING,,,,,,,,,,,,,,
4078,rx,2154437,228357727,0,RUNNING,1132,-65,8,,,,,,,,,,,
4079,tx,2154437,0,1,RUNNING,,,,,,,,,,,,,,
4080,tx,2154592,0,1,RUNNING,,,,,,,,,,,,,,
4081,stats,2154592,8291,0,RUNNING,,-4,-10,1128,1131,1,0,0,0,0,1131,0,0,
4082,tx,2154632,0,1,RUNNING,,,,,,,,,,,,,,
4083,rx,2154652,228557727,0,RUNNING,1133,-65,8,,,,,,,,,,,
4084,tx,2154652,0,1,RUNNING,,,,,,,,,,,,,,
4085,rx,2154847,228757725,0,RUNNING,1134,-65,9,,,,,,,,,,,
4086,tx,2154847,0,1,RUNNING,,,,,,,,,,,,,,
4087,tx,2154928,0,1,RUNNING,,,,,,,,,,,,,,
4088,rx,2155103,228957692,0,RUNNING,1135,-64,8,,,,,,,,,,,
4089,tx,2155103,0,1,RUNNING,,,,,,,,,,,,,,
4090,tx,2155144,0,1,RUNNING,,,,,,,,,,,,,,
4091,tx,2155184,0,1,RUNNING,,,,,,,,,,,,,,
4092,rx,2155359,229157727,0,RUNNING,1136,-64,7,,,,,,,,,,,
4093,tx,2155359,0,1,RUNNING,,,,,,,,,,,,,,
4094,tx,2155380,0,1,RUNNING,,,,,,,,,,,,,,
4095,rx,2155440,229357725,0,RUNNING,1137,-64,8,,,,,,,,,,,
4096,tx,2155440,0,1,RUNNING,,,,,,,,,,,,,,
4097,tx,2155615,0,1,RUNNING,,,,,,,,,,,,,,
4098,stats,2155615,8292,0,RUNNING,,7,-10,1133,1136,1,0,0,0,0,1136,0,0,
4099,tx,2155635,0,1,RUNNING,,,,,,,,,,,,,,
4100,rx,2155655,229557713,0,RUNNING,1138,-64,7,,,,,,,,,,,
4101,tx,2155655,0,1,RUNNING,,,,,,,,,,,,,,
4102,tx,2155735,0,1,RUNNING,,,,,,,,,,,,,,
4103,rx,2155870,229757682,0,RUNNING,1139,-64,8,,,,,,,,,,,
4104,tx,2155870,0,1,RUNNING,,,,,,,,,,,,,,
4105,tx,2155930,0,1,RUNNING,,,,,,,,,,,,,,
4106,tx,2155991,0,1,RUNNING,,,,,,,,,,,,,,
4107,rx,2156126,229957711,0,RUNNING,1140,-64,8,,,,,,,,,,,
4108,tx,2156126,0,1,RUNNING,,,,,,,,,,,,,,
4109,tx,2156146,0,1,RUNNING,,,,,,,,,,,,,,
4110,tx,2156186,0,1,RUNNING,,,,,,,,,,,,,,
4111,rx,2156247,230157725,0,RUNNING,1141,-64,9,,,,,,,,,,,
4112,tx,2156247,0,1,RUNNING,,,,,,,,,,,,,,
4113,tx,2156384,0,1,RUNNING,,,,,,,,,,,,,,
4114,rx,2156444,230357725,0,RUNNING,1142,-65,7,,,,,,,,,,,
4115,tx,2156444,0,1,RUNNING,,,,,,,,,,,,,,
4116,rx,2156639,230557721,0,RUNNING,1143,-64,8,,,,,,,,,,,
4117,tx,2156639,0,1,RUNNING,,,,,,,,,,,,,,
4118,stats,2156639,7733,0,RUNNING,,1,-20,1138,1142,1,0,0,0,0,1142,0,0,
4119,tx,2156739,0,1,RUNNING,,,,,,,,,,,,,,
4120,rx,2156895,230757665,0,RUNNING,1144,-64,8,,,,,,,,,,,
4121,tx,2156895,0,1,RUNNING,,,,,,,,,,,,,,
4122,tx,2156935,0,1,RUNNING,,,,,,,,,,,,,,
4123,tx,2156996,0,1,RUNNING,,,,,,,,,,,,,,
4124,rx,2157151,230957722,0,RUNNING,1145,-64,8,,,,,,,,,,,
4125,tx,2157151,0,1,RUNNING,,,,,,,,,,,,,,
4126,tx,2157191,0,1,RUNNING,,,,,,,,,,,,,,
4127,tx,2157231,0,1,RUNNING,,,,,,,,,,,,,,
4128,rx,2157252,231157724,0,RUNNING,1146,-64,8,,,,,,,,,,,
4129,tx,2157252,0,1,RUNNING,,,,,,,,,,,,,,
4130,tx,2157406,0,1,RUNNING,,,,,,,,,,,,,,
4131,rx,2157446,231357722,0,RUNNING,1147,-64,8,,,,,,,,,,,
4132,tx,2157446,0,1,RUNNING,,,,,,,,,,,,,,
4133,rx,2157661,231557724,0,RUNNING,1148,-64,8,,,,,,,,,,,
4134,tx,2157661,0,1,RUNNING,,,,,,,,,,,,,,
4135,stats,2157661,7738,0,RUNNING,,6,10,1143,1147,1,0,0,0,0,1147,0,0,
4136,tx,2157742,0,1,RUNNING,,,,,,,,,,,,,,
4137,tx,2157782,0,1,RUNNING,,,,,,,,,,,,,,
4138,rx,2157917,231757722,0,RUNNING,1149,-64,8,,,,,,,,,,,
4139,tx,2157917,0,1,RUNNING,,,,,,,,,,,,,,
4140,tx,2157937,0,1,RUNNING,,,,,,,,,,,,,,
4141,tx,2157997,0,1,RUNNING,,,,,,,,,,,,,,
4142,rx,2158037,231957721,0,RUNNING,1150,-65,8,,,,,,,,,,,
4143,tx,2158037,0,1,RUNNING,,,,,,,,,,,,,,
4144,tx,2158174,0,1,RUNNING,,,,,,,,,,,,,,
4145,tx,2158194,0,1,RUNNING,,,,,,,,,,,,,,
4146,tx,2158235,0,1,RUNNING,,,,,,,,,,,,,,
4147,rx,2158255,232157722,0,RUNNING,1151,-65,8,,,,,,,,,,,
4148,tx,2158255,0,1,RUNNING,,,,,,,,,,,,,,
4149,tx,2158429,0,1,RUNNING,,,,,,,,,,,,,,
4150,rx,2158449,232357723,0,RUNNING,1152,-64,8,,,,,,,,,,,
4151,tx,2158449,0,1,RUNNING,,,,,,,,,,,,,,
4152,tx,2158529,0,1,RUNNING,,,,,,,,,,,,,,
4153,rx,2158684,232557696,0,RUNNING,1153,-64,7,,,,,,,,,,,
4154,tx,2158684,0,1,RUNNING,,,,,,,,,,,,,,
4155,stats,2158684,7706,0,RUNNING,,-26,-128,1148,1152,1,0,0,0,0,1152,0,0,
4156,tx,2158744,0,1,RUNNING,,,,,,,,,,,,,,
4157,tx,2158784,0,1,RUNNING,,,,,,,,,,,,,,
4158,rx,2158940,232757719,0,RUNNING,1154,-65,7,,,,,,,,,,,
4159,tx,2158940,0,1,RUNNING,,,,,,,,,,,,,,
4160,tx,2158980,0,1,RUNNING,,,,,,,,,,,,,,
4161,rx,2159040,232957720,0,RUNNING,1155,-64,8,,,,,,,,,,,
4162,tx,2159040,0,1,RUNNING,,,,,,,,,,,,,,
4163,tx,2159194,0,1,RUNNING,,,,,,,,,,,,,,
4164,tx,2159234,0,1,RUNNING,,,,,,,,,,,,,,
4165,rx,2159255,233157720,0,RUNNING,1156,-64,8,,,,,,,,,,,
4166,tx,2159255,0,1,RUNNING,,,,,,,,,,,,,,
4167,rx,2159449,233357719,0,RUNNING,1157,-65,8,,,,,,,,,,,
4168,tx,2159449,0,1,RUNNING,,,,,,,,,,,,,,
4169,tx,2159530,0,1,RUNNING,,,,,,,,,,,,,,
4170,rx,2159706,233557704,0,RUNNING,1158,-64,8,,,,,,,,,,,
4171,tx,2159706,0,1,RUNNING,,,,,,,,,,,,,,
4172,stats,2159706,8286,0,RUNNING,,-14,-75,1154,1157,1,0,0,0,0,1157,0,0,
4173,tx,2159746,0,1,RUNNING,,,,,,,,,,,,,,
4174,tx,2159786,0,1,RUNNING,,,,,,,,,,,,,,
4175,rx,2159962,233757671,0,RUNNING,1159,-64,7,,,,,,,,,,,
4176,tx,2159962,0,1,RUNNING,,,,,,,,,,,,,,
4177,tx,2159982,0,1,RUNNING,,,,,,,,,,,,,,
4178,rx,2160042,233957719,0,RUNNING,1160,-64,7,,,,,,,,,,,
4179,tx,2160042,0,1,RUNNING,,,,,,,,,,,,,,
4180,tx,2160217,0,1,RUNNING,,,,,,,,,,,,,,
4181,rx,2160238,234157717,0,RUNNING,1161,-64,8,,,,,,,,,,,
4182,tx,2160238,0,1,RUNNING,,,,,,,,,,,,,,
4183,tx,2160338,0,1,RUNNING,,,,,,,,,,,,,,
4184,rx,2160476,234357668,0,RUNNING,1162,-64,8,,,,,,,,,,,
4185,tx,2160476,0,1,RUNNING,,,,,,,,,,,,,,
4186,tx,2160536,0,1,RUNNING,,,,,,,,,,,,,,
4187,tx,2160597,0,1,RUNNING,,,,,,,,,,,,,,
4188,rx,2160732,234557716,0,RUNNING,1163,-64,8,,,,,,,,,,,
4189,tx,2160732,0,1,RUNNING,,,,,,,,,,,,,,
4190,stats,2160732,8283,0,RUNNING,,26,127,1159,1162,1,0,0,0,0,1162,0,0,
4191,tx,2160792,0,1,RUNNING,,,,,,,,,,,,,,
4192,tx,2160832,0,1,RUNNING,,,,,,,,,,,,,,
4193,rx,2160852,234757719,0,RUNNING,1164,-64,8,,,,,,,,,,,
4194,tx,2160852,0,1,RUNNING,,,,,,,,,,,,,,
4195,tx,2160987,0,1,RUNNING,,,,,,,,,,,,,,
4196,rx,2161048,234957716,0,RUNNING,1165,-65,8,,,,,,,,,,,
4197,tx,2161048,0,1,RUNNING,,,,,,,,,,,,,,
4198,rx,2161243,235157714,0,RUNNING,1166,-64,8,,,,,,,,,,,
4199,tx,2161243,0,1,RUNNING,,,,,,,,,,,,,,
4200,tx,2161343,0,1,RUNNING,,,,,,,,,,,,,,
4201,rx,2161499,235357671,0,RUNNING,1167,-64,8,,,,,,,,,,,
4202,tx,2161499,0,1,RUNNING,,,,,,,,,,,,,,
4203,tx,2161539,0,1,RUNNING,,,,,,,,,,,,,,
4204,tx,2161579,0,1,RUNNING,,,,,,,,,,,,,,
4205,rx,2161755,235557715,0,RUNNING,1168,-64,8,,,,,,,,,,,
4206,tx,2161755,0,1,RUNNING,,,,,,,,,,,,,,
4207,stats,2161755,8275,0,RUNNING,,23,127,1164,1167,1,0,0,0,0,1167,0,0,
4208,tx,2161795,0,1,RUNNING,,,,,,,,,,,,,,
4209,tx,2161835,0,1,RUNNING,,,,,,,,,,,,,,
4210,rx,2161855,235757714,0,RUNNING,1169,-64,8,,,,,,,,,,,
4211,tx,2161855,0,1,RUNNING,,,,,,,,,,,,,,
4212,tx,2162010,0,1,RUNNING,,,,,,,,,,,,,,
4213,tx,2162030,0,1,RUNNING,,,,,,,,,,,,,,
4214,rx,2162050,235957714,0,RUNNING,1170,-65,7,,,,,,,,,,,
4215,tx,2162050,0,1,RUNNING,,,,,,,,,,,,,,
4216,tx,2162131,0,1,RUNNING,,,,,,,,,,,,,,
4217,rx,2162265,236157714,0,RUNNING,1171,-64,8,,,,,,,,,,,
4218,tx,2162265,0,1,RUNNING,,,,,,,,,,,,,,
4219,tx,2162345,0,1,RUNNING,,,,,,,,,,,,,,
4220,tx,2162386,0,1,RUNNING,,,,,,,,,,,,,,
4221,rx,2162520,236357713,0,RUNNING,1172,-64,8,,,,,,,,,,,
4222,tx,2162520,0,1,RUNNING,,,,,,,,,,,,,,
4223,tx,2162540,0,1,RUNNING,,,,,,,,,,,,,,
4224,tx,2162580,0,1,RUNNING,,,,,,,,,,,,,,
4225,rx,2162640,236557714,0,RUNNING,1173,-65,8,,,,,,,,,,,
4226,tx,2162640,0,1,RUNNING,,,,,,,,,,,,,,
4227,tx,2162774,0,1,RUNNING,,,,,,,,,,,,,,
4228,stats,2162774,8289,0,RUNNING,,2,5,1169,1172,1,0,0,0,0,1172,0,0,
4229,tx,2162794,0,1,RUNNING,,,,,,,,,,,,,,
4230,tx,2162835,0,1,RUNNING,,,,,,,,,,,,,,
4231,rx,2162855,236757713,0,RUNNING,1174,-65,7,,,,,,,,,,,
4232,tx,2162855,0,1,RUNNING,,,,,,,,,,,,,,
4233,tx,2163029,0,1,RUNNING,,,,,,,,,,,,,,
4234,rx,2163049,236957714,0,RUNNING,1175,-65,8,,,,,,,,,,,
4235,tx,2163049,0,1,RUNNING,,,,,,,,,,,,,,
4236,tx,2163130,0,1,RUNNING,,,,,,,,,,,,,,
4237,rx,2163284,237157699,0,RUNNING,1176,-65,9,,,,,,,,,,,
4238,tx,2163284,0,1,RUNNING,,,,,,,,,,,,,,
4239,tx,2163344,0,1,RUNNING,,,,,,,,,,,,,,
4240,tx,2163384,0,1,RUNNING,,,,,,,,,,,,,,
4241,rx,2163539,237357712,0,RUNNING,1177,-65,8,,,,,,,,,,,
4242,tx,2163539,0,1,RUNNING,,,,,,,,,,,,,,
4243,tx,2163579,0,1,RUNNING,,,,,,,,,,,,,,
4244,rx,2163640,237557712,0,RUNNING,1178,-64,7,,,,,,,,,,,
4245,tx,2163640,0,1,RUNNING,,,,,,,,,,,,,,
4246,tx,2163794,0,1,RUNNING,,,,,,,,,,,,,,
4247,stats,2163794,8289,0,RUNNING,,3,0,1174,1177,1,0,0,0,0,1177,0,0,
4248,tx,2163834,0,1,RUNNING,,,,,,,,,,,,,,
4249,rx,2163854,237757712,0,RUNNING,1179,-65,7,,,,,,,,,,,
4250,tx,2163854,0,1,RUNNING,,,,,,,,,,,,,,
4251,rx,2164048,237957709,0,RUNNING,1180,-65,8,,,,,,,,,,,
4252,tx,2164048,0,1,RUNNING,,,,,,,,,,,,,,
4253,tx,2164129,0,1,RUNNING,,,,,,,,,,,,,,
4254,rx,2164304,238157696,0,RUNNING,1181,-65,8,,,,,,,,,,,
4255,tx,2164304,0,1,RUNNING,,,,,,,,,,,,,,
4256,tx,2164345,0,1,RUNNING,,,,,,,,,,,,,,
4257,tx,2164385,0,1,RUNNING,,,,,,,,,,,,,,
4258,rx,2164560,238357703,0,RUNNING,1182,-65,7,,,,,,,,,,,
4259,tx,2164560,0,1,RUNNING,,,,,,,,,,,,,,
4260,tx,2164580,0,1,RUNNING,,,,,,,,,,,,,,
4261,rx,2164640,238557709,0,RUNNING,1183,-64,8,,,,,,,,,,,
4262,tx,2164640,0,1,RUNNING,,,,,,,,,,,,,,
4263,tx,2164815,0,1,RUNNING,,,,,,,,,,,,,,
4264,stats,2164815,8288,0,RUNNING,,6,30,1179,1182,1,0,0,0,0,1182,0,0,
4265,tx,2164835,0,1,RUNNING,,,,,,,,,,,,,,
4266,rx,2164855,238757695,0,RUNNING,1184,-64,8,,,,,,,,,,,
4267,tx,2164855,0,1,RUNNING,,,,,,,,,,,,,,
4268,tx,2164936,0,1,RUNNING,,,,,,,,,,,,,,
4269,rx,2165071,238957710,0,RUNNING,1185,-64,8,,,,,,,,,,,
4270,tx,2165071,0,1,RUNNING,,,,,,,,,,,,,,
4271,tx,2165131,0,1,RUNNING,,,,,,,,,,,,,,
4272,tx,2165191,0,1,RUNNING,,,,,,,,,,,,,,
4273,rx,2165326,239157707,0,RUNNING,1186,-64,7,,,,,,,,,,,
4274,tx,2165326,0,1,RUNNING,,,,,,,,,,,,,,
4275,tx,2165346,0,1,RUNNING,,,,,,,,,,,,,,
4276,tx,2165386,0,1,RUNNING,,,,,,,,,,,,,,
4277,rx,2165447,239357708,0,RUNNING,1187,-65,8,,,,,,,,,,,
4278,tx,2165447,0,1,RUNNING,,,,,,,,,,,,,,
4279,tx,2165581,0,1,RUNNING,,,,,,,,,,,,,,
4280,rx,2165641,239557708,0,RUNNING,1188,-65,8,,,,,,,,,,,
4281,tx,2165641,0,1,RUNNING,,,,,,,,,,,,,,
4282,tx,2165836,0,1,RUNNING,,,,,,,,,,,,,,
4283,stats,2165836,8289,0,RUNNING,,1,0,1184,1187,1,0,0,0,0,1187,0,0,
4284,rx,2165856,239757679,0,RUNNING,1189,-64,8,,,,,,,,,,,
4285,tx,2165856,0,1,RUNNING,,,,,,,,,,,,,,
4286,tx,2165936,0,1,RUNNING,,,,,,,,,,,,,,
4287,rx,2166092,239957662,0,RUNNING,1190,-64,8,,,,,,,,,,,
4288,tx,2166092,0,1,RUNNING,,,,,,,,,,,,,,
4289,tx,2166132,0,1,RUNNING,,,,,,,,,,,,,,
4290,tx,2166192,0,1,RUNNING,,,,,,,,,,,,,,
4291,rx,2166347,240157692,0,RUNNING,1191,-65,8,,,,,,,,,,,
4292,tx,2166348,0,1,RUNNING,,,,,,,,,,,,,,
4293,tx,2166388,0,1,RUNNING,,,,,,,,,,,,,,
4294,tx,2166428,0,1,RUNNING,,,,,,,,,,,,,,
4295,rx,2166448,240357706,0,RUNNING,1192,-64,8,,,,,,,,,,,
4296,tx,2166448,0,1,RUNNING,,,,,,,,,,,,,,
4297,tx,2166603,0,1,RUNNING,,,,,,,,,,,,,,
4298,rx,2166643,240557706,0,RUNNING,1193,-64,7,,,,,,,,,,,
4299,tx,2166643,0,1,RUNNING,,,,,,,,,,,,,,
4300,rx,2166858,240757704,0,RUNNING,1194,-64,8,,,,,,,,,,,
4301,tx,2166858,0,1,RUNNING,,,,,,,,,,,,,,
4302,stats,2166858,7736,0,RUNNING,,4,-10,1189,1193,1,0,0,0,0,1193,0,0,
4303,tx,2166938,0,1,RUNNING,,,,,,,,,,,,,,
4304,tx,2166979,0,1,RUNNING,,,,,,,,,,,,,,
4305,rx,2167114,240957699,0,RUNNING,1195,-65,8,,,,,,,,,,,
4306,tx,2167114,0,1,RUNNING,,,,,,,,,,,,,,
4307,tx,2167134,0,1,RUNNING,,,,,,,,,,,,,,
4308,tx,2167194,0,1,RUNNING,,,,,,,,,,,,,,
4309,tx,2167234,0,1,RUNNING,,,,,,,,,,,,,,
4310,rx,2167370,241157690,0,RUNNING,1196,-64,7,,,,,,,,,,,
4311,tx,2167370,0,1,RUNNING,,,,,,,,,,,,,,
4312,tx,2167390,0,1,RUNNING,,,,,,,,,,,,,,
4313,tx,2167430,0,1,RUNNING,,,,,,,,,,,,,,
4314,rx,2167450,241357705,0,RUNNING,1197,-65,8,,,,,,,,,,,
4315,tx,2167450,0,1,RUNNING,,,,,,,,,,,,,,
4316,tx,2167624,0,1,RUNNING,,,,,,,,,,,,,,
4317,rx,2167645,241557705,0,RUNNING,1198,-64,8,,,,,,,,,,,
4318,tx,2167645,0,1,RUNNING,,,,,,,,,,,,,,
4319,tx,2167745,0,1,RUNNING,,,,,,,,,,,,,,
4320,rx,2167882,241757704,0,RUNNING,1199,-65,8,,,,,,,,,,,
4321,tx,2167882,0,1,RUNNING,,,,,,,,,,,,,,
4322,stats,2167882,7734,0,RUNNING,,2,-5,1194,1198,1,0,0,0,0,1198,0,0,
4323,tx,2167942,0,1,RUNNING,,,,,,,,,,,,,,
4324,tx,2167982,0,1,RUNNING,,,,,,,,,,,,,,
4325,rx,2168138,241957654,0,RUNNING,1200,-64,7,,,,,,,,,,,
4326,tx,2168138,0,1,RUNNING,,,,,,,,,,,,,,
4327,tx,2168178,0,1,RUNNING,,,,,,,,,,,,,,
4328,rx,2168238,242157703,0,RUNNING,1201,-65,7,,,,,,,,,,,
4329,tx,2168238,0,1,RUNNING,,,,,,,,,,,,,,
4330,tx,2168393,0,1,RUNNING,,,,,,,,,,,,,,
4331,tx,2168434,0,1,RUNNING,,,,,,,,,,,,,,
4332,rx,2168454,242357703,0,RUNNING,1202,-65,8,,,,,,,,,,,
4333,tx,2168454,0,1,RUNNING,,,,,,,,,,,,,,
4334,rx,2168649,242557703,0,RUNNING,1203,-65,8,,,,,,,,,,,
4335,tx,2168649,0,1,RUNNING,,,,,,,,,,,,,,
4336,tx,2168729,0,1,RUNNING,,,,,,,,,,,,,,
4337,rx,2168905,242757660,0,RUNNING,1204,-64,7,,,,,,,,,,,
4338,tx,2168905,0,1,RUNNING,,,,,,,,,,,,,,
4339,stats,2168905,8289,0,RUNNING,,-40,-128,1200,1203,1,0,0,0,0,1203,0,0,
4340,tx,2168945,0,1,RUNNING,,,,,,,,,,,,,,
4341,tx,2168986,0,1,RUNNING,,,,,,,,,,,,,,
4342,rx,2169161,242957700,0,RUNNING,1205,-64,8,,,,,,,,,,,
4343,tx,2169161,0,1,RUNNING,,,,,,,,,,,,,,
4344,tx,2169181,0,1,RUNNING,,,,,,,,,,,,,,
4345,rx,2169241,243157700,0,RUNNING,1206,-65,8,,,,,,,,,,,
4346,tx,2169241,0,1,RUNNING,,,,,,,,,,,,,,
4347,tx,2169416,0,1,RUNNING,,,,,,,,,,,,,,
4348,tx,2169436,0,1,RUNNING,,,,,,,,,,,,,,
4349,rx,2169456,243357701,0,RUNNING,1207,-64,7,,,,,,,,,,,
4350,tx,2169456,0,1,RUNNING,,,,,,,,,,,,,,
4351,tx,2169537,0,1,RUNNING,,,,,,,,,,,,,,
4352,rx,2169677,243557699,0,RUNNING,1208,-64,8,,,,,,,,,,,
4353,tx,2169677,0,1,RUNNING,,,,,,,,,,,,,,
4354,tx,2169737,0,1,RUNNING,,,,,,,,,,,,,,
4355,tx,2169797,0,1,RUNNING,,,,,,,,,,,,,,
4356,rx,2169931,243757700,0,RUNNING,1209,-64,8,,,,,,,,,,,
4357,tx,2169931,0,1,RUNNING,,,,,,,,,,,,,,
4358,stats,2169931,8302,0,RUNNING,,2,5,1205,1208,1,0,0,0,0,1208,0,0,
4359,tx,2169992,0,1,RUNNING,,,,,,,,,,,,,,
4360,tx,2170032,0,1,RUNNING,,,,,,,,,,,,,,
4361,rx,2170052,243957701,0,RUNNING,1210,-64,7,,,,,,,,,,,
4362,tx,2170052,0,1,RUNNING,,,,,,,,,,,,,,
4363,tx,2170186,0,1,RUNNING,,,,,,,,,,,,,,
4364,rx,2170247,244157699,0,RUNNING,1211,-64,7,,,,,,,,,,,
4365,tx,2170247,0,1,RUNNING,,,,,,,,,,,,,,
4366,rx,2170442,244357699,0,RUNNING,1212,-65,8,,,,,,,,,,,
4367,tx,2170442,0,1,RUNNING,,,,,,,,,,,,,,
4368,tx,2170542,0,1,RUNNING,,,,,,,,,,,,,,
4369,rx,2170697,244557699,0,RUNNING,1213,-65,8,,,,,,,,,,,
4370,tx,2170697,0,1,RUNNING,,,,,,,,,,,,,,
4371,tx,2170737,0,1,RUNNING,,,,,,,,,,,,,,
4372,tx,2170798,0,1,RUNNING,,,,,,,,,,,,,,
4373,rx,2170953,244757697,0,RUNNING,1214,-64,8,,,,,,,,,,,
4374,tx,2170953,0,1,RUNNING,,,,,,,,,,,,,,
4375,stats,2170953,8284,0,RUNNING,,-3,-10,1210,1213,1,0,0,0,0,1213,0,0,
4376,tx,2170993,0,1,RUNNING,,,,,,,,,,,,,,
4377,tx,2171033,0,1,RUNNING,,,,,,,,,,,,,,
4378,rx,2171053,244957699,0,RUNNING,1215,-64,7,,,,,,,,,,,
4379,tx,2171053,0,1,RUNNING,,,,,,,,,,,,,,
4380,tx,2171207,0,1,RUNNING,,,,,,,,,,,,,,
4381,rx,2171248,245157698,0,RUNNING,1216,-65,7,,,,,,,,,,,
4382,tx,2171248,0,1,RUNNING,,,,,,,,,,,,,,
4383,tx,2171328,0,1,RUNNING,,,,,,,,,,,,,,
4384,rx,2171466,245357696,0,RUNNING,1217,-65,8,,,,,,,,,,,
4385,tx,2171466,0,1,RUNNING,,,,,,,,,,,,,,
4386,tx,2171546,0,1,RUNNING,,,,,,,,,,,,,,
4387,tx,2171587,0,1,RUNNING,,,,,,,,,,,,,,
4388,rx,2171721,245557697,0,RUNNING,1218,-65,7,,,,,,,,,,,
4389,tx,2171721,0,1,RUNNING,,,,,,,,,,,,,,
4390,tx,2171741,0,1,RUNNING,,,,,,,,,,,,,,
4391,tx,2171781,0,1,RUNNING,,,,,,,,,,,,,,
4392,rx,2171842,245757697,0,RUNNING,1219,-64,7,,,,,,,,,,,
4393,tx,2171842,0,1,RUNNING,,,,,,,,,,,,,,
4394,tx,2171976,0,1,RUNNING,,,,,,,,,,,,,,
4395,stats,2171976,8288,0,RUNNING,,-1,0,1215,1218,1,0,0,0,0,1218,0,0,
4396,tx,2171996,0,1,RUNNING,,,,,,,,,,,,,,
4397,rx,2172037,245957695,0,RUNNING,1220,-64,8,,,,,,,,,,,
4398,tx,2172037,0,1,RUNNING,,,,,,,,,,,,,,
4399,tx,2172232,0,1,RUNNING,,,,,,,,,,,,,,
4400,rx,2172252,246157696,0,RUNNING,1221,-64,8,,,,,,,,,,,
4401,tx,2172252,0,1,RUNNING,,,,,,,,,,,,,,
4402,tx,2172332,0,1,RUNNING,,,,,,,,,,,,,,
4403,rx,2172487,246357696,0,RUNNING,1222,-64,8,,,,,,,,,,,
4404,tx,2172487,0,1,RUNNING,,,,,,,,,,,,,,
4405,tx,2172547,0,1,RUNNING,,,,,,,,,,,,,,
4406,tx,2172587,0,1,RUNNING,,,,,,,,,,,,,,
4407,rx,2172742,246557694,0,RUNNING,1223,-64,8,,,,,,,,,,,
4408,tx,2172742,0,1,RUNNING,,,,,,,,,,,,,,
4409,tx,2172783,0,1,RUNNING,,,,,,,,,,,,,,
4410,rx,2172843,246757695,0,RUNNING,1224,-64,8,,,,,,,,,,,
4411,tx,2172843,0,1,RUNNING,,,,,,,,,,,,,,
4412,tx,2172998,0,1,RUNNING,,,,,,,,,,,,,,
4413,stats,2172998,8289,0,RUNNING,,-1,5,1220,1223,1,0,0,0,0,1223,0,0,
4414,rx,2173038,246957695,0,RUNNING,1225,-64,7,,,,,,,,,,,
4415,tx,2173038,0,1,RUNNING,,,,,,,,,,,,,,
4416,rx,2173253,247157695,0,RUNNING,1226,-64,7,,,,,,,,,,,
4417,tx,2173253,0,1,RUNNING,,,,,,,,,,,,,,
4418,tx,2173333,0,1,RUNNING,,,,,,,,,,,,,,
4419,rx,2173508,247357691,0,RUNNING,1227,-64,7,,,,,,,,,,,
4420,tx,2173508,0,1,RUNNING,,,,,,,,,,,,,,
4421,tx,2173528,0,1,RUNNING,,,,,,,,,,,,,,
4422,tx,2173589,0,1,RUNNING,,,,,,,,,,,,,,
4423,tx,2173629,0,1,RUNNING,,,,,,,,,,,,,,
4424,rx,2173766,247557694,0,RUNNING,1228,-65,8,,,,,,,,,,,
4425,tx,2173766,0,1,RUNNING,,,,,,,,,,,,,,
4426,tx,2173786,0,1,RUNNING,,,,,,,,,,,,,,
4427,rx,2173847,247757692,0,RUNNING,1229,-65,8,,,,,,,,,,,
4428,tx,2173847,0,1,RUNNING,,,,,,,,,,,,,,
4429,tx,2174022,0,1,RUNNING,,,,,,,,,,,,,,
4430,stats,2174022,8289,0,RUNNING,,-2,-10,1225,1228,1,0,0,0,0,1228,0,0,
4431,rx,2174042,247957692,0,RUNNING,1230,-65,8,,,,,,,,,,,
4432,tx,2174042,0,1,RUNNING,,,,,,,,,,,,,,
4433,tx,2174142,0,1,RUNNING,,,,,,,,,,,,,,
4434,rx,2174277,248157692,0,RUNNING,1231,-65,8,,,,,,,,,,,
4435,tx,2174277,0,1,RUNNING,,,,,,,,,,,,,,
4436,tx,2174338,0,1,RUNNING,,,,,,,,,,,,,,
4437,tx,2174378,0,1,RUNNING,,,,,,,,,,,,,,
4438,rx,2174533,248357647,0,RUNNING,1232,-64,8,,,,,,,,,,,
4439,tx,2174533,0,1,RUNNING,,,,,,,,,,,,,,
4440,tx,2174593,0,1,RUNNING,,,,,,,,,,,,,,
4441,tx,2174634,0,1,RUNNING,,,,,,,,,,,,,,
4442,rx,2174654,248557692,0,RUNNING,1233,-64,8,,,,,,,,,,,
4443,tx,2174654,0,1,RUNNING,,,,,,,,,,,,,,
4444,tx,2174789,0,1,RUNNING,,,,,,,,,,,,,,
4445,tx,2174829,0,1,RUNNING,,,,,,,,,,,,,,
4446,rx,2174849,248757691,0,RUNNING,1234,-64,8,,,,,,,,,,,
4447,tx,2174849,0,1,RUNNING,,,,,,,,,,,,,,
4448,rx,2175044,248957704,0,RUNNING,1235,-64,7,,,,,,,,,,,
4449,tx,2175044,0,1,RUNNING,,,,,,,,,,,,,,
4450,stats,2175044,7750,0,RUNNING,,18,65,1230,1234,1,0,0,0,0,1234,0,0,
4451,tx,2175145,0,1,RUNNING,,,,,,,,,,,,,,
4452,rx,2175300,249157677,0,RUNNING,1236,-64,8,,,,,,,,,,,
4453,tx,2175300,0,1,RUNNING,,,,,,,,,,,,,,
4454,tx,2175340,0,1,RUNNING,,,,,,,,,,,,,,
4455,tx,2175381,0,1,RUNNING,,,,,,,,,,,,,,
4456,rx,2175555,249357691,0,RUNNING,1237,-65,8,,,,,,,,,,,
4457,tx,2175555,0,1,RUNNING,,,,,,,,,,,,,,
4458,tx,2175595,0,1,RUNNING,,,,,,,,,,,,,,
4459,tx,2175636,0,1,RUNNING,,,,,,,,,,,,,,
4460,rx,2175656,249557689,0,RUNNING,1238,-64,8,,,,,,,,,,,
4461,tx,2175656,0,1,RUNNING,,,,,,,,,,,,,,
4462,tx,2175810,0,1,RUNNING,,,,,,,,,,,,,,
4463,tx,2175830,0,1,RUNNING,,,,,,,,,,,,,,
4464,rx,2175851,249757689,0,RUNNING,1239,-65,9,,,,,,,,,,,
4465,tx,2175851,0,1,RUNNING,,,,,,,,,,,,,,
4466,tx,2175931,0,1,RUNNING,,,,,,,,,,,,,,
4467,rx,2176065,249957688,0,RUNNING,1240,-65,8,,,,,,,,,,,
4468,tx,2176065,0,1,RUNNING,,,,,,,,,,,,,,
4469,stats,2176066,7732,0,RUNNING,,0,-5,1235,1239,1,0,0,0,0,1239,0,0,
4470,tx,2176146,0,1,RUNNING,,,,,,,,,,,,,,
4471,tx,2176186,0,1,RUNNING,,,,,,,,,,,,,,
4472,rx,2176325,250157630,0,RUNNING,1241,-64,7,,,,,,,,,,,
4473,tx,2176325,0,1,RUNNING,,,,,,,,,,,,,,
4474,tx,2176345,0,1,RUNNING,,,,,,,,,,,,,,
4475,tx,2176385,0,1,RUNNING,,,,,,,,,,,,,,
4476,rx,2176445,250357689,0,RUNNING,1242,-64,8,,,,,,,,,,,
4477,tx,2176445,0,1,RUNNING,,,,,,,,,,,,,,
4478,tx,2176580,0,1,RUNNING,,,,,,,,,,,,,,
4479,rx,2176640,250557688,0,RUNNING,1243,-65,8,,,,,,,,,,,
4480,tx,2176640,0,1,RUNNING,,,,,,,,,,,,,,
4481,tx,2176835,0,1,RUNNING,,,,,,,,,,,,,,
4482,rx,2176855,250757689,0,RUNNING,1244,-65,7,,,,,,,,,,,
4483,tx,2176855,0,1,RUNNING,,,,,,,,,,,,,,
4484,tx,2176936,0,1,RUNNING,,,,,,,,,,,,,,
4485,rx,2177090,250957686,0,RUNNING,1245,-65,8,,,,,,,,,,,
4486,tx,2177090,0,1,RUNNING,,,,,,,,,,,,,,
4487,stats,2177090,8288,0,RUNNING,,1,-15,1241,1244,1,0,0,0,0,1244,0,0,
4488,tx,2177131,0,1,RUNNING,,,,,,,,,,,,,,
4489,tx,2177191,0,1,RUNNING,,,,,,,,,,,,,,
4490,rx,2177345,251157686,0,RUNNING,1246,-65,8,,,,,,,,,,,
4491,tx,2177345,0,1,RUNNING,,,,,,,,,,,,,,
4492,tx,2177385,0,1,RUNNING,,,,,,,,,,,,,,
4493,rx,2177445,251357639,0,RUNNING,1247,-64,7,,,,,,,,,,,
4494,tx,2177445,0,1,RUNNING,,,,,,,,,,,,,,
4495,tx,2177601,0,1,RUNNING,,,,,,,,,,,,,,
4496,rx,2177641,251557686,0,RUNNING,1248,-65,8,,,,,,,,,,,
4497,tx,2177641,0,1,RUNNING,,,,,,,,,,,,,,
4498,rx,2177856,251757674,0,RUNNING,1249,-65,8,,,,,,,,,,,
4499,tx,2177857,0,1,RUNNING,,,,,,,,,,,,,,
4500,tx,2177937,0,1,RUNNING,,,,,,,,,,,,,,
4501,rx,2178113,251957640,0,RUNNING,1250,-64,7,,,,,,,,,,,
4502,tx,2178113,0,1,RUNNING,,,,,,,,,,,,,,
4503,stats,2178113,8290,0,RUNNING,,-34,-128,1246,1249,1,0,0,0,0,1249,0,0,
4504,tx,2178133,0,1,RUNNING,,,,,,,,,,,,,,
4505,tx,2178193,0,1,RUNNING,,,,,,,,,,,,,,
4506,tx,2178234,0,1,RUNNING,,,,,,,,,,,,,,
4507,rx,2178368,252157685,0,RUNNING,1251,-64,8,,,,,,,,,,,
4508,tx,2178368,0,1,RUNNING,,,,,,,,,,,,,,
4509,tx,2178389,0,1,RUNNING,,,,,,,,,,,,,,
4510,tx,2178429,0,1,RUNNING,,,,,,,,,,,,,,
4511,rx,2178449,252357685,0,RUNNING,1252,-65,8,,,,,,,,,,,
4512,tx,2178449,0,1,RUNNING,,,,,,,,,,,,,,
4513,tx,2178623,0,1,RUNNING,,,,,,,,,,,,,,
4514,rx,2178643,252557684,0,RUNNING,1253,-65,7,,,,,,,,,,,
4515,tx,2178643,0,1,RUNNING,,,,,,,,,,,,,,
4516,tx,2178744,0,1,RUNNING,,,,,,,,,,,,,,
4517,rx,2178878,252757682,0,RUNNING,1254,-64,8,,,,,,,,,,,
4518,tx,2178878,0,1,RUNNING,,,,,,,,,,,,,,
4519,tx,2178938,0,1,RUNNING,,,,,,,,,,,,,,
4520,tx,2178979,0,1,RUNNING,,,,,,,,,,,,,,
4521,rx,2179134,252957639,0,RUNNING,1255,-64,8,,,,,,,,,,,
4522,tx,2179134,0,1,RUNNING,,,,,,,,,,,,,,
4523,stats,2179134,8289,0,RUNNING,,-42,-128,1251,1254,1,0,0,0,0,1254,0,0,
4524,tx,2179194,0,1,RUNNING,,,,,,,,,,,,,,
4525,tx,2179234,0,1,RUNNING,,,,,,,,,,,,,,
4526,rx,2179255,253157683,0,RUNNING,1256,-64,8,,,,,,,,,,,
4527,tx,2179255,0,1,RUNNING,,,,,,,,,,,,,,
4528,tx,2179392,0,1,RUNNING,,,,,,,,,,,,,,
4529,tx,2179432,0,1,RUNNING,,,,,,,,,,,,,,
4530,rx,2179453,253357683,0,RUNNING,1257,-64,9,,,,,,,,,,,
4531,tx,2179453,0,1,RUNNING,,,,,,,,,,,,,,
4532,rx,2179647,253557682,0,RUNNING,1258,-64,8,,,,,,,,,,,
4533,tx,2179647,0,1,RUNNING,,,,,,,,,,,,,,
4534,tx,2179748,0,1,RUNNING,,,,,,,,,,,,,,
4535,rx,2179902,253757682,0,RUNNING,1259,-64,8,,,,,,,,,,,
4536,tx,2179902,0,1,RUNNING,,,,,,,,,,,,,,
4537,tx,2179942,0,1,RUNNING,,,,,,,,,,,,,,
4538,tx,2179983,0,1,RUNNING,,,,,,,,,,,,,,
4539,rx,2180158,253957668,0,RUNNING,1260,-65,8,,,,,,,,,,,
4540,tx,2180158,0,1,RUNNING,,,,,,,,,,,,,,
4541,stats,2180158,8288,0,RUNNING,,-12,-70,1256,1259,1,0,0,0,0,1259,0,0,
4542,tx,2180178,0,1,RUNNING,,,,,,,,,,,,,,
4543,rx,2180239,254157681,0,RUNNING,1261,-64,8,,,,,,,,,,,
4544,tx,2180239,0,1,RUNNING,,,,,,,,,,,,,,
4545,tx,2180413,0,1,RUNNING,,,,,,,,,,,,,,
4546,tx,2180433,0,1,RUNNING,,,,,,,,,,,,,,
4547,rx,2180453,254357681,0,RUNNING,1262,-65,7,,,,,,,,,,,
4548,tx,2180453,0,1,RUNNING,,,,,,,,,,,,,,
4549,tx,2180534,0,1,RUNNING,,,,,,,,,,,,,,
4550,rx,2180668,254557672,0,RUNNING,1263,-64,8,,,,,,,,,,,
4551,tx,2180668,0,1,RUNNING,,,,,,,,,,,,,,
4552,tx,2180728,0,1,RUNNING,,,,,,,,,,,,,,
4553,tx,2180789,0,1,RUNNING,,,,,,,,,,,,,,
4554,rx,2180924,254757667,0,RUNNING,1264,-65,8,,,,,,,,,,,
4555,tx,2180924,0,1,RUNNING,,,,,,,,,,,,,,
4556,tx,2180944,0,1,RUNNING,,,,,,,,,,,,,,
4557,tx,2180984,0,1,RUNNING,,,,,,,,,,,,,,
4558,rx,2181045,254957680,0,RUNNING,1265,-64,8,,,,,,,,,,,
4559,tx,2181045,0,1,RUNNING,,,,,,,,,,,,,,
4560,tx,2181182,0,1,RUNNING,,,,,,,,,,,,,,
4561,stats,2181182,8292,0,RUNNING,,8,65,1261,1264,1,0,0,0,0,1264,0,0,
4562,rx,2181242,255157680,0,RUNNING,1266,-64,7,,,,,,,,,,,
4563,tx,2181242,0,1,RUNNING,,,,,,,,,,,,,,
4564,tx,2181436,0,1,RUNNING,,,,,,,,,,,,,,
4565,rx,2181457,255357678,0,RUNNING,1267,-63,8,,,,,,,,,,,
4566,tx,2181457,0,1,RUNNING,,,,,,,,,,,,,,
4567,tx,2181537,0,1,RUNNING,,,,,,,,,,,,,,
4568,rx,2181692,255557677,0,RUNNING,1268,-64,7,,,,,,,,,,,
4569,tx,2181692,0,1,RUNNING,,,,,,,,,,,,,,
4570,tx,2181732,0,1,RUNNING,,,,,,,,,,,,,,
4571,tx,2181792,0,1,RUNNING,,,,,,,,,,,,,,
4572,rx,2181948,255757664,0,RUNNING,1269,-65,8,,,,,,,,,,,
4573,tx,2181948,0,1,RUNNING,,,,,,,,,,,,,,
4574,tx,2181988,0,1,RUNNING,,,,,,,,,,,,,,
4575,tx,2182028,0,1,RUNNING,,,,,,,,,,,,,,
4576,rx,2182049,255957678,0,RUNNING,1270,-64,7,,,,,,,,,,,
4577,tx,2182049,0,1,RUNNING,,,,,,,,,,,,,,
4578,tx,2182203,0,1,RUNNING,,,,,,,,,,,,,,
4579,stats,2182203,8289,0,RUNNING,,7,70,1266,1269,1,0,0,0,0,1269,0,0,
4580,rx,2182243,256157678,0,RUNNING,1271,-65,7,,,,,,,,,,,
4581,tx,2182243,0,1,RUNNING,,,,,,,,,,,,,,
4582,rx,2182458,256357677,0,RUNNING,1272,-65,8,,,,,,,,,,,
4583,tx,2182458,0,1,RUNNING,,,,,,,,,,,,,,
4584,tx,2182538,0,1,RUNNING,,,,,,,,,,,,,,
4585,tx,2182578,0,1,RUNNING,,,,,,,,,,,,,,
4586,rx,2182714,256557697,0,RUNNING,1273,-65,8,,,,,,,,,,,
4587,tx,2182714,0,1,RUNNING,,,,,,,,,,,,,,
4588,tx,2182734,0,1,RUNNING,,,,,,,,,,,,,,
4589,tx,2182794,0,1,RUNNING,,,,,,,,,,,,,,
4590,tx,2182834,0,1,RUNNING,,,,,,,,,,,,,,
4591,rx,2182970,256757663,0,RUNNING,1274,-64,8,,,,,,,,,,,
4592,tx,2182970,0,1,RUNNING,,,,,,,,,,,,,,
4593,tx,2182990,0,1,RUNNING,,,,,,,,,,,,,,
4594,tx,2183030,0,1,RUNNING,,,,,,,,,,,,,,
4595,rx,2183050,256957677,0,RUNNING,1275,-64,8,,,,,,,,,,,
4596,tx,2183050,0,1,RUNNING,,,,,,,,,,,,,,
4597,tx,2183225,0,1,RUNNING,,,,,,,,,,,,,,
4598,stats,2183225,8289,0,RUNNING,,2,70,1271,1274,1,0,0,0,0,1274,0,0,
4599,rx,2183245,257157675,0,RUNNING,1276,-65,8,,,,,,,,,,,
4600,tx,2183245,0,1,RUNNING,,,,,,,,,,,,,,
4601,tx,2183345,0,1,RUNNING,,,,,,,,,,,,,,
4602,rx,2183480,257357664,0,RUNNING,1277,-65,7,,,,,,,,,,,
4603,tx,2183481,0,1,RUNNING,,,,,,,,,,,,,,
4604,tx,2183541,0,1,RUNNING,,,,,,,,,,,,,,
4605,tx,2183581,0,1,RUNNING,,,,,,,,,,,,,,
4606,rx,2183737,257557629,0,RUNNING,1278,-64,8,,,,,,,,,,,
4607,tx,2183737,0,1,RUNNING,,,,,,,,,,,,,,
4608,tx,2183797,0,1,RUNNING,,,,,,,,,,,,,,
4609,rx,2183838,257757675,0,RUNNING,1279,-65,8,,,,,,,,,,,
4610,tx,2183838,0,1,RUNNING,,,,,,,,,,,,,,
4611,tx,2183993,0,1,RUNNING,,,,,,,,,,,,,,
4612,tx,2184033,0,1,RUNNING,,,,,,,,,,,,,,
4613,rx,2184053,257957673,0,RUNNING,1280,-64,7,,,,,,,,,,,
4614,tx,2184053,0,1,RUNNING,,,,,,,,,,,,,,
4615,rx,2184249,258157674,0,RUNNING,1281,-64,8,,,,,,,,,,,
4616,tx,2184249,0,1,RUNNING,,,,,,,,,,,,,,
4617,stats,2184249,7739,0,RUNNING,,7,5,1276,1280,1,0,0,0,0,1280,0,0,
4618,tx,2184329,0,1,RUNNING,,,,,,,,,,,,,,
4619,rx,2184505,258357659,0,RUNNING,1282,-64,8,,,,,,,,,,,
4620,tx,2184505,0,1,RUNNING,,,,,,,,,,,,,,
4621,tx,2184545,0,1,RUNNING,,,,,,,,,,,,,,
4622,tx,2184585,0,1,RUNNING,,,,,,,,,,,,,,
4623,rx,2184761,258557627,0,RUNNING,1283,-64,9,,,,,,,,,,,
4624,tx,2184761,0,1,RUNNING,,,,,,,,,,,,,,
4625,tx,2184781,0,1,RUNNING,,,,,,,,,,,,,,
4626,rx,2184842,258757673,0,RUNNING,1284,-64,7,,,,,,,,,,,
4627,tx,2184842,0,1,RUNNING,,,,,,,,,,,,,,
4628,tx,2185017,0,1,RUNNING,,,,,,,,,,,,,,
4629,rx,2185037,258957672,0,RUNNING,1285,-64,8,,,,,,,,,,,
4630,tx,2185037,0,1,RUNNING,,,,,,,,,,,,,,
4631,tx,2185137,0,1,RUNNING,,,,,,,,,,,,,,
4632,rx,2185275,259157673,0,RUNNING,1286,-64,8,,,,,,,,,,,
4633,tx,2185275,0,1,RUNNING,,,,,,,,,,,,,,
4634,stats,2185275,7740,0,RUNNING,,8,5,1281,1285,1,0,0,0,0,1285,0,0,
4635,tx,2185335,0,1,RUNNING,,,,,,,,,,,,,,
4636,tx,2185395,0,1,RUNNING,,,,,,,,,,,,,,
4637,rx,2185531,259357653,0,RUNNING,1287,-64,8,,,,,,,,,,,
4638,tx,2185531,0,1,RUNNING,,,,,,,,,,,,,,
4639,tx,2185591,0,1,RUNNING,,,,,,,,,,,,,,
4640,tx,2185631,0,1,RUNNING,,,,,,,,,,,,,,
4641,rx,2185651,259557671,0,RUNNING,1288,-64,8,,,,,,,,,,,
4642,tx,2185652,0,1,RUNNING,,,,,,,,,,,,,,
4643,tx,2185786,0,1,RUNNING,,,,,,,,,,,,,,
4644,rx,2185847,259757670,0,RUNNING,1289,-64,8,,,,,,,,,,,
4645,tx,2185847,0,1,RUNNING,,,,,,,,,,,,,,
4646,rx,2186041,259957671,0,RUNNING,1290,-64,8,,,,,,,,,,,
4647,tx,2186041,0,1,RUNNING,,,,,,,,,,,,,,
4648,tx,2186142,0,1,RUNNING,,,,,,,,,,,,,,
4649,rx,2186297,260157668,0,RUNNING,1291,-64,8,,,,,,,,,,,
4650,tx,2186297,0,1,RUNNING,,,,,,,,,,,,,,
4651,stats,2186297,8288,0,RUNNING,,-1,-15,1287,1290,1,0,0,0,0,1290,0,0,
4652,tx,2186338,0,1,RUNNING,,,,,,,,,,,,,,
4653,tx,2186398,0,1,RUNNING,,,,,,,,,,,,,,
4654,rx,2186553,260357624,0,RUNNING,1292,-64,8,,,,,,,,,,,
4655,tx,2186554,0,1,RUNNING,,,,,,,,,,,,,,
4656,tx,2186594,0,1,RUNNING,,,,,,,,,,,,,,
4657,tx,2186634,0,1,RUNNING,,,,,,,,,,,,,,
4658,rx,2186654,260557670,0,RUNNING,1293,-64,7,,,,,,,,,,,
4659,tx,2186654,0,1,RUNNING,,,,,,,,,,,,,,
4660,tx,2186809,0,1,RUNNING,,,,,,,,,,,,,,
4661,tx,2186829,0,1,RUNNING,,,,,,,,,,,,,,
4662,rx,2186850,260757669,0,RUNNING,1294,-65,7,,,,,,,,,,,
4663,tx,2186850,0,1,RUNNING,,,,,,,,,,,,,,
4664,tx,2186930,0,1,RUNNING,,,,,,,,,,,,,,
4665,rx,2187065,260957670,0,RUNNING,1295,-65,7,,,,,,,,,,,
4666,tx,2187065,0,1,RUNNING,,,,,,,,,,,,,,
4667,tx,2187145,0,1,RUNNING,,,,,,,,,,,,,,
4668,tx,2187185,0,1,RUNNING,,,,,,,,,,,,,,
4669,rx,2187320,261157661,0,RUNNING,1296,-65,8,,,,,,,,,,,
4670,tx,2187320,0,1,RUNNING,,,,,,,,,,,,,,
4671,stats,2187320,8290,0,RUNNING,,-5,-45,1292,1295,1,0,0,0,0,1295,0,0,
4672,tx,2187340,0,1,RUNNING,,,,,,,,,,,,,,
4673,tx,2187381,0,1,RUNNING,,,,,,,,,,,,,,
4674,rx,2187441,261357663,0,RUNNING,1297,-64,8,,,,,,,,,,,
4675,tx,2187441,0,1,RUNNING,,,,,,,,,,,,,,
4676,tx,2187575,0,1,RUNNING,,,,,,,,,,,,,,
4677,tx,2187595,0,1,RUNNING,,,,,,,,,,,,,,
4678,tx,2187636,0,1,RUNNING,,,,,,,,,,,,,,
4679,rx,2187656,261557667,0,RUNNING,1298,-65,8,,,,,,,,,,,
4680,tx,2187656,0,1,RUNNING,,,,,,,,,,,,,,
4681,tx,2187830,0,1,RUNNING,,,,,,,,,,,,,,
4682,rx,2187851,261757668,0,RUNNING,1299,-65,7,,,,,,,,,,,
4683,tx,2187851,0,1,RUNNING,,,,,,,,,,,,,,
4684,tx,2187931,0,1,RUNNING,,,,,,,,,,,,,,
4685,rx,2188086,261957667,0,RUNNING,1300,-65,7,,,,,,,,,,,
4686,tx,2188086,0,1,RUNNING,,,,,,,,,,,,,,
4687,tx,2188146,0,1,RUNNING,,,,,,,,,,,,,,
4688,tx,2188186,0,1,RUNNING,,,,,,,,,,,,,,
4689,rx,2188340,262157668,0,RUNNING,1301,-65,8,,,,,,,,,,,
4690,tx,2188340,0,1,RUNNING,,,,,,,,,,,,,,
4691,stats,2188340,8261,0,RUNNING,,2,5,1297,1300,1,0,0,0,0,1300,0,0,
4692,tx,2188381,0,1,RUNNING,,,,,,,,,,,,,,
4693,rx,2188441,262357666,0,RUNNING,1302,-64,8,,,,,,,,,,,
4694,tx,2188441,0,1,RUNNING,,,,,,,,,,,,,,
4695,tx,2188596,0,1,RUNNING,,,,,,,,,,,,,,
4696,tx,2188636,0,1,RUNNING,,,,,,,,,,,,,,
4697,rx,2188656,262557666,0,RUNNING,1303,-65,7,,,,,,,,,,,
4698,tx,2188656,0,1,RUNNING,,,,,,,,,,,,,,
4699,rx,2188851,262757667,0,RUNNING,1304,-64,8,,,,,,,,,,,
4700,tx,2188851,0,1,RUNNING,,,,,,,,,,,,,,
4701,tx,2188932,0,1,RUNNING,,,,,,,,,,,,,,
4702,rx,2189108,262957651,0,RUNNING,1305,-64,8,,,,,,,,,,,
4703,tx,2189108,0,1,RUNNING,,,,,,,,,,,,,,
4704,tx,2189148,0,1,RUNNING,,,,,,,,,,,,,,
4705,tx,2189188,0,1,RUNNING,,,,,,,,,,,,,,
4706,tx,2189228,0,1,RUNNING,,,,,,,,,,,,,,
4707,rx,2189363,263157665,0,RUNNING,1306,-65,8,,,,,,,,,,,
4708,tx,2189363,0,1,RUNNING,,,,,,,,,,,,,,
4709,stats,2189363,8289,0,RUNNING,,6,70,1302,1305,1,0,0,0,0,1305,0,0,
4710,tx,2189383,0,1,RUNNING,,,,,,,,,,,,,,
4711,rx,2189443,263357664,0,RUNNING,1307,-64,8,,,,,,,,,,,
4712,tx,2189443,0,1,RUNNING,,,,,,,,,,,,,,
4713,tx,2189618,0,1,RUNNING,,,,,,,,,,,,,,
4714,rx,2189638,263557664,0,RUNNING,1308,-64,8,,,,,,,,,,,
4715,tx,2189638,0,1,RUNNING,,,,,,,,,,,,,,
4716,tx,2189738,0,1,RUNNING,,,,,,,,,,,,,,
4717,rx,2189873,263757649,0,RUNNING,1309,-64,8,,,,,,,,,,,
4718,tx,2189873,0,1,RUNNING,,,,,,,,,,,,,,
4719,tx,2189933,0,1,RUNNING,,,,,,,,,,,,,,
4720,tx,2189993,0,1,RUNNING,,,,,,,,,,,,,,
4721,rx,2190128,263957664,0,RUNNING,1310,-65,7,,,,,,,,,,,
4722,tx,2190128,0,1,RUNNING,,,,,,,,,,,,,,
4723,tx,2190188,0,1,RUNNING,,,,,,,,,,,,,,
4724,tx,2190229,0,1,RUNNING,,,,,,,,,,,,,,
4725,rx,2190249,264157663,0,RUNNING,1311,-65,8,,,,,,,,,,,
4726,tx,2190249,0,1,RUNNING,,,,,,,,,,,,,,
4727,tx,2190383,0,1,RUNNING,,,,,,,,,,,,,,
4728,stats,2190383,8288,0,RUNNING,,3,-5,1307,1310,1,0,0,0,0,1310,0,0,
4729,rx,2190443,264357663,0,RUNNING,1312,-65,7,,,,,,,,,,,
4730,tx,2190443,0,1,RUNNING,,,,,,,,,,,,,,
4731,rx,2190637,264557669,0,RUNNING,1313,-64,8,,,,,,,,,,,
4732,tx,2190637,0,1,RUNNING,,,,,,,,,,,,,,
4733,tx,2190738,0,1,RUNNING,,,,,,,,,,,,,,
4734,rx,2190893,264757663,0,RUNNING,1314,-64,7,,,,,,,,,,,
4735,tx,2190893,0,1,RUNNING,,,,,,,,,,,,,,
4736,tx,2190933,0,1,RUNNING,,,,,,,,,,,,,,
4737,tx,2190994,0,1,RUNNING,,,,,,,,,,,,,,
4738,rx,2191150,264957617,0,RUNNING,1315,-64,7,,,,,,,,,,,
4739,tx,2191150,0,1,RUNNING,,,,,,,,,,,,,,
4740,tx,2191190,0,1,RUNNING,,,,,,,,,,,,,,
4741,tx,2191230,0,1,RUNNING,,,,,,,,,,,,,,
4742,rx,2191250,265157661,0,RUNNING,1316,-64,8,,,,,,,,,,,
4743,tx,2191250,0,1,RUNNING,,,,,,,,,,,,,,
4744,tx,2191405,0,1,RUNNING,,,,,,,,,,,,,,
4745,stats,2191405,8291,0,RUNNING,,20,127,1312,1315,1,0,0,0,0,1315,0,0,
4746,rx,2191445,265357660,0,RUNNING,1317,-64,8,,,,,,,,,,,
4747,tx,2191445,0,1,RUNNING,,,,,,,,,,,,,,
4748,rx,2191660,265557661,0,RUNNING,1318,-64,8,,,,,,,,,,,
4749,tx,2191660,0,1,RUNNING,,,,,,,,,,,,,,
4750,tx,2191741,0,1,RUNNING,,,,,,,,,,,,,,
4751,tx,2191781,0,1,RUNNING,,,,,,,,,,,,,,
4752,rx,2191918,265757668,0,RUNNING,1319,-65,8,,,,,,,,,,,
4753,tx,2191918,0,1,RUNNING,,,,,,,,,,,,,,
4754,tx,2191938,0,1,RUNNING,,,,,,,,,,,,,,
4755,tx,2191979,0,1,RUNNING,,,,,,,,,,,,,,
4756,rx,2192039,265957655,0,RUNNING,1320,-65,8,,,,,,,,,,,
4757,tx,2192039,0,1,RUNNING,,,,,,,,,,,,,,
4758,tx,2192174,0,1,RUNNING,,,,,,,,,,,,,,
4759,tx,2192194,0,1,RUNNING,,,,,,,,,,,,,,
4760,tx,2192234,0,1,RUNNING,,,,,,,,,,,,,,
4761,rx,2192254,266157660,0,RUNNING,1321,-65,7,,,,,,,,,,,
4762,tx,2192254,0,1,RUNNING,,,,,,,,,,,,,,
4763,tx,2192429,0,1,RUNNING,,,,,,,,,,,,,,
4764,stats,2192429,8289,0,RUNNING,,1,25,1317,1320,1,0,0,0,0,1320,0,0,
4765,rx,2192449,266357660,0,RUNNING,1322,-65,8,,,,,,,,,,,
4766,tx,2192449,0,1,RUNNING,,,,,,,,,,,,,,
4767,tx,2192529,0,1,RUNNING,,,,,,,,,,,,,,
4768,rx,2192683,266557646,0,RUNNING,1323,-65,8,,,,,,,,,,,
4769,tx,2192683,0,1,RUNNING,,,,,,,,,,,,,,
4770,tx,2192744,0,1,RUNNING,,,,,,,,,,,,,,
4771,tx,2192784,0,1,RUNNING,,,,,,,,,,,,,,
4772,rx,2192939,266757658,0,RUNNING,1324,-64,7,,,,,,,,,,,
4773,tx,2192939,0,1,RUNNING,,,,,,,,,,,,,,
4774,tx,2192979,0,1,RUNNING,,,,,,,,,,,,,,
4775,rx,2193039,266957658,0,RUNNING,1325,-65,8,,,,,,,,,,,
4776,tx,2193039,0,1,RUNNING,,,,,,,,,,,,,,
4777,tx,2193193,0,1,RUNNING,,,,,,,,,,,,,,
4778,tx,2193233,0,1,RUNNING,,,,,,,,,,,,,,
4779,rx,2193254,267157659,0,RUNNING,1326,-64,8,,,,,,,,,,,
4780,tx,2193254,0,1,RUNNING,,,,,,,,,,,,,,
4781,rx,2193448,267357658,0,RUNNING,1327,-65,8,,,,,,,,,,,
4782,tx,2193448,0,1,RUNNING,,,,,,,,,,,,,,
4783,stats,2193448,7733,0,RUNNING,,1,-5,1322,1326,1,0,0,0,0,1326,0,0,
4784,tx,2193528,0,1,RUNNING,,,,,,,,,,,,,,
4785,rx,2193704,267557656,0,RUNNING,1328,-65,8,,,,,,,,,,,
4786,tx,2193704,0,1,RUNNING,,,,,,,,,,,,,,
4787,tx,2193744,0,1,RUNNING,,,,,,,,,,,,,,
4788,tx,2193784,0,1,RUNNING,,,,,,,,,,,,,,
4789,rx,2193960,267757612,0,RUNNING,1329,-64,8,,,,,,,,,,,
4790,tx,2193960,0,1,RUNNING,,,,,,,,,,,,,,
4791,tx,2193980,0,1,RUNNING,,,,,,,,,,,,,,
4792,rx,2194041,267957656,0,RUNNING,1330,-64,8,,,,,,,,,,,
4793,tx,2194041,0,1,RUNNING,,,,,,,,,,,,,,
4794,tx,2194216,0,1,RUNNING,,,,,,,,,,,,,,
4795,tx,2194236,0,1,RUNNING,,,,,,,,,,,,,,
4796,rx,2194256,268157656,0,RUNNING,1331,-64,8,,,,,,,,,,,
4797,tx,2194256,0,1,RUNNING,,,,,,,,,,,,,,
4798,tx,2194336,0,1,RUNNING,,,,,,,,,,,,,,
4799,rx,2194470,268357656,0,RUNNING,1332,-65,7,,,,,,,,,,,
4800,tx,2194471,0,1,RUNNING,,,,,,,,,,,,,,
4801,stats,2194471,7738,0,RUNNING,,6,0,1327,1331,1,0,0,0,0,1331,0,0,
4802,tx,2194531,0,1,RUNNING,,,,,,,,,,,,,,
4803,tx,2194591,0,1,RUNNING,,,,,,,,,,,,,,
4804,rx,2194727,268557635,0,RUNNING,1333,-64,7,,,,,,,,,,,
4805,tx,2194727,0,1,RUNNING,,,,,,,,,,,,,,
4806,tx,2194747,0,1,RUNNING,,,,,,,,,,,,,,
4807,tx,2194787,0,1,RUNNING,,,,,,,,,,,,,,
4808,rx,2194848,268757654,0,RUNNING,1334,-64,8,,,,,,,,,,,
4809,tx,2194848,0,1,RUNNING,,,,,,,,,,,,,,
4810,tx,2194982,0,1,RUNNING,,,,,,,,,,,,,,
4811,rx,2195043,268957652,0,RUNNING,1335,-64,7,,,,,,,,,,,
4812,tx,2195043,0,1,RUNNING,,,,,,,,,,,,,,
4813,rx,2195238,269157654,0,RUNNING,1336,-64,8,,,,,,,,,,,
4814,tx,2195238,0,1,RUNNING,,,,,,,,,,,,,,
4815,tx,2195338,0,1,RUNNING,,,,,,,,,,,,,,
4816,rx,2195494,269357641,0,RUNNING,1337,-64,8,,,,,,,,,,,
4817,tx,2195494,0,1,RUNNING,,,,,,,,,,,,,,
4818,stats,2195494,8288,0,RUNNING,,-11,-65,1333,1336,1,0,0,0,0,1336,0,0,
4819,tx,2195534,0,1,RUNNING,,,,,,,,,,,,,,
4820,tx,2195594,0,1,RUNNING,,,,,,,,,,,,,,
4821,rx,2195749,269557653,0,RUNNING,1338,-65,8,,,,,,,,,,,
4822,tx,2195749,0,1,RUNNING,,,,,,,,,,,,,,
4823,tx,2195789,0,1,RUNNING,,,,,,,,,,,,,,
4824,tx,2195829,0,1,RUNNING,,,,,,,,,,,,,,
4825,rx,2195850,269757652,0,RUNNING,1339,-64,8,,,,,,,,,,,
4826,tx,2195850,0,1,RUNNING,,,,,,,,,,,,,,
4827,tx,2196004,0,1,RUNNING,,,,,,,,,,,,,,
4828,rx,2196044,269957652,0,RUNNING,1340,-64,7,,,,,,,,,,,
4829,tx,2196044,0,1,RUNNING,,,,,,,,,,,,,,
4830,rx,2196258,270157640,0,RUNNING,1341,-64,8,,,,,,,,,,,
4831,tx,2196258,0,1,RUNNING,,,,,,,,,,,,,,
4832,tx,2196339,0,1,RUNNING,,,,,,,,,,,,,,
4833,tx,2196379,0,1,RUNNING,,,,,,,,,,,,,,
4834,rx,2196513,270357651,0,RUNNING,1342,-64,8,,,,,,,,,,,
4835,tx,2196513,0,1,RUNNING,,,,,,,,,,,,,,
4836,stats,2196513,8290,0,RUNNING,,5,55,1338,1341,1,0,0,0,0,1341,0,0,
4837,tx,2196533,0,1,RUNNING,,,,,,,,,,,,,,
4838,tx,2196594,0,1,RUNNING,,,,,,,,,,,,,,
4839,tx,2196634,0,1,RUNNING,,,,,,,,,,,,,,
4840,rx,2196772,270557642,0,RUNNING,1343,-64,8,,,,,,,,,,,
4841,tx,2196772,0,1,RUNNING,,,,,,,,,,,,,,
4842,tx,2196792,0,1,RUNNING,,,,,,,,,,,,,,
4843,tx,2196832,0,1,RUNNING,,,,,,,,,,,,,,
4844,rx,2196852,270757652,0,RUNNING,1344,-65,8,,,,,,,,,,,
4845,tx,2196852,0,1,RUNNING,,,,,,,,,,,,,,
4846,tx,2197027,0,1,RUNNING,,,,,,,,,,,,,,
4847,rx,2197047,270957652,0,RUNNING,1345,-64,9,,,,,,,,,,,
4848,tx,2197047,0,1,RUNNING,,,,,,,,,,,,,,
4849,tx,2197148,0,1,RUNNING,,,,,,,,,,,,,,
4850,rx,2197282,271157651,0,RUNNING,1346,-64,8,,,,,,,,,,,
4851,tx,2197282,0,1,RUNNING,,,,,,,,,,,,,,
4852,tx,2197342,0,1,RUNNING,,,,,,,,,,,,,,
4853,tx,2197383,0,1,RUNNING,,,,,,,,,,,,,,
4854,rx,2197537,271357650,0,RUNNING,1347,-65,8,,,,,,,,,,,
4855,tx,2197537,0,1,RUNNING,,,,,,,,,,,,,,
4856,stats,2197537,8249,0,RUNNING,,0,-5,1343,1346,1,0,0,0,0,1346,0,0,
4857,tx,2197597,0,1,RUNNING,,,,,,,,,,,,,,
4858,rx,2197638,271557649,0,RUNNING,1348,-65,7,,,,,,,,,,,
4859,tx,2197638,0,1,RUNNING,,,,,,,,,,,,,,
4860,tx,2197792,0,1,RUNNING,,,,,,,,,,,,,,
4861,tx,2197833,0,1,RUNNING,,,,,,,,,,,,,,
4862,rx,2197853,271757650,0,RUNNING,1349,-64,8,,,,,,,,,,,
4863,tx,2197853,0,1,RUNNING,,,,,,,,,,,,,,
4864,rx,2198047,271957649,0,RUNNING,1350,-64,8,,,,,,,,,,,
4865,tx,2198047,0,1,RUNNING,,,,,,,,,,,,,,
4866,tx,2198148,0,1,RUNNING,,,,,,,,,,,,,,
4867,rx,2198302,272157650,0,RUNNING,1351,-64,8,,,,,,,,,,,
4868,tx,2198302,0,1,RUNNING,,,,,,,,,,,,,,
4869,tx,2198342,0,1,RUNNING,,,,,,,,,,,,,,
4870,tx,2198383,0,1,RUNNING,,,,,,,,,,,,,,
4871,rx,2198558,272357647,0,RUNNING,1352,-65,8,,,,,,,,,,,
4872,tx,2198558,0,1,RUNNING,,,,,,,,,,,,,,
4873,stats,2198558,8288,0,RUNNING,,-3,-15,1348,1351,1,0,0,0,0,1351,0,0,
4874,tx,2198598,0,1,RUNNING,,,,,,,,,,,,,,
4875,rx,2198638,272557647,0,RUNNING,1353,-65,8,,,,,,,,,,,
4876,tx,2198638,0,1,RUNNING,,,,,,,,,,,,,,
4877,tx,2198813,0,1,RUNNING,,,,,,,,,,,,,,
4878,tx,2198833,0,1,RUNNING,,,,,,,,,,,,,,
4879,rx,2198853,272757648,0,RUNNING,1354,-65,7,,,,,,,,,,,
4880,tx,2198853,0,1,RUNNING,,,,,,,,,,,,,,
4881,tx,2198933,0,1,RUNNING,,,,,,,,,,,,,,
4882,rx,2199067,272957657,0,RUNNING,1355,-65,8,,,,,,,,,,,
4883,tx,2199067,0,1,RUNNING,,,,,,,,,,,,,,
4884,tx,2199148,0,1,RUNNING,,,,,,,,,,,,,,
4885,tx,2199188,0,1,RUNNING,,,,,,,,,,,,,,
4886,rx,2199323,273157647,0,RUNNING,1356,-64,7,,,,,,,,,,,
4887,tx,2199323,0,1,RUNNING,,,,,,,,,,,,,,
4888,tx,2199343,0,1,RUNNING,,,,,,,,,,,,,,
4889,tx,2199384,0,1,RUNNING,,,,,,,,,,,,,,
4890,rx,2199444,273357602,0,RUNNING,1357,-64,7,,,,,,,,,,,
4891,tx,2199444,0,1,RUNNING,,,,,,,,,,,,,,
4892,tx,2199579,0,1,RUNNING,,,,,,,,,,,,,,
4893,stats,2199579,8289,0,RUNNING,,-48,-128,1353,1356,1,0,0,0,0,1356,0,0,
4894,rx,2199640,273557646,0,RUNNING,1358,-65,7,,,,,,,,,,,
4895,tx,2199640,0,1,RUNNING,,,,,,,,,,,,,,
4896,tx,2199835,0,1,RUNNING,,,,,,,,,,,,,,
4897,rx,2199855,273757647,0,RUNNING,1359,-64,8,,,,,,,,,,,
4898,tx,2199855,0,1,RUNNING,,,,,,,,,,,,,,
4899,tx,2199935,0,1,RUNNING,,,,,,,,,,,,,,
4900,rx,2200091,273957670,0,RUNNING,1360,-65,8,,,,,,,,,,,
4901,tx,2200091,0,1,RUNNING,,,,,,,,,,,,,,
4902,tx,2200131,0,1,RUNNING,,,,,,,,,,,,,,
4903,tx,2200191,0,1,RUNNING,,,,,,,,,,,,,,
4904,rx,2200346,274157646,0,RUNNING,1361,-65,8,,,,,,,,,,,
4905,tx,2200346,0,1,RUNNING,,,,,,,,,,,,,,
4906,tx,2200387,0,1,RUNNING,,,,,,,,,,,,,,
4907,rx,2200447,274357595,0,RUNNING,1362,-64,7,,,,,,,,,,,
4908,tx,2200447,0,1,RUNNING,,,,,,,,,,,,,,
4909,tx,2200602,0,1,RUNNING,,,,,,,,,,,,,,
4910,stats,2200603,8289,0,RUNNING,,-56,-128,1358,1361,1,0,0,0,0,1361,0,0,
4911,rx,2200643,274557644,0,RUNNING,1363,-64,7,,,,,,,,,,,
4912,tx,2200643,0,1,RUNNING,,,,,,,,,,,,,,
4913,rx,2200858,274757634,0,RUNNING,1364,-65,8,,,,,,,,,,,
4914,tx,2200858,0,1,RUNNING,,,,,,,,,,,,,,
4915,tx,2200939,0,1,RUNNING,,,,,,,,,,,,,,
4916,tx,2200979,0,1,RUNNING,,,,,,,,,,,,,,
4917,rx,2201113,274957644,0,RUNNING,1365,-64,8,,,,,,,,,,,
4918,tx,2201113,0,1,RUNNING,,,,,,,,,,,,,,
4919,tx,2201134,0,1,RUNNING,,,,,,,,,,,,,,
4920,tx,2201194,0,1,RUNNING,,,,,,,,,,,,,,
4921,tx,2201234,0,1,RUNNING,,,,,,,,,,,,,,
4922,rx,2201369,275157622,0,RUNNING,1366,-65,8,,,,,,,,,,,
4923,tx,2201369,0,1,RUNNING,,,,,,,,,,,,,,
4924,tx,2201390,0,1,RUNNING,,,,,,,,,,,,,,
4925,tx,2201430,0,1,RUNNING,,,,,,,,,,,,,,
4926,rx,2201450,275357643,0,RUNNING,1367,-65,8,,,,,,,,,,,
4927,tx,2201450,0,1,RUNNING,,,,,,,,,,,,,,
4928,tx,2201625,0,1,RUNNING,,,,,,,,,,,,,,
4929,stats,2201625,8290,0,RUNNING,,13,105,1363,1366,1,0,0,0,0,1366,0,0,
4930,rx,2201645,275557643,0,RUNNING,1368,-64,7,,,,,,,,,,,
4931,tx,2201645,0,1,RUNNING,,,,,,,,,,,,,,
4932,tx,2201746,0,1,RUNNING,,,,,,,,,,,,,,
4933,rx,2201880,275757629,0,RUNNING,1369,-64,8,,,,,,,,,,,
4934,tx,2201880,0,1,RUNNING,,,,,,,,,,,,,,
4935,tx,2201940,0,1,RUNNING,,,,,,,,,,,,,,
4936,tx,2201980,0,1,RUNNING,,,,,,,,,,,,,,
4937,rx,2202135,275957627,0,RUNNING,1370,-64,7,,,,,,,,,,,
4938,tx,2202135,0,1,RUNNING,,,,,,,,,,,,,,
4939,tx,2202196,0,1,RUNNING,,,,,,,,,,,,,,
4940,tx,2202236,0,1,RUNNING,,,,,,,,,,,,,,
4941,rx,2202256,276157605,0,RUNNING,1371,-64,7,,,,,,,,,,,
4942,tx,2202256,0,1,RUNNING,,,,,,,,,,,,,,
4943,tx,2202391,0,1,RUNNING,,,,,,,,,,,,,,
4944,tx,2202432,0,1,RUNNING,,,,,,,,,,,,,,
4945,rx,2202452,276357642,0,RUNNING,1372,-64,8,,,,,,,,,,,
4946,tx,2202452,0,1,RUNNING,,,,,,,,,,,,,,
4947,rx,2202647,276557640,0,RUNNING,1373,-65,8,,,,,,,,,,,
4948,tx,2202647,0,1,RUNNING,,,,,,,,,,,,,,
4949,stats,2202647,7742,0,RUNNING,,10,-10,1368,1372,1,0,0,0,0,1372,0,0,
4950,tx,2202748,0,1,RUNNING,,,,,,,,,,,,,,
4951,rx,2202902,276757641,0,RUNNING,1374,-64,7,,,,,,,,,,,
4952,tx,2202902,0,1,RUNNING,,,,,,,,,,,,,,
4953,tx,2202942,0,1,RUNNING,,,,,,,,,,,,,,
4954,tx,2202982,0,1,RUNNING,,,,,,,,,,,,,,
4955,rx,2203158,276957596,0,RUNNING,1375,-64,8,,,,,,,,,,,
4956,tx,2203158,0,1,RUNNING,,,,,,,,,,,,,,
4957,tx,2203178,0,1,RUNNING,,,,,,,,,,,,,,
4958,rx,2203239,277157626,0,RUNNING,1376,-64,7,,,,,,,,,,,
4959,tx,2203239,0,1,RUNNING,,,,,,,,,,,,,,
4960,tx,2203413,0,1,RUNNING,,,,,,,,,,,,,,
4961,tx,2203433,0,1,RUNNING,,,,,,,,,,,,,,
4962,rx,2203453,277357640,0,RUNNING,1377,-65,7,,,,,,,,,,,
4963,tx,2203453,0,1,RUNNING,,,,,,,,,,,,,,
4964,tx,2203534,0,1,RUNNING,,,,,,,,,,,,,,
4965,rx,2203669,277557639,0,RUNNING,1378,-64,8,,,,,,,,,,,
4966,tx,2203669,0,1,RUNNING,,,,,,,,,,,,,,
4967,stats,2203669,7741,0,RUNNING,,9,-5,1373,1377,1,0,0,0,0,1377,0,0,
4968,tx,2203729,0,1,RUNNING,,,,,,,,,,,,,,
4969,tx,2203789,0,1,RUNNING,,,,,,,,,,,,,,
4970,rx,2203925,277757624,0,RUNNING,1379,-65,8,,,,,,,,,,,
4971,tx,2203925,0,1,RUNNING,,,,,,,,,,,,,,
4972,tx,2203945,0,1,RUNNING,,,,,,,,,,,,,,
4973,tx,2203985,0,1,RUNNING,,,,,,,,,,,,,,
4974,rx,2204045,277957593,0,RUNNING,1380,-64,8,,,,,,,,,,,
4975,tx,2204045,0,1,RUNNING,,,,,,,,,,,,,,
4976,tx,2204183,0,1,RUNNING,,,,,,,,,,,,,,
4977,rx,2204244,278157638,0,RUNNING,1381,-64,8,,,,,,,,,,,
4978,tx,2204244,0,1,RUNNING,,,,,,,,,,,,,,
4979,rx,2204439,278357637,0,RUNNING,1382,-64,8,,,,,,,,,,,
4980,tx,2204439,0,1,RUNNING,,,,,,,,,,,,,,
4981,tx,2204540,0,1,RUNNING,,,,,,,,,,,,,,
4982,rx,2204695,278557624,0,RUNNING,1383,-64,8,,,,,,,,,,,
4983,tx,2204695,0,1,RUNNING,,,,,,,,,,,,,,
4984,stats,2204695,8288,0,RUNNING,,-6,-65,1379,1382,1,0,0,0,0,1382,0,0,
4985,tx,2204735,0,1,RUNNING,,,,,,,,,,,,,,
4986,tx,2204795,0,1,RUNNING,,,,,,,,,,,,,,
4987,rx,2204950,278757638,0,RUNNING,1384,-64,8,,,,,,,,,,,
4988,tx,2204950,0,1,RUNNING,,,,,,,,,,,,,,
4989,tx,2204990,0,1,RUNNING,,,,,,,,,,,,,,
4990,tx,2205031,0,1,RUNNING,,,,,,,,,,,,,,
4991,rx,2205051,278957636,0,RUNNING,1385,-65,9,,,,,,,,,,,
4992,tx,2205051,0,1,RUNNING,,,,,,,,,,,,,,
4993,tx,2205206,0,1,RUNNING,,,,,,,,,,,,,,
4994,rx,2205246,279157636,0,RUNNING,1386,-64,7,,,,,,,,,,,
4995,tx,2205246,0,1,RUNNING,,,,,,,,,,,,,,
4996,rx,2205460,279357636,0,RUNNING,1387,-64,8,,,,,,,,,,,
4997,tx,2205460,0,1,RUNNING,,,,,,,,,,,,,,
4998,tx,2205541,0,1,RUNNING,,,,,,,,,,,,,,
4999,tx,2205581,0,1,RUNNING,,,,,,,,,,,,,,
5000,rx,2205719,279557658,0,RUNNING,1388,-65,8,,,,,,,,,,,
5001,tx,2205719,0,1,RUNNING,,,,,,,,,,,,,,
5002,stats,2205719,8282,0,RUNNING,,23,110,1384,1387,1,0,0,0,0,1387,0,0,
5003,tx,2205739,0,1,RUNNING,,,,,,,,,,,,,,
5004,tx,2205779,0,1,RUNNING,,,,,,,,,,,,,,
5005,rx,2205839,279757635,0,RUNNING,1389,-65,8,,,,,,,,,,,
5006,tx,2205839,0,1,RUNNING,,,,,,,,,,,,,,
5007,tx,2205975,0,1,RUNNING,,,,,,,,,,,,,,
5008,tx,2205995,0,1,RUNNING,,,,,,,,,,,,,,
5009,tx,2206035,0,1,RUNNING,,,,,,,,,,,,,,
5010,rx,2206055,279957635,0,RUNNING,1390,-65,9,,,,,,,,,,,
5011,tx,2206055,0,1,RUNNING,,,,,,,,,,,,,,
5012,tx,2206230,0,1,RUNNING,,,,,,,,,,,,,,
5013,rx,2206250,280157635,0,RUNNING,1391,-64,9,,,,,,,,,,,
5014,tx,2206250,0,1,RUNNING,,,,,,,,,,,,,,
5015,tx,2206330,0,1,RUNNING,,,,,,,,,,,,,,
5016,rx,2206485,280357622,0,RUNNING,1392,-65,8,,,,,,,,,,,
5017,tx,2206485,0,1,RUNNING,,,,,,,,,,,,,,
5018,tx,2206545,0,1,RUNNING,,,,,,,,,,,,,,
5019,tx,2206585,0,1,RUNNING,,,,,,,,,,,,,,
5020,rx,2206740,280557632,0,RUNNING,1393,-64,7,,,,,,,,,,,
5021,tx,2206740,0,1,RUNNING,,,,,,,,,,,,,,
5022,stats,2206740,8276,0,RUNNING,,2,50,1389,1392,1,0,0,0,0,1392,0,0,
5023,tx,2206780,0,1,RUNNING,,,,,,,,,,,,,,
5024,rx,2206840,280757625,0,RUNNING,1394,-64,8,,,,,,,,,,,
5025,tx,2206841,0,1,RUNNING,,,,,,,,,,,,,,
5026,tx,2206995,0,1,RUNNING,,,,,,,,,,,,,,
5027,tx,2207035,0,1,RUNNING,,,,,,,,,,,,,,
5028,rx,2207056,280957620,0,RUNNING,1395,-64,8,,,,,,,,,,,
5029,tx,2207056,0,1,RUNNING,,,,,,,,,,,,,,
5030,rx,2207251,281157632,0,RUNNING,1396,-65,8,,,,,,,,,,,
5031,tx,2207251,0,1,RUNNING,,,,,,,,,,,,,,
5032,tx,2207332,0,1,RUNNING,,,,,,,,,,,,,,
5033,rx,2207507,281357620,0,RUNNING,1397,-64,7,,,,,,,,,,,
5034,tx,2207507,0,1,RUNNING,,,,,,,,,,,,,,
5035,tx,2207548,0,1,RUNNING,,,,,,,,,,,,,,
5036,tx,2207588,0,1,RUNNING,,,,,,,,,,,,,,
5037,tx,2207628,0,1,RUNNING,,,,,,,,,,,,,,
5038,rx,2207763,281557610,0,RUNNING,1398,-64,8,,,,,,,,,,,
5039,tx,2207763,0,1,RUNNING,,,,,,,,,,,,,,
5040,stats,2207763,8289,0,RUNNING,,-14,-50,1394,1397,1,0,0,0,0,1397,0,0,
5041,tx,2207783,0,1,RUNNING,,,,,,,,,,,,,,
5042,rx,2207844,281757631,0,RUNNING,1399,-64,7,,,,,,,,,,,
5043,tx,2207844,0,1,RUNNING,,,,,,,,,,,,,,
5044,tx,2208019,0,1,RUNNING,,,,,,,,,,,,,,
5045,rx,2208039,281957630,0,RUNNING,1400,-65,8,,,,,,,,,,,
5046,tx,2208039,0,1,RUNNING,,,,,,,,,,,,,,
5047,tx,2208139,0,1,RUNNING,,,,,,,,,,,,,,
5048,rx,2208277,282157633,0,RUNNING,1401,-64,7,,,,,,,,,,,
5049,tx,2208277,0,1,RUNNING,,,,,,,,,,,,,,
5050,tx,2208337,0,1,RUNNING,,,,,,,,,,,,,,
5051,tx,2208398,0,1,RUNNING,,,,,,,,,,,,,,
5052,rx,2208532,282357628,0,RUNNING,1402,-65,8,,,,,,,,,,,
5053,tx,2208532,0,1,RUNNING,,,,,,,,,,,,,,
5054,tx,2208593,0,1,RUNNING,,,,,,,,,,,,,,
5055,tx,2208633,0,1,RUNNING,,,,,,,,,,,,,,
5056,rx,2208653,282557574,0,RUNNING,1403,-64,7,,,,,,,,,,,
5057,tx,2208653,0,1,RUNNING,,,,,,,,,,,,,,
5058,tx,2208789,0,1,RUNNING,,,,,,,,,,,,,,
5059,stats,2208789,8289,0,RUNNING,,-55,-128,1399,1402,1,0,0,0,0,1402,0,0,
5060,tx,2208829,0,1,RUNNING,,,,,,,,,,,,,,
5061,rx,2208849,282757629,0,RUNNING,1404,-64,7,,,,,,,,,,,
5062,tx,2208849,0,1,RUNNING,,,,,,,,,,,,,,
5063,rx,2209044,282957630,0,RUNNING,1405,-64,7,,,,,,,,,,,
5064,tx,2209044,0,1,RUNNING,,,,,,,,,,,,,,
5065,tx,2209145,0,1,RUNNING,,,,,,,,,,,,,,
5066,rx,2209300,283157616,0,RUNNING,1406,-65,8,,,,,,,,,,,
5067,tx,2209300,0,1,RUNNING,,,,,,,,,,,,,,
5068,tx,2209340,0,1,RUNNING,,,,,,,,,,,,,,
5069,tx,2209380,0,1,RUNNING,,,,,,,,,,,,,,
5070,rx,2209556,283357590,0,RUNNING,1407,-64,8,,,,,,,,,,,
5071,tx,2209556,0,1,RUNNING,,,,,,,,,,,,,,
5072,tx,2209597,0,1,RUNNING,,,,,,,,,,,,,,
5073,tx,2209637,0,1,RUNNING,,,,,,,,,,,,,,
5074,rx,2209657,283557627,0,RUNNING,1408,-64,7,,,,,,,,,,,
5075,tx,2209657,0,1,RUNNING,,,,,,,,,,,,,,
5076,tx,2209812,0,1,RUNNING,,,,,,,,,,,,,,
5077,stats,2209812,8283,0,RUNNING,,22,127,1404,1407,1,0,0,0,0,1407,0,0,
5078,tx,2209832,0,1,RUNNING,,,,,,,,,,,,,,
5079,rx,2209852,283757625,0,RUNNING,1409,-65,8,,,,,,,,,,,
5080,tx,2209852,0,1,RUNNING,,,,,,,,,,,,,,
5081,tx,2209933,0,1,RUNNING,,,,,,,,,,,,,,
5082,rx,2210067,283957615,0,RUNNING,1410,-65,7,,,,,,,,,,,
5083,tx,2210068,0,1,RUNNING,,,,,,,,,,,,,,
5084,tx,2210148,0,1,RUNNING,,,,,,,,,,,,,,
5085,tx,2210188,0,1,RUNNING,,,,,,,,,,,,,,
5086,rx,2210323,284157628,0,RUNNING,1411,-65,8,,,,,,,,,,,
5087,tx,2210323,0,1,RUNNING,,,,,,,,,,,,,,
5088,tx,2210343,0,1,RUNNING,,,,,,,,,,,,,,
5089,tx,2210383,0,1,RUNNING,,,,,,,,,,,,,,
5090,rx,2210444,284357627,0,RUNNING,1412,-64,7,,,,,,,,,,,
5091,tx,2210444,0,1,RUNNING,,,,,,,,,,,,,,
5092,tx,2210578,0,1,RUNNING,,,,,,,,,,,,,,
5093,rx,2210639,284557626,0,RUNNING,1413,-65,8,,,,,,,,,,,
5094,tx,2210639,0,1,RUNNING,,,,,,,,,,,,,,
5095,tx,2210833,0,1,RUNNING,,,,,,,,,,,,,,
5096,stats,2210833,8290,0,RUNNING,,1,-5,1409,1412,1,0,0,0,0,1412,0,0,
5097,rx,2210853,284757645,0,RUNNING,1414,-64,9,,,,,,,,,,,
5098,tx,2210853,0,1,RUNNING,,,,,,,,,,,,,,
5099,tx,2210934,0,1,RUNNING,,,,,,,,,,,,,,
5100,rx,2211089,284957614,0,RUNNING,1415,-64,8,,,,,,,,,,,
5101,tx,2211090,0,1,RUNNING,,,,,,,,,,,,,,
5102,tx,2211130,0,1,RUNNING,,,,,,,,,,,,,,
5103,tx,2211190,0,1,RUNNING,,,,,,,,,,,,,,
5104,rx,2211345,285157624,0,RUNNING,1416,-65,7,,,,,,,,,,,
5105,tx,2211345,0,1,RUNNING,,,,,,,,,,,,,,
5106,tx,2211385,0,1,RUNNING,,,,,,,,,,,,,,
5107,rx,2211445,285357625,0,RUNNING,1417,-64,7,,,,,,,,,,,
5108,tx,2211445,0,1,RUNNING,,,,,,,,,,,,,,
5109,tx,2211600,0,1,RUNNING,,,,,,,,,,,,,,
5110,rx,2211640,285557624,0,RUNNING,1418,-65,7,,,,,,,,,,,
5111,tx,2211640,0,1,RUNNING,,,,,,,,,,,,,,
5112,rx,2211855,285757624,0,RUNNING,1419,-65,8,,,,,,,,,,,
5113,tx,2211855,0,1,RUNNING,,,,,,,,,,,,,,
5114,stats,2211855,7731,0,RUNNING,,-1,0,1414,1418,1,0,0,0,0,1418,0,0,
5115,tx,2211935,0,1,RUNNING,,,,,,,,,,,,,,
5116,rx,2212111,285957611,0,RUNNING,1420,-65,8,,,,,,,,,,,
5117,tx,2212111,0,1,RUNNING,,,,,,,,,,,,,,
5118,tx,2212131,0,1,RUNNING,,,,,,,,,,,,,,
5119,tx,2212191,0,1,RUNNING,,,,,,,,,,,,,,
5120,tx,2212231,0,1,RUNNING,,,,,,,,,,,,,,
5121,rx,2212366,286157624,0,RUNNING,1421,-64,7,,,,,,,,,,,
5122,tx,2212366,0,1,RUNNING,,,,,,,,,,,,,,
5123,tx,2212386,0,1,RUNNING,,,,,,,,,,,,,,
5124,rx,2212446,286357621,0,RUNNING,1422,-64,8,,,,,,,,,,,
5125,tx,2212446,0,1,RUNNING,,,,,,,,,,,,,,
5126,tx,2212621,0,1,RUNNING,,,,,,,,,,,,,,
5127,rx,2212641,286557622,0,RUNNING,1423,-64,8,,,,,,,,,,,
5128,tx,2212641,0,1,RUNNING,,,,,,,,,,,,,,
5129,tx,2212742,0,1,RUNNING,,,,,,,,,,,,,,
5130,rx,2212876,286757621,0,RUNNING,1424,-64,7,,,,,,,,,,,
5131,tx,2212876,0,1,RUNNING,,,,,,,,,,,,,,
5132,stats,2212876,7732,0,RUNNING,,0,-5,1419,1423,1,0,0,0,0,1423,0,0,
5133,tx,2212936,0,1,RUNNING,,,,,,,,,,,,,,
5134,tx,2212996,0,1,RUNNING,,,,,,,,,,,,,,
5135,rx,2213131,286957624,0,RUNNING,1425,-65,8,,,,,,,,,,,
5136,tx,2213131,0,1,RUNNING,,,,,,,,,,,,,,
5137,tx,2213191,0,1,RUNNING,,,,,,,,,,,,,,
5138,tx,2213231,0,1,RUNNING,,,,,,,,,,,,,,
5139,rx,2213252,287157622,0,RUNNING,1426,-64,7,,,,,,,,,,,
5140,tx,2213252,0,1,RUNNING,,,,,,,,,,,,,,
5141,tx,2213386,0,1,RUNNING,,,,,,,,,,,,,,
5142,rx,2213447,287357620,0,RUNNING,1427,-65,8,,,,,,,,,,,
5143,tx,2213447,0,1,RUNNING,,,,,,,,,,,,,,
5144,rx,2213642,287557620,0,RUNNING,1428,-65,8,,,,,,,,,,,
5145,tx,2213642,0,1,RUNNING,,,,,,,,,,,,,,
5146,tx,2213743,0,1,RUNNING,,,,,,,,,,,,,,
5147,rx,2213897,287757629,0,RUNNING,1429,-65,9,,,,,,,,,,,
5148,tx,2213897,0,1,RUNNING,,,,,,,,,,,,,,
5149,stats,2213897,8287,0,RUNNING,,8,45,1425,1428,1,0,0,0,0,1428,0,0,
5150,tx,2213938,0,1,RUNNING,,,,,,,,,,,,,,
5151,tx,2213998,0,1,RUNNING,,,,,,,,,,,,,,
5152,rx,2214153,287957619,0,RUNNING,1430,-63,8,,,,,,,,,,,
5153,tx,2214153,0,1,RUNNING,,,,,,,,,,,,,,
5154,tx,2214193,0,1,RUNNING,,,,,,,,,,,,,,
5155,tx,2214233,0,1,RUNNING,,,,,,,,,,,,,,
5156,rx,2214253,288157576,0,RUNNING,1431,-65,8,,,,,,,,,,,
5157,tx,2214254,0,1,RUNNING,,,,,,,,,,,,,,
5158,tx,2214409,0,1,RUNNING,,,,,,,,,,,,,,
5159,tx,2214429,0,1,RUNNING,,,,,,,,,,,,,,
5160,rx,2214449,288357620,0,RUNNING,1432,-64,7,,,,,,,,,,,
5161,tx,2214449,0,1,RUNNING,,,,,,,,,,,,,,
5162,tx,2214530,0,1,RUNNING,,,,,,,,,,,,,,
5163,rx,2214665,288557620,0,RUNNING,1433,-64,8,,,,,,,,,,,
5164,tx,2214665,0,1,RUNNING,,,,,,,,,,,,,,
5165,tx,2214745,0,1,RUNNING,,,,,,,,,,,,,,
5166,tx,2214785,0,1,RUNNING,,,,,,,,,,,,,,
5167,rx,2214919,288757619,0,RUNNING,1434,-65,7,,,,,,,,,,,
5168,tx,2214919,0,1,RUNNING,,,,,,,,,,,,,,
5169,stats,2214919,8290,0,RUNNING,,5,-5,1430,1433,1,0,0,0,0,1433,0,0,
5170,tx,2214940,0,1,RUNNING,,,,,,,,,,,,,,
5171,tx,2214980,0,1,RUNNING,,,,,,,,,,,,,,
5172,rx,2215040,288957619,0,RUNNING,1435,-65,8,,,,,,,,,,,
5173,tx,2215040,0,1,RUNNING,,,,,,,,,,,,,,
5174,tx,2215174,0,1,RUNNING,,,,,,,,,,,,,,
5175,tx,2215194,0,1,RUNNING,,,,,,,,,,,,,,
5176,tx,2215235,0,1,RUNNING,,,,,,,,,,,,,,
5177,rx,2215255,289157599,0,RUNNING,1436,-64,7,,,,,,,,,,,
5178,tx,2215255,0,1,RUNNING,,,,,,,,,,,,,,
5179,tx,2215430,0,1,RUNNING,,,,,,,,,,,,,,
5180,rx,2215450,289357618,0,RUNNING,1437,-64,6,,,,,,,,,,,
5181,tx,2215450,0,1,RUNNING,,,,,,,,,,,,,,
5182,tx,2215531,0,1,RUNNING,,,,,,,,,,,,,,
5183,rx,2215686,289557605,0,RUNNING,1438,-64,7,,,,,,,,,,,
5184,tx,2215686,0,1,RUNNING,,,,,,,,,,,,,,
5185,tx,2215746,0,1,RUNNING,,,,,,,,,,,,,,
5186,tx,2215786,0,1,RUNNING,,,,,,,,,,,,,,
5187,rx,2215941,289757625,0,RUNNING,1439,-64,7,,,,,,,,,,,
5188,tx,2215941,0,1,RUNNING,,,,,,,,,,,,,,
5189,stats,2215941,8289,0,RUNNING,,16,100,1435,1438,1,0,0,0,0,1438,0,0,
5190,tx,2215981,0,1,RUNNING,,,,,,,,,,,,,,
5191,rx,2216042,289957608,0,RUNNING,1440,-63,8,,,,,,,,,,,
5192,tx,2216042,0,1,RUNNING,,,,,,,,,,,,,,
5193,tx,2216196,0,1,RUNNING,,,,,,,,,,,,,,
5194,tx,2216237,0,1,RUNNING,,,,,,,,,,,,,,
5195,rx,2216257,290157615,0,RUNNING,1441,-64,8,,,,,,,,,,,
5196,tx,2216257,0,1,RUNNING,,,,,,,,,,,,,,
5197,rx,2216452,290357616,0,RUNNING,1442,-64,8,,,,,,,,,,,
5198,tx,2216452,0,1,RUNNING,,,,,,,,,,,,,,
5199,tx,2216532,0,1,RUNNING,,,,,,,,,,,,,,
5200,rx,2216707,290557616,0,RUNNING,1443,-65,8,,,,,,,,,,,
5201,tx,2216707,0,1,RUNNING,,,,,,,,,,,,,,
5202,tx,2216747,0,1,RUNNING,,,,,,,,,,,,,,
5203,tx,2216787,0,1,RUNNING,,,,,,,,,,,,,,
5204,rx,2216962,290757614,0,RUNNING,1444,-64,7,,,,,,,,,,,
5205,tx,2216962,0,1,RUNNING,,,,,,,,,,,,,,
5206,stats,2216962,8288,0,RUNNING,,-1,-10,1440,1443,1,0,0,0,0,1443,0,0,
5207,tx,2216982,0,1,RUNNING,,,,,,,,,,,,,,
5208,rx,2217043,290957579,0,RUNNING,1445,-64,8,,,,,,,,,,,
5209,tx,2217043,0,1,RUNNING,,,,,,,,,,,,,,
5210,tx,2217219,0,1,RUNNING,,,,,,,,,,,,,,
5211,rx,2217239,291157613,0,RUNNING,1446,-64,7,,,,,,,,,,,
5212,tx,2217239,0,1,RUNNING,,,,,,,,,,,,,,
5213,tx,2217339,0,1,RUNNING,,,,,,,,,,,,,,
5214,rx,2217474,291357601,0,RUNNING,1447,-64,8,,,,,,,,,,,
5215,tx,2217474,0,1,RUNNING,,,,,,,,,,,,,,
5216,tx,2217535,0,1,RUNNING,,,,,,,,,,,,,,
5217,tx,2217595,0,1,RUNNING,,,,,,,,,,,,,,
5218,rx,2217729,291557614,0,RUNNING,1448,-64,8,,,,,,,,,,,
5219,tx,2217730,0,1,RUNNING,,,,,,,,,,,,,,
5220,tx,2217790,0,1,RUNNING,,,,,,,,,,,,,,
5221,tx,2217830,0,1,RUNNING,,,,,,,,,,,,,,
5222,rx,2217850,291757570,0,RUNNING,1449,-64,8,,,,,,,,,,,
5223,tx,2217850,0,1,RUNNING,,,,,,,,,,,,,,
5224,tx,2217989,0,1,RUNNING,,,,,,,,,,,,,,
5225,stats,2217989,8291,0,RUNNING,,-38,-128,1445,1448,1,0,0,0,0,1448,0,0,
5226,tx,2218029,0,1,RUNNING,,,,,,,,,,,,,,
5227,rx,2218049,291957612,0,RUNNING,1450,-64,8,,,,,,,,,,,
5228,tx,2218049,0,1,RUNNING,,,,,,,,,,,,,,
5229,rx,2218244,292157613,0,RUNNING,1451,-64,8,,,,,,,,,,,
5230,tx,2218244,0,1,RUNNING,,,,,,,,,,,,,,
5231,tx,2218345,0,1,RUNNING,,,,,,,,,,,,,,
5232,rx,2218500,292357600,0,RUNNING,1452,-64,9,,,,,,,,,,,
5233,tx,2218500,0,1,RUNNING,,,,,,,,,,,,,,
5234,tx,2218540,0,1,RUNNING,,,,,,,,,,,,,,
5235,tx,2218581,0,1,RUNNING,,,,,,,,,,,,,,
5236,rx,2218755,292557611,0,RUNNING,1453,-64,8,,,,,,,,,,,
5237,tx,2218755,0,1,RUNNING,,,,,,,,,,,,,,
5238,tx,2218795,0,1,RUNNING,,,,,,,,,,,,,,
5239,tx,2218836,0,1,RUNNING,,,,,,,,,,,,,,
5240,rx,2218856,292757589,0,RUNNING,1454,-64,7,,,,,,,,,,,
5241,tx,2218856,0,1,RUNNING,,,,,,,,,,,,,,
5242,tx,2219011,0,1,RUNNING,,,,,,,,,,,,,,
5243,stats,2219011,8290,0,RUNNING,,-18,-110,1450,1453,1,0,0,0,0,1453,0,0,
5244,tx,2219031,0,1,RUNNING,,,,,,,,,,,,,,
5245,rx,2219051,292957611,0,RUNNING,1455,-65,8,,,,,,,,,,,
5246,tx,2219051,0,1,RUNNING,,,,,,,,,,,,,,
5247,tx,2219132,0,1,RUNNING,,,,,,,,,,,,,,
5248,rx,2219273,293157598,0,RUNNING,1456,-64,8,,,,,,,,,,,
5249,tx,2219273,0,1,RUNNING,,,,,,,,,,,,,,
5250,tx,2219333,0,1,RUNNING,,,,,,,,,,,,,,
5251,tx,2219393,0,1,RUNNING,,,,,,,,,,,,,,
5252,rx,2219528,293357610,0,RUNNING,1457,-64,8,,,,,,,,,,,
5253,tx,2219528,0,1,RUNNING,,,,,,,,,,,,,,
5254,tx,2219548,0,1,RUNNING,,,,,,,,,,,,,,
5255,tx,2219588,0,1,RUNNING,,,,,,,,,,,,,,
5256,tx,2219628,0,1,RUNNING,,,,,,,,,,,,,,
5257,rx,2219649,293557565,0,RUNNING,1458,-64,9,,,,,,,,,,,
5258,tx,2219649,0,1,RUNNING,,,,,,,,,,,,,,
5259,tx,2219784,0,1,RUNNING,,,,,,,,,,,,,,
5260,rx,2219844,293757609,0,RUNNING,1459,-64,7,,,,,,,,,,,
5261,tx,2219844,0,1,RUNNING,,,,,,,,,,,,,,
5262,rx,2220039,293957608,0,RUNNING,1460,-64,8,,,,,,,,,,,
5263,tx,2220039,0,1,RUNNING,,,,,,,,,,,,,,
5264,stats,2220039,7743,0,RUNNING,,11,-5,1455,1459,1,0,0,0,0,1459,0,0,
5265,tx,2220140,0,1,RUNNING,,,,,,,,,,,,,,
5266,rx,2220295,294157594,0,RUNNING,1461,-64,8,,,,,,,,,,,
5267,tx,2220295,0,1,RUNNING,,,,,,,,,,,,,,
5268,tx,2220335,0,1,RUNNING,,,,,,,,,,,,,,
5269,tx,2220396,0,1,RUNNING,,,,,,,,,,,,,,
5270,rx,2220551,294357609,0,RUNNING,1462,-64,8,,,,,,,,,,,
5271,tx,2220551,0,1,RUNNING,,,,,,,,,,,,,,
5272,tx,2220591,0,1,RUNNING,,,,,,,,,,,,,,
5273,tx,2220631,0,1,RUNNING,,,,,,,,,,,,,,
5274,rx,2220651,294557609,0,RUNNING,1463,-64,8,,,,,,,,,,,
5275,tx,2220651,0,1,RUNNING,,,,,,,,,,,,,,
5276,tx,2220805,0,1,RUNNING,,,,,,,,,,,,,,
5277,rx,2220846,294757608,0,RUNNING,1464,-64,8,,,,,,,,,,,
5278,tx,2220846,0,1,RUNNING,,,,,,,,,,,,,,
5279,rx,2221060,294957607,0,RUNNING,1465,-64,8,,,,,,,,,,,
5280,tx,2221060,0,1,RUNNING,,,,,,,,,,,,,,
5281,stats,2221060,7732,0,RUNNING,,0,-5,1460,1464,1,0,0,0,0,1464,0,0,
5282,tx,2221141,0,1,RUNNING,,,,,,,,,,,,,,
5283,tx,2221181,0,1,RUNNING,,,,,,,,,,,,,,
5284,rx,2221315,295157608,0,RUNNING,1466,-64,8,,,,,,,,,,,
5285,tx,2221315,0,1,RUNNING,,,,,,,,,,,,,,
5286,tx,2221335,0,1,RUNNING,,,,,,,,,,,,,,
5287,tx,2221396,0,1,RUNNING,,,,,,,,,,,,,,
5288,tx,2221436,0,1,RUNNING,,,,,,,,,,,,,,
5289,rx,2221570,295357607,0,RUNNING,1467,-64,8,,,,,,,,,,,
5290,tx,2221570,0,1,RUNNING,,,,,,,,,,,,,,
5291,tx,2221590,0,1,RUNNING,,,,,,,,,,,,,,
5292,tx,2221631,0,1,RUNNING,,,,,,,,,,,,,,
5293,rx,2221651,295557563,0,RUNNING,1468,-64,8,,,,,,,,,,,
5294,tx,2221651,0,1,RUNNING,,,,,,,,,,,,,,
5295,tx,2221826,0,1,RUNNING,,,,,,,,,,,,,,
5296,rx,2221846,295757606,0,RUNNING,1469,-64,8,,,,,,,,,,,
5297,tx,2221846,0,1,RUNNING,,,,,,,,,,,,,,
5298,tx,2221947,0,1,RUNNING,,,,,,,,,,,,,,
5299,rx,2222082,295957631,0,RUNNING,1470,-64,8,,,,,,,,,,,
5300,tx,2222082,0,1,RUNNING,,,,,,,,,,,,,,
5301,stats,2222082,7768,0,RUNNING,,36,125,1465,1469,1,0,0,0,0,1469,0,0,
5302,tx,2222143,0,1,RUNNING,,,,,,,,,,,,,,
5303,tx,2222183,0,1,RUNNING,,,,,,,,,,,,,,
5304,rx,2222338,296157605,0,RUNNING,1471,-65,7,,,,,,,,,,,
5305,tx,2222338,0,1,RUNNING,,,,,,,,,,,,,,
5306,tx,2222378,0,1,RUNNING,,,,,,,,,,,,,,
5307,rx,2222439,296357605,0,RUNNING,1472,-65,8,,,,,,,,,,,
5308,tx,2222439,0,1,RUNNING,,,,,,,,,,,,,,
5309,tx,2222593,0,1,RUNNING,,,,,,,,,,,,,,
5310,tx,2222633,0,1,RUNNING,,,,,,,,,,,,,,
5311,rx,2222654,296557604,0,RUNNING,1473,-64,8,,,,,,,,,,,
5312,tx,2222654,0,1,RUNNING,,,,,,,,,,,,,,
5313,rx,2222849,296757605,0,RUNNING,1474,-64,7,,,,,,,,,,,
5314,tx,2222849,0,1,RUNNING,,,,,,,,,,,,,,
5315,tx,2222929,0,1,RUNNING,,,,,,,,,,,,,,
5316,rx,2223104,296957603,0,RUNNING,1475,-65,8,,,,,,,,,,,
5317,tx,2223104,0,1,RUNNING,,,,,,,,,,,,,,
5318,stats,2223104,8289,0,RUNNING,,-3,-10,1471,1474,1,0,0,0,0,1474,0,0,
5319,tx,2223144,0,1,RUNNING,,,,,,,,,,,,,,
5320,tx,2223185,0,1,RUNNING,,,,,,,,,,,,,,
5321,rx,2223359,297157605,0,RUNNING,1476,-65,8,,,,,,,,,,,
5322,tx,2223359,0,1,RUNNING,,,,,,,,,,,,,,
5323,tx,2223379,0,1,RUNNING,,,,,,,,,,,,,,
5324,rx,2223440,297357603,0,RUNNING,1477,-64,7,,,,,,,,,,,
5325,tx,2223440,0,1,RUNNING,,,,,,,,,,,,,,
5326,tx,2223615,0,1,RUNNING,,,,,,,,,,,,,,
5327,tx,2223635,0,1,RUNNING,,,,,,,,,,,,,,
5328,rx,2223655,297557603,0,RUNNING,1478,-65,7,,,,,,,,,,,
5329,tx,2223655,0,1,RUNNING,,,,,,,,,,,,,,
5330,tx,2223735,0,1,RUNNING,,,,,,,,,,,,,,
5331,rx,2223870,297757603,0,RUNNING,1479,-64,8,,,,,,,,,,,
5332,tx,2223870,0,1,RUNNING,,,,,,,,,,,,,,
5333,tx,2223930,0,1,RUNNING,,,,,,,,,,,,,,
5334,tx,2223990,0,1,RUNNING,,,,,,,,,,,,,,
5335,rx,2224126,297957590,0,RUNNING,1480,-64,7,,,,,,,,,,,
5336,tx,2224126,0,1,RUNNING,,,,,,,,,,,,,,
5337,stats,2224126,8290,0,RUNNING,,-14,-65,1476,1479,1,0,0,0,0,1479,0,0,
5338,tx,2224146,0,1,RUNNING,,,,,,,,,,,,,,
5339,tx,2224186,0,1,RUNNING,,,,,,,,,,,,,,
5340,rx,2224246,298157600,0,RUNNING,1481,-64,7,,,,,,,,,,,
5341,tx,2224246,0,1,RUNNING,,,,,,,,,,,,,,
5342,tx,2224381,0,1,RUNNING,,,,,,,,,,,,,,
5343,rx,2224441,298357566,0,RUNNING,1482,-64,7,,,,,,,,,,,
5344,tx,2224441,0,1,RUNNING,,,,,,,,,,,,,,
5345,tx,2224637,0,1,RUNNING,,,,,,,,,,,,,,
5346,rx,2224657,298557600,0,RUNNING,1483,-64,8,,,,,,,,,,,
5347,tx,2224657,0,1,RUNNING,,,,,,,,,,,,,,
5348,tx,2224737,0,1,RUNNING,,,,,,,,,,,,,,
5349,rx,2224892,298757601,0,RUNNING,1484,-65,8,,,,,,,,,,,
5350,tx,2224892,0,1,RUNNING,,,,,,,,,,,,,,
5351,tx,2224932,0,1,RUNNING,,,,,,,,,,,,,,
5352,tx,2224992,0,1,RUNNING,,,,,,,,,,,,,,
5353,rx,2225148,298957588,0,RUNNING,1485,-65,8,,,,,,,,,,,
5354,tx,2225148,0,1,RUNNING,,,,,,,,,,,,,,
5355,stats,2225148,8248,0,RUNNING,,-8,-65,1481,1484,1,0,0,0,0,1484,0,0,
5356,tx,2225188,0,1,RUNNING,,,,,,,,,,,,,,
5357,rx,2225248,299157577,0,RUNNING,1486,-64,7,,,,,,,,,,,
5358,tx,2225248,0,1,RUNNING,,,,,,,,,,,,,,
5359,tx,2225404,0,1,RUNNING,,,,,,,,,,,,,,
5360,rx,2225444,299357599,0,RUNNING,1487,-64,8,,,,,,,,,,,
5361,tx,2225444,0,1,RUNNING,,,,,,,,,,,,,,
5362,rx,2225659,299557599,0,RUNNING,1488,-64,7,,,,,,,,,,,
5363,tx,2225659,0,1,RUNNING,,,,,,,,,,,,,,
5364,tx,2225740,0,1,RUNNING,,,,,,,,,,,,,,
5365,tx,2225780,0,1,RUNNING,,,,,,,,,,,,,,
5366,rx,2225914,299757600,0,RUNNING,1489,-64,7,,,,,,,,,,,
5367,tx,2225914,0,1,RUNNING,,,,,,,,,,,,,,
5368,tx,2225934,0,1,RUNNING,,,,,,,,,,,,,,
5369,tx,2225994,0,1,RUNNING,,,,,,,,,,,,,,
5370,tx,2226034,0,1,RUNNING,,,,,,,,,,,,,,
5371,rx,2226169,299957613,0,RUNNING,1490,-65,8,,,,,,,,,,,
5372,tx,2226169,0,1,RUNNING,,,,,,,,,,,,,,
5373,stats,2226169,8288,0,RUNNING,,16,65,1486,1489,1,0,0,0,0,1489,0,0,
5374,stats,2226169,8288,0,STOPPED,,16,65,1486,1489,1,0,0,0,0,1489,0,0,
