seq,type,uptime_ms,t_us,slot_id,sync,frame_ctr,rssi,snr,tx_done,rx_done,rx_crc_err,rx_bad_header,slot_timeouts,stale_retx,busy_timeouts,rx_ok,missed,dup,payload
0,meta,123002,0,0,STOPPED,,,,,,,,,,,,,,
1,tx,123002,0,0,RUNNING,,,,,,,,,,,,,,
2,stats,123002,8292,0,RUNNING,,0,0,109,0,0,0,0,0,0,0,0,0,
3,tx,123355,0,0,RUNNING,,,,,,,,,,,,,,
4,tx,123416,0,0,RUNNING,,,,,,,,,,,,,,
5,tx,123608,0,0,RUNNING,,,,,,,,,,,,,,
6,tx,123708,0,0,RUNNING,,,,,,,,,,,,,,
7,tx,123860,0,0,RUNNING,,,,,,,,,,,,,,
8,rx,123921,102511301,1,RUNNING,5,-65,9,,,,,,,,,,,
9,tx,123921,0,0,RUNNING,,,,,,,,,,,,,,
10,tx,123961,0,0,RUNNING,,,,,,,,,,,,,,
11,rx,124113,102711166,1,RUNNING,6,-65,8,,,,,,,,,,,
12,tx,124113,0,0,RUNNING,,,,,,,,,,,,,,
13,stats,124113,8867,0,RUNNING,,0,0,114,2,0,0,0,0,0,2,0,0,
14,tx,124154,0,0,RUNNING,,,,,,,,,,,,,,
15,tx,124214,0,0,RUNNING,,,,,,,,,,,,,,
16,rx,124366,102911154,1,RUNNING,7,-65,8,,,,,,,,,,,
17,tx,124366,0,0,RUNNING,,,,,,,,,,,,,,
18,tx,124406,0,0,RUNNING,,,,,,,,,,,,,,
19,rx,124619,103111147,1,RUNNING,8,-65,8,,,,,,,,,,,
20,tx,124619,0,0,RUNNING,,,,,,,,,,,,,,
21,rx,124720,103311140,1,RUNNING,9,-65,8,,,,,,,,,,,
22,tx,124720,0,0,RUNNING,,,,,,,,,,,,,,
23,tx,124872,0,0,RUNNING,,,,,,,,,,,,,,
24,rx,124912,103511145,1,RUNNING,10,-65,9,,,,,,,,,,,
25,tx,124912,0,0,RUNNING,,,,,,,,,,,,,,
26,tx,124953,0,0,RUNNING,,,,,,,,,,,,,,
27,rx,125126,103711147,1,RUNNING,11,-65,9,,,,,,,,,,,
28,tx,125126,0,0,RUNNING,,,,,,,,,,,,,,
29,stats,125126,8848,0,RUNNING,,0,0,119,7,0,0,0,0,0,7,0,0,
30,tx,125166,0,0,RUNNING,,,,,,,,,,,,,,
31,tx,125206,0,0,RUNNING,,,,,,,,,,,,,,
32,rx,125379,103911111,1,RUNNING,12,-65,8,,,,,,,,,,,
33,tx,125379,0,0,RUNNING,,,,,,,,,,,,,,
34,tx,125419,0,0,RUNNING,,,,,,,,,,,,,,
35,rx,125632,104111099,1,RUNNING,13,-65,9,,,,,,,,,,,
36,tx,125632,0,0,RUNNING,,,,,,,,,,,,,,
37,rx,125713,104311139,1,RUNNING,14,-65,9,,,,,,,,,,,
38,tx,125713,0,0,RUNNING,,,,,,,,,,,,,,
39,tx,125753,0,0,RUNNING,,,,,,,,,,,,,,
40,tx,125892,0,0,RUNNING,,,,,,,,,,,,,,
41,rx,125912,104511159,1,RUNNING,15,-65,8,,,,,,,,,,,
42,tx,125912,0,0,RUNNING,,,,,,,,,,,,,,
43,tx,125953,0,0,RUNNING,,,,,,,,,,,,,,
44,tx,126013,0,0,RUNNING,,,,,,,,,,,,,,
45,rx,126146,104711159,1,RUNNING,16,-65,9,,,,,,,,,,,
46,tx,126146,0,0,RUNNING,,,,,,,,,,,,,,
47,stats,126146,8860,0,RUNNING,,0,0,124,12,0,0,0,0,0,12,0,0,
48,tx,126166,0,0,RUNNING,,,,,,,,,,,,,,
49,tx,126206,0,0,RUNNING,,,,,,,,,,,,,,
50,rx,126400,104911154,1,RUNNING,17,-64,8,,,,,,,,,,,
51,tx,126400,0,0,RUNNING,,,,,,,,,,,,,,
52,tx,126420,0,0,RUNNING,,,,,,,,,,,,,,
53,rx,126520,105111150,1,RUNNING,18,-65,9,,,,,,,,,,,
54,tx,126520,0,0,RUNNING,,,,,,,,,,,,,,
55,tx,126653,0,0,RUNNING,,,,,,,,,,,,,,
56,rx,126713,105311144,1,RUNNING,19,-65,9,,,,,,,,,,,
57,tx,126713,0,0,RUNNING,,,,,,,,,,,,,,
58,tx,126753,0,0,RUNNING,,,,,,,,,,,,,,
59,tx,126906,0,0,RUNNING,,,,,,,,,,,,,,
60,rx,126926,105511146,1,RUNNING,20,-65,9,,,,,,,,,,,
61,tx,126926,0,0,RUNNING,,,,,,,,,,,,,,
62,tx,126967,0,0,RUNNING,,,,,,,,,,,,,,
63,tx,127007,0,0,RUNNING,,,,,,,,,,,,,,
64,rx,127160,105711134,1,RUNNING,21,-65,9,,,,,,,,,,,
65,tx,127160,0,0,RUNNING,,,,,,,,,,,,,,
66,stats,127160,8835,0,RUNNING,,0,0,129,17,0,0,0,0,0,17,0,0,
67,tx,127221,0,0,RUNNING,,,,,,,,,,,,,,
68,rx,127414,105911148,1,RUNNING,22,-66,8,,,,,,,,,,,
69,tx,127414,0,0,RUNNING,,,,,,,,,,,,,,
70,rx,127514,106111145,1,RUNNING,23,-65,9,,,,,,,,,,,
71,tx,127514,0,0,RUNNING,,,,,,,,,,,,,,
72,tx,127667,0,0,RUNNING,,,,,,,,,,,,,,
73,tx,127707,0,0,RUNNING,,,,,,,,,,,,,,
74,rx,127727,106311147,1,RUNNING,24,-65,8,,,,,,,,,,,
75,tx,127727,0,0,RUNNING,,,,,,,,,,,,,,
76,tx,127768,0,0,RUNNING,,,,,,,,,,,,,,
77,rx,127920,106511147,1,RUNNING,25,-65,9,,,,,,,,,,,
78,tx,127920,0,0,RUNNING,,,,,,,,,,,,,,
79,tx,127961,0,0,RUNNING,,,,,,,,,,,,,,
80,tx,128021,0,0,RUNNING,,,,,,,,,,,,,,
81,rx,128175,106711111,1,RUNNING,26,-65,9,,,,,,,,,,,
82,tx,128175,0,0,RUNNING,,,,,,,,,,,,,,
83,stats,128175,8812,0,RUNNING,,0,0,134,22,0,0,0,0,0,22,0,0,
84,tx,128215,0,0,RUNNING,,,,,,,,,,,,,,
85,rx,128428,106911095,1,RUNNING,27,-65,9,,,,,,,,,,,
86,tx,128428,0,0,RUNNING,,,,,,,,,,,,,,
87,tx,128509,0,0,RUNNING,,,,,,,,,,,,,,
88,rx,128529,107111141,1,RUNNING,28,-65,9,,,,,,,,,,,
89,tx,128529,0,0,RUNNING,,,,,,,,,,,,,,
90,tx,128682,0,0,RUNNING,,,,,,,,,,,,,,
91,rx,128722,107311144,1,RUNNING,29,-65,8,,,,,,,,,,,
92,tx,128722,0,0,RUNNING,,,,,,,,,,,,,,
93,tx,128762,0,0,RUNNING,,,,,,,,,,,,,,
94,tx,128803,0,0,RUNNING,,,,,,,,,,,,,,
95,rx,128935,107511147,1,RUNNING,30,-65,8,,,,,,,,,,,
96,tx,128935,0,0,RUNNING,,,,,,,,,,,,,,
97,tx,128956,0,0,RUNNING,,,,,,,,,,,,,,
98,tx,129016,0,0,RUNNING,,,,,,,,,,,,,,
99,rx,129189,107711102,1,RUNNING,31,-65,9,,,,,,,,,,,
100,tx,129189,0,0,RUNNING,,,,,,,,,,,,,,
101,stats,129189,8803,0,RUNNING,,0,0,139,27,0,0,0,0,0,27,0,0,
102,tx,129210,0,0,RUNNING,,,,,,,,,,,,,,
103,tx,129310,0,0,RUNNING,,,,,,,,,,,,,,
104,rx,129449,107911128,1,RUNNING,32,-65,8,,,,,,,,,,,
105,tx,129449,0,0,RUNNING,,,,,,,,,,,,,,
106,tx,129509,0,0,RUNNING,,,,,,,,,,,,,,
107,rx,129530,108111146,1,RUNNING,33,-65,9,,,,,,,,,,,
108,tx,129530,0,0,RUNNING,,,,,,,,,,,,,,
109,tx,129570,0,0,RUNNING,,,,,,,,,,,,,,
110,tx,129703,0,0,RUNNING,,,,,,,,,,,,,,
111,rx,129723,108311148,1,RUNNING,34,-65,9,,,,,,,,,,,
112,tx,129723,0,0,RUNNING,,,,,,,,,,,,,,
113,tx,129763,0,0,RUNNING,,,,,,,,,,,,,,
114,tx,129803,0,0,RUNNING,,,,,,,,,,,,,,
115,rx,129957,108511148,1,RUNNING,35,-65,9,,,,,,,,,,,
116,tx,129957,0,0,RUNNING,,,,,,,,,,,,,,
117,tx,130017,0,0,RUNNING,,,,,,,,,,,,,,
118,rx,130210,108711142,1,RUNNING,36,-66,9,,,,,,,,,,,
119,tx,130210,0,0,RUNNING,,,,,,,,,,,,,,
120,stats,130210,8843,0,RUNNING,,0,0,144,32,0,0,0,0,0,32,0,0,
121,tx,130311,0,0,RUNNING,,,,,,,,,,,,,,
122,rx,130331,108911136,1,RUNNING,37,-66,9,,,,,,,,,,,
123,tx,130331,0,0,RUNNING,,,,,,,,,,,,,,
124,tx,130464,0,0,RUNNING,,,,,,,,,,,,,,
125,tx,130504,0,0,RUNNING,,,,,,,,,,,,,,
126,rx,130524,109111150,1,RUNNING,38,-66,9,,,,,,,,,,,
127,tx,130524,0,0,RUNNING,,,,,,,,,,,,,,
128,tx,130565,0,0,RUNNING,,,,,,,,,,,,,,
129,rx,130717,109311149,1,RUNNING,39,-66,8,,,,,,,,,,,
130,tx,130717,0,0,RUNNING,,,,,,,,,,,,,,
131,tx,130758,0,0,RUNNING,,,,,,,,,,,,,,
132,tx,130818,0,0,RUNNING,,,,,,,,,,,,,,
133,rx,130971,109511149,1,RUNNING,40,-65,9,,,,,,,,,,,
134,tx,130971,0,0,RUNNING,,,,,,,,,,,,,,
135,tx,131011,0,0,RUNNING,,,,,,,,,,,,,,
136,rx,131225,109711143,1,RUNNING,41,-66,8,,,,,,,,,,,
137,tx,131225,0,0,RUNNING,,,,,,,,,,,,,,
138,stats,131225,8844,0,RUNNING,,0,0,149,37,0,0,0,0,0,37,0,0,
139,tx,131305,0,0,RUNNING,,,,,,,,,,,,,,
140,rx,131326,109911148,1,RUNNING,42,-66,8,,,,,,,,,,,
141,tx,131326,0,0,RUNNING,,,,,,,,,,,,,,
142,tx,131478,0,0,RUNNING,,,,,,,,,,,,,,
143,rx,131519,110111146,1,RUNNING,43,-66,8,,,,,,,,,,,
144,tx,131519,0,0,RUNNING,,,,,,,,,,,,,,
145,tx,131559,0,0,RUNNING,,,,,,,,,,,,,,
146,rx,131732,110311138,1,RUNNING,44,-65,8,,,,,,,,,,,
147,tx,131732,0,0,RUNNING,,,,,,,,,,,,,,
148,tx,131772,0,0,RUNNING,,,,,,,,,,,,,,
149,tx,131813,0,0,RUNNING,,,,,,,,,,,,,,
150,rx,131986,110511148,1,RUNNING,45,-65,9,,,,,,,,,,,
151,tx,131986,0,0,RUNNING,,,,,,,,,,,,,,
152,tx,132006,0,0,RUNNING,,,,,,,,,,,,,,
153,tx,132106,0,0,RUNNING,,,,,,,,,,,,,,
154,rx,132240,110711149,1,RUNNING,46,-66,9,,,,,,,,,,,
155,tx,132240,0,0,RUNNING,,,,,,,,,,,,,,
156,stats,132240,8850,0,RUNNING,,0,0,154,42,0,0,0,0,0,42,0,0,
157,rx,132320,110911149,1,RUNNING,47,-66,9,,,,,,,,,,,
158,tx,132320,0,0,RUNNING,,,,,,,,,,,,,,
159,tx,132360,0,0,RUNNING,,,,,,,,,,,,,,
160,tx,132499,0,0,RUNNING,,,,,,,,,,,,,,
161,rx,132519,111111149,1,RUNNING,48,-66,8,,,,,,,,,,,
162,tx,132519,0,0,RUNNING,,,,,,,,,,,,,,
163,tx,132560,0,0,RUNNING,,,,,,,,,,,,,,
164,tx,132620,0,0,RUNNING,,,,,,,,,,,,,,
165,rx,132753,111311150,1,RUNNING,49,-65,9,,,,,,,,,,,
166,tx,132753,0,0,RUNNING,,,,,,,,,,,,,,
167,tx,132813,0,0,RUNNING,,,,,,,,,,,,,,
168,rx,133006,111511137,1,RUNNING,50,-66,8,,,,,,,,,,,
169,tx,133006,0,0,RUNNING,,,,,,,,,,,,,,
170,tx,133107,0,0,RUNNING,,,,,,,,,,,,,,
171,rx,133127,111711146,1,RUNNING,51,-66,8,,,,,,,,,,,
172,tx,133127,0,0,RUNNING,,,,,,,,,,,,,,
173,tx,133260,0,0,RUNNING,,,,,,,,,,,,,,
174,stats,133260,8847,0,RUNNING,,0,0,159,47,0,0,0,0,0,47,0,0,
175,rx,133320,111911148,1,RUNNING,52,-66,8,,,,,,,,,,,
176,tx,133320,0,0,RUNNING,,,,,,,,,,,,,,
177,tx,133361,0,0,RUNNING,,,,,,,,,,,,,,
178,rx,133514,112111148,1,RUNNING,53,-66,10,,,,,,,,,,,
179,tx,133514,0,0,RUNNING,,,,,,,,,,,,,,
180,tx,133554,0,0,RUNNING,,,,,,,,,,,,,,
181,tx,133614,0,0,RUNNING,,,,,,,,,,,,,,
182,rx,133767,112311147,1,RUNNING,54,-65,9,,,,,,,,,,,
183,tx,133767,0,0,RUNNING,,,,,,,,,,,,,,
184,tx,133807,0,0,RUNNING,,,,,,,,,,,,,,
185,rx,134021,112511094,1,RUNNING,55,-66,9,,,,,,,,,,,
186,tx,134021,0,0,RUNNING,,,,,,,,,,,,,,
187,rx,134122,112711147,1,RUNNING,56,-66,9,,,,,,,,,,,
188,tx,134122,0,0,RUNNING,,,,,,,,,,,,,,
189,tx,134275,0,0,RUNNING,,,,,,,,,,,,,,
190,stats,134275,8305,0,RUNNING,,0,0,165,52,0,0,0,0,0,52,0,0,
191,rx,134315,112911150,1,RUNNING,57,-65,10,,,,,,,,,,,
192,tx,134315,0,0,RUNNING,,,,,,,,,,,,,,
193,tx,134355,0,0,RUNNING,,,,,,,,,,,,,,
194,rx,134529,113111157,1,RUNNING,58,-65,9,,,,,,,,,,,
195,tx,134529,0,0,RUNNING,,,,,,,,,,,,,,
196,tx,134569,0,0,RUNNING,,,,,,,,,,,,,,
197,tx,134609,0,0,RUNNING,,,,,,,,,,,,,,
198,rx,134782,113311108,1,RUNNING,59,-66,9,,,,,,,,,,,
199,tx,134782,0,0,RUNNING,,,,,,,,,,,,,,
200,tx,134822,0,0,RUNNING,,,,,,,,,,,,,,
201,tx,134903,0,0,RUNNING,,,,,,,,,,,,,,
202,rx,135036,113511142,1,RUNNING,60,-66,8,,,,,,,,,,,
203,tx,135036,0,0,RUNNING,,,,,,,,,,,,,,
204,rx,135116,113711145,1,RUNNING,61,-65,8,,,,,,,,,,,
205,tx,135116,0,0,RUNNING,,,,,,,,,,,,,,
206,tx,135156,0,0,RUNNING,,,,,,,,,,,,,,
207,tx,135290,0,0,RUNNING,,,,,,,,,,,,,,
208,stats,135290,8248,0,RUNNING,,0,0,170,57,0,0,0,0,0,57,0,0,
209,tx,135310,0,0,RUNNING,,,,,,,,,,,,,,
210,rx,135330,113911149,1,RUNNING,62,-66,8,,,,,,,,,,,
211,tx,135330,0,0,RUNNING,,,,,,,,,,,,,,
212,tx,135370,0,0,RUNNING,,,,,,,,,,,,,,
213,tx,135410,0,0,RUNNING,,,,,,,,,,,,,,
214,rx,135544,114111139,1,RUNNING,63,-66,8,,,,,,,,,,,
215,tx,135544,0,0,RUNNING,,,,,,,,,,,,,,
216,tx,135564,0,0,RUNNING,,,,,,,,,,,,,,
217,tx,135604,0,0,RUNNING,,,,,,,,,,,,,,
218,rx,135798,114311091,1,RUNNING,64,-65,9,,,,,,,,,,,
219,tx,135798,0,0,RUNNING,,,,,,,,,,,,,,
220,tx,135818,0,0,RUNNING,,,,,,,,,,,,,,
221,rx,135918,114511141,1,RUNNING,65,-66,9,,,,,,,,,,,
222,tx,135918,0,0,RUNNING,,,,,,,,,,,,,,
223,tx,136051,0,0,RUNNING,,,,,,,,,,,,,,
224,tx,136112,0,0,RUNNING,,,,,,,,,,,,,,
225,rx,136132,114711146,1,RUNNING,66,-65,9,,,,,,,,,,,
226,tx,136132,0,0,RUNNING,,,,,,,,,,,,,,
227,tx,136172,0,0,RUNNING,,,,,,,,,,,,,,
228,tx,136305,0,0,RUNNING,,,,,,,,,,,,,,
229,stats,136305,8271,0,RUNNING,,0,0,175,62,0,0,0,0,0,62,0,0,
230,rx,136325,114911150,1,RUNNING,67,-65,9,,,,,,,,,,,
231,tx,136326,0,0,RUNNING,,,,,,,,,,,,,,
232,tx,136366,0,0,RUNNING,,,,,,,,,,,,,,
233,tx,136406,0,0,RUNNING,,,,,,,,,,,,,,
234,rx,136559,115111142,1,RUNNING,68,-65,9,,,,,,,,,,,
235,tx,136559,0,0,RUNNING,,,,,,,,,,,,,,
236,tx,136620,0,0,RUNNING,,,,,,,,,,,,,,
237,rx,136813,115311104,1,RUNNING,69,-65,9,,,,,,,,,,,
238,tx,136813,0,0,RUNNING,,,,,,,,,,,,,,
239,rx,136913,115511147,1,RUNNING,70,-65,8,,,,,,,,,,,
240,tx,136913,0,0,RUNNING,,,,,,,,,,,,,,
241,tx,137066,0,0,RUNNING,,,,,,,,,,,,,,
242,tx,137106,0,0,RUNNING,,,,,,,,,,,,,,
243,rx,137127,115711149,1,RUNNING,71,-65,8,,,,,,,,,,,
244,tx,137127,0,0,RUNNING,,,,,,,,,,,,,,
245,tx,137167,0,0,RUNNING,,,,,,,,,,,,,,
246,rx,137320,115911148,1,RUNNING,72,-65,9,,,,,,,,,,,
247,tx,137320,0,0,RUNNING,,,,,,,,,,,,,,
248,stats,137320,8849,0,RUNNING,,0,0,180,68,0,0,0,0,0,68,0,0,
249,tx,137360,0,0,RUNNING,,,,,,,,,,,,,,
250,tx,137421,0,0,RUNNING,,,,,,,,,,,,,,
251,rx,137574,116111112,1,RUNNING,73,-65,8,,,,,,,,,,,
252,tx,137574,0,0,RUNNING,,,,,,,,,,,,,,
253,tx,137614,0,0,RUNNING,,,,,,,,,,,,,,
254,rx,137827,116311104,1,RUNNING,74,-65,9,,,,,,,,,,,
255,tx,137827,0,0,RUNNING,,,,,,,,,,,,,,
256,tx,137908,0,0,RUNNING,,,,,,,,,,,,,,
257,rx,137928,116511130,1,RUNNING,75,-65,9,,,,,,,,,,,
258,tx,137928,0,0,RUNNING,,,,,,,,,,,,,,
259,tx,138081,0,0,RUNNING,,,,,,,,,,,,,,
260,rx,138121,116711138,1,RUNNING,76,-65,9,,,,,,,,,,,
261,tx,138121,0,0,RUNNING,,,,,,,,,,,,,,
262,tx,138161,0,0,RUNNING,,,,,,,,,,,,,,
263,rx,138335,116911144,1,RUNNING,77,-65,9,,,,,,,,,,,
264,tx,138335,0,0,RUNNING,,,,,,,,,,,,,,
265,stats,138335,8845,0,RUNNING,,0,0,185,73,0,0,0,0,0,73,0,0,
266,tx,138355,0,0,RUNNING,,,,,,,,,,,,,,
267,tx,138415,0,0,RUNNING,,,,,,,,,,,,,,
268,rx,138589,117111135,1,RUNNING,78,-65,8,,,,,,,,,,,
269,tx,138589,0,0,RUNNING,,,,,,,,,,,,,,
270,tx,138609,0,0,RUNNING,,,,,,,,,,,,,,
271,tx,138709,0,0,RUNNING,,,,,,,,,,,,,,
272,rx,138848,117311145,1,RUNNING,79,-65,7,,,,,,,,,,,
273,tx,138848,0,0,RUNNING,,,,,,,,,,,,,,
274,tx,138908,0,0,RUNNING,,,,,,,,,,,,,,
275,rx,138929,117511146,1,RUNNING,80,-65,8,,,,,,,,,,,
276,tx,138929,0,0,RUNNING,,,,,,,,,,,,,,
277,tx,138969,0,0,RUNNING,,,,,,,,,,,,,,
278,tx,139102,0,0,RUNNING,,,,,,,,,,,,,,
279,rx,139122,117711148,1,RUNNING,81,-65,8,,,,,,,,,,,
280,tx,139122,0,0,RUNNING,,,,,,,,,,,,,,
281,tx,139162,0,0,RUNNING,,,,,,,,,,,,,,
282,tx,139223,0,0,RUNNING,,,,,,,,,,,,,,
283,rx,139356,117911113,1,RUNNING,82,-65,8,,,,,,,,,,,
284,tx,139356,0,0,RUNNING,,,,,,,,,,,,,,
285,stats,139356,8814,0,RUNNING,,0,0,190,78,0,0,0,0,0,78,0,0,
286,tx,139416,0,0,RUNNING,,,,,,,,,,,,,,
287,rx,139610,118111118,1,RUNNING,83,-65,9,,,,,,,,,,,
288,tx,139610,0,0,RUNNING,,,,,,,,,,,,,,
289,tx,139711,0,0,RUNNING,,,,,,,,,,,,,,
290,rx,139731,118311134,1,RUNNING,84,-65,8,,,,,,,,,,,
291,tx,139731,0,0,RUNNING,,,,,,,,,,,,,,
292,tx,139863,0,0,RUNNING,,,,,,,,,,,,,,
293,tx,139904,0,0,RUNNING,,,,,,,,,,,,,,
294,rx,139924,118511139,1,RUNNING,85,-65,8,,,,,,,,,,,
295,tx,139924,0,0,RUNNING,,,,,,,,,,,,,,
296,tx,139964,0,0,RUNNING,,,,,,,,,,,,,,
297,rx,140117,118711141,1,RUNNING,86,-65,9,,,,,,,,,,,
298,tx,140117,0,0,RUNNING,,,,,,,,,,,,,,
299,tx,140157,0,0,RUNNING,,,,,,,,,,,,,,
300,tx,140217,0,0,RUNNING,,,,,,,,,,,,,,
301,rx,140371,118911143,1,RUNNING,87,-65,9,,,,,,,,,,,
302,tx,140371,0,0,RUNNING,,,,,,,,,,,,,,
303,stats,140371,8844,0,RUNNING,,0,0,195,83,0,0,0,0,0,83,0,0,
304,tx,140411,0,0,RUNNING,,,,,,,,,,,,,,
305,rx,140625,119111143,1,RUNNING,88,-65,9,,,,,,,,,,,
306,tx,140625,0,0,RUNNING,,,,,,,,,,,,,,
307,tx,140705,0,0,RUNNING,,,,,,,,,,,,,,
308,rx,140725,119311148,1,RUNNING,89,-65,9,,,,,,,,,,,
309,tx,140725,0,0,RUNNING,,,,,,,,,,,,,,
310,tx,140878,0,0,RUNNING,,,,,,,,,,,,,,
311,rx,140919,119511148,1,RUNNING,90,-65,9,,,,,,,,,,,
312,tx,140919,0,0,RUNNING,,,,,,,,,,,,,,
313,tx,140959,0,0,RUNNING,,,,,,,,,,,,,,
314,rx,141132,119711136,1,RUNNING,91,-65,8,,,,,,,,,,,
315,tx,141132,0,0,RUNNING,,,,,,,,,,,,,,
316,tx,141172,0,0,RUNNING,,,,,,,,,,,,,,
317,tx,141212,0,0,RUNNING,,,,,,,,,,,,,,
318,rx,141385,119911142,1,RUNNING,92,-65,9,,,,,,,,,,,
319,tx,141385,0,0,RUNNING,,,,,,,,,,,,,,
320,stats,141385,8843,0,RUNNING,,0,0,200,88,0,0,0,0,0,88,0,0,
321,tx,141405,0,0,RUNNING,,,,,,,,,,,,,,
322,tx,141506,0,0,RUNNING,,,,,,,,,,,,,,
323,rx,141639,120111099,1,RUNNING,93,-66,9,,,,,,,,,,,
324,tx,141639,0,0,RUNNING,,,,,,,,,,,,,,
325,rx,141720,120311147,1,RUNNING,94,-66,9,,,,,,,,,,,
326,tx,141720,0,0,RUNNING,,,,,,,,,,,,,,
327,tx,141760,0,0,RUNNING,,,,,,,,,,,,,,
328,tx,141899,0,0,RUNNING,,,,,,,,,,,,,,
329,rx,141919,120511149,1,RUNNING,95,-66,8,,,,,,,,,,,
330,tx,141919,0,0,RUNNING,,,,,,,,,,,,,,
331,tx,141959,0,0,RUNNING,,,,,,,,,,,,,,
332,tx,142020,0,0,RUNNING,,,,,,,,,,,,,,
333,rx,142153,120711149,1,RUNNING,96,-65,9,,,,,,,,,,,
334,tx,142153,0,0,RUNNING,,,,,,,,,,,,,,
335,tx,142213,0,0,RUNNING,,,,,,,,,,,,,,
336,rx,142406,120911149,1,RUNNING,97,-66,9,,,,,,,,,,,
337,tx,142406,0,0,RUNNING,,,,,,,,,,,,,,
338,stats,142406,8850,0,RUNNING,,0,0,205,93,0,0,0,0,0,93,0,0,
339,tx,142507,0,0,RUNNING,,,,,,,,,,,,,,
340,rx,142527,121111150,1,RUNNING,98,-66,9,,,,,,,,,,,
341,tx,142527,0,0,RUNNING,,,,,,,,,,,,,,
342,tx,142660,0,0,RUNNING,,,,,,,,,,,,,,
343,rx,142720,121311150,1,RUNNING,99,-66,9,,,,,,,,,,,
344,tx,142720,0,0,RUNNING,,,,,,,,,,,,,,
345,tx,142761,0,0,RUNNING,,,,,,,,,,,,,,
346,rx,142914,121511150,1,RUNNING,100,-66,9,,,,,,,,,,,
347,tx,142914,0,0,RUNNING,,,,,,,,,,,,,,
348,tx,142954,0,0,RUNNING,,,,,,,,,,,,,,
349,tx,143014,0,0,RUNNING,,,,,,,,,,,,,,
350,rx,143167,121711147,1,RUNNING,101,-66,9,,,,,,,,,,,
351,tx,143167,0,0,RUNNING,,,,,,,,,,,,,,
352,tx,143207,0,0,RUNNING,,,,,,,,,,,,,,
353,rx,143421,121911108,1,RUNNING,102,-65,9,,,,,,,,,,,
354,tx,143421,0,0,RUNNING,,,,,,,,,,,,,,
355,stats,143421,8809,0,RUNNING,,0,0,210,98,0,0,0,0,0,98,0,0,
356,rx,143522,122111143,1,RUNNING,103,-66,8,,,,,,,,,,,
357,tx,143522,0,0,RUNNING,,,,,,,,,,,,,,
358,tx,143676,0,0,RUNNING,,,,,,,,,,,,,,
359,rx,143716,122311145,1,RUNNING,104,-65,9,,,,,,,,,,,
360,tx,143716,0,0,RUNNING,,,,,,,,,,,,,,
361,tx,143756,0,0,RUNNING,,,,,,,,,,,,,,
362,rx,143930,122511168,1,RUNNING,105,-66,8,,,,,,,,,,,
363,tx,143930,0,0,RUNNING,,,,,,,,,,,,,,
364,tx,143970,0,0,RUNNING,,,,,,,,,,,,,,
365,tx,144010,0,0,RUNNING,,,,,,,,,,,,,,
366,rx,144184,122711145,1,RUNNING,106,-66,9,,,,,,,,,,,
367,tx,144184,0,0,RUNNING,,,,,,,,,,,,,,
368,tx,144204,0,0,RUNNING,,,,,,,,,,,,,,
369,tx,144305,0,0,RUNNING,,,,,,,,,,,,,,
370,rx,144438,122911101,1,RUNNING,107,-65,9,,,,,,,,,,,
371,tx,144438,0,0,RUNNING,,,,,,,,,,,,,,
372,stats,144438,8802,0,RUNNING,,0,0,215,103,0,0,0,0,0,103,0,0,
373,rx,144519,123111147,1,RUNNING,108,-66,9,,,,,,,,,,,
374,tx,144519,0,0,RUNNING,,,,,,,,,,,,,,
375,tx,144559,0,0,RUNNING,,,,,,,,,,,,,,
376,tx,144699,0,0,RUNNING,,,,,,,,,,,,,,
377,rx,144719,123311149,1,RUNNING,109,-66,8,,,,,,,,,,,
378,tx,144719,0,0,RUNNING,,,,,,,,,,,,,,
379,tx,144759,0,0,RUNNING,,,,,,,,,,,,,,
380,tx,144819,0,0,RUNNING,,,,,,,,,,,,,,
381,rx,144953,123511150,1,RUNNING,110,-66,9,,,,,,,,,,,
382,tx,144953,0,0,RUNNING,,,,,,,,,,,,,,
383,tx,145013,0,0,RUNNING,,,,,,,,,,,,,,
384,rx,145207,123711145,1,RUNNING,111,-66,9,,,,,,,,,,,
385,tx,145207,0,0,RUNNING,,,,,,,,,,,,,,
386,tx,145307,0,0,RUNNING,,,,,,,,,,,,,,
387,rx,145327,123911148,1,RUNNING,112,-65,9,,,,,,,,,,,
388,tx,145327,0,0,RUNNING,,,,,,,,,,,,,,
389,tx,145461,0,0,RUNNING,,,,,,,,,,,,,,
390,stats,145461,8291,0,RUNNING,,0,0,221,108,0,0,0,0,0,108,0,0,
391,rx,145521,124111150,1,RUNNING,113,-66,9,,,,,,,,,,,
392,tx,145521,0,0,RUNNING,,,,,,,,,,,,,,
393,tx,145562,0,0,RUNNING,,,,,,,,,,,,,,
394,rx,145715,124311150,1,RUNNING,114,-66,8,,,,,,,,,,,
395,tx,145715,0,0,RUNNING,,,,,,,,,,,,,,
396,tx,145755,0,0,RUNNING,,,,,,,,,,,,,,
397,tx,145816,0,0,RUNNING,,,,,,,,,,,,,,
398,rx,145969,124511113,1,RUNNING,115,-66,9,,,,,,,,,,,
399,tx,145969,0,0,RUNNING,,,,,,,,,,,,,,
400,tx,146010,0,0,RUNNING,,,,,,,,,,,,,,
401,rx,146224,124711105,1,RUNNING,116,-66,9,,,,,,,,,,,
402,tx,146224,0,0,RUNNING,,,,,,,,,,,,,,
403,tx,146304,0,0,RUNNING,,,,,,,,,,,,,,
404,rx,146325,124911142,1,RUNNING,117,-66,9,,,,,,,,,,,
405,tx,146325,0,0,RUNNING,,,,,,,,,,,,,,
406,tx,146478,0,0,RUNNING,,,,,,,,,,,,,,
407,stats,146478,8292,0,RUNNING,,0,0,226,113,0,0,0,0,0,113,0,0,
408,rx,146518,125111146,1,RUNNING,118,-65,9,,,,,,,,,,,
409,tx,146518,0,0,RUNNING,,,,,,,,,,,,,,
410,tx,146558,0,0,RUNNING,,,,,,,,,,,,,,
411,rx,146732,125311149,1,RUNNING,119,-66,9,,,,,,,,,,,
412,tx,146732,0,0,RUNNING,,,,,,,,,,,,,,
413,tx,146772,0,0,RUNNING,,,,,,,,,,,,,,
414,tx,146812,0,0,RUNNING,,,,,,,,,,,,,,
415,rx,146986,125511107,1,RUNNING,120,-66,8,,,,,,,,,,,
416,tx,146986,0,0,RUNNING,,,,,,,,,,,,,,
417,tx,147006,0,0,RUNNING,,,,,,,,,,,,,,
418,tx,147107,0,0,RUNNING,,,,,,,,,,,,,,
419,rx,147240,125711155,1,RUNNING,121,-66,8,,,,,,,,,,,
420,tx,147240,0,0,RUNNING,,,,,,,,,,,,,,
421,rx,147321,125911162,1,RUNNING,122,-66,9,,,,,,,,,,,
422,tx,147321,0,0,RUNNING,,,,,,,,,,,,,,
423,tx,147361,0,0,RUNNING,,,,,,,,,,,,,,
424,tx,147501,0,0,RUNNING,,,,,,,,,,,,,,
425,stats,147501,8271,0,RUNNING,,0,0,231,118,0,0,0,0,0,118,0,0,
426,rx,147522,126111157,1,RUNNING,123,-66,8,,,,,,,,,,,
427,tx,147522,0,0,RUNNING,,,,,,,,,,,,,,
428,tx,147562,0,0,RUNNING,,,,,,,,,,,,,,
429,tx,147622,0,0,RUNNING,,,,,,,,,,,,,,
430,rx,147756,126311135,1,RUNNING,124,-65,8,,,,,,,,,,,
431,tx,147756,0,0,RUNNING,,,,,,,,,,,,,,
432,tx,147816,0,0,RUNNING,,,,,,,,,,,,,,
433,rx,148011,126511129,1,RUNNING,125,-66,9,,,,,,,,,,,
434,tx,148011,0,0,RUNNING,,,,,,,,,,,,,,
435,tx,148111,0,0,RUNNING,,,,,,,,,,,,,,
436,rx,148131,126711144,1,RUNNING,126,-66,9,,,,,,,,,,,
437,tx,148131,0,0,RUNNING,,,,,,,,,,,,,,
438,tx,148265,0,0,RUNNING,,,,,,,,,,,,,,
439,tx,148305,0,0,RUNNING,,,,,,,,,,,,,,
440,rx,148325,126911136,1,RUNNING,127,-66,8,,,,,,,,,,,
441,tx,148325,0,0,RUNNING,,,,,,,,,,,,,,
442,tx,148366,0,0,RUNNING,,,,,,,,,,,,,,
443,rx,148519,127111147,1,RUNNING,128,-66,9,,,,,,,,,,,
444,tx,148519,0,0,RUNNING,,,,,,,,,,,,,,
445,stats,148519,8848,0,RUNNING,,0,0,236,124,0,0,0,0,0,124,0,0,
446,tx,148559,0,0,RUNNING,,,,,,,,,,,,,,
447,tx,148620,0,0,RUNNING,,,,,,,,,,,,,,
448,rx,148774,127311134,1,RUNNING,129,-66,8,,,,,,,,,,,
449,tx,148774,0,0,RUNNING,,,,,,,,,,,,,,
450,tx,148814,0,0,RUNNING,,,,,,,,,,,,,,
451,rx,149028,127511142,1,RUNNING,130,-65,8,,,,,,,,,,,
452,tx,149028,0,0,RUNNING,,,,,,,,,,,,,,
453,tx,149108,0,0,RUNNING,,,,,,,,,,,,,,
454,rx,149128,127711140,1,RUNNING,131,-66,9,,,,,,,,,,,
455,tx,149128,0,0,RUNNING,,,,,,,,,,,,,,
456,tx,149282,0,0,RUNNING,,,,,,,,,,,,,,
457,rx,149322,127911144,1,RUNNING,132,-65,9,,,,,,,,,,,
458,tx,149322,0,0,RUNNING,,,,,,,,,,,,,,
459,tx,149362,0,0,RUNNING,,,,,,,,,,,,,,
460,tx,149403,0,0,RUNNING,,,,,,,,,,,,,,
461,rx,149536,128111147,1,RUNNING,133,-66,9,,,,,,,,,,,
462,tx,149536,0,0,RUNNING,,,,,,,,,,,,,,
463,stats,149536,8848,0,RUNNING,,0,0,241,129,0,0,0,0,0,129,0,0,
464,tx,149556,0,0,RUNNING,,,,,,,,,,,,,,
465,tx,149617,0,0,RUNNING,,,,,,,,,,,,,,
466,rx,149791,128311100,1,RUNNING,134,-66,8,,,,,,,,,,,
467,tx,149791,0,0,RUNNING,,,,,,,,,,,,,,
468,tx,149811,0,0,RUNNING,,,,,,,,,,,,,,
469,tx,149911,0,0,RUNNING,,,,,,,,,,,,,,
470,rx,150045,128511109,1,RUNNING,135,-66,9,,,,,,,,,,,
471,tx,150045,0,0,RUNNING,,,,,,,,,,,,,,
472,tx,150105,0,0,RUNNING,,,,,,,,,,,,,,
473,rx,150125,128711148,1,RUNNING,136,-65,9,,,,,,,,,,,
474,tx,150125,0,0,RUNNING,,,,,,,,,,,,,,
475,tx,150166,0,0,RUNNING,,,,,,,,,,,,,,
476,tx,150299,0,0,RUNNING,,,,,,,,,,,,,,
477,rx,150319,128911147,1,RUNNING,137,-66,9,,,,,,,,,,,
478,tx,150319,0,0,RUNNING,,,,,,,,,,,,,,
479,tx,150359,0,0,RUNNING,,,,,,,,,,,,,,
480,tx,150420,0,0,RUNNING,,,,,,,,,,,,,,
481,rx,150553,129111147,1,RUNNING,138,-65,8,,,,,,,,,,,
482,tx,150553,0,0,RUNNING,,,,,,,,,,,,,,
483,stats,150553,8848,0,RUNNING,,0,0,246,134,0,0,0,0,0,134,0,0,
484,tx,150614,0,0,RUNNING,,,,,,,,,,,,,,
485,rx,150807,129311149,1,RUNNING,139,-65,9,,,,,,,,,,,
486,tx,150807,0,0,RUNNING,,,,,,,,,,,,,,
487,tx,150908,0,0,RUNNING,,,,,,,,,,,,,,
488,rx,150928,129511136,1,RUNNING,140,-66,8,,,,,,,,,,,
489,tx,150928,0,0,RUNNING,,,,,,,,,,,,,,
490,tx,151061,0,0,RUNNING,,,,,,,,,,,,,,
491,rx,151122,129711150,1,RUNNING,141,-66,9,,,,,,,,,,,
492,tx,151122,0,0,RUNNING,,,,,,,,,,,,,,
493,tx,151162,0,0,RUNNING,,,,,,,,,,,,,,
494,rx,151316,129911150,1,RUNNING,142,-66,9,,,,,,,,,,,
495,tx,151316,0,0,RUNNING,,,,,,,,,,,,,,
496,tx,151356,0,0,RUNNING,,,,,,,,,,,,,,
497,tx,151416,0,0,RUNNING,,,,,,,,,,,,,,
498,rx,151570,130111113,1,RUNNING,143,-66,8,,,,,,,,,,,
499,tx,151570,0,0,RUNNING,,,,,,,,,,,,,,
500,stats,151570,8814,0,RUNNING,,0,0,251,139,0,0,0,0,0,139,0,0,
501,tx,151610,0,0,RUNNING,,,,,,,,,,,,,,
502,rx,151824,130311130,1,RUNNING,144,-66,8,,,,,,,,,,,
503,tx,151824,0,0,RUNNING,,,,,,,,,,,,,,
504,tx,151905,0,0,RUNNING,,,,,,,,,,,,,,
505,rx,151925,130511141,1,RUNNING,145,-66,9,,,,,,,,,,,
506,tx,151925,0,0,RUNNING,,,,,,,,,,,,,,
507,tx,152078,0,0,RUNNING,,,,,,,,,,,,,,
508,rx,152118,130711144,1,RUNNING,146,-66,9,,,,,,,,,,,
509,tx,152119,0,0,RUNNING,,,,,,,,,,,,,,
510,tx,152159,0,0,RUNNING,,,,,,,,,,,,,,
511,rx,152333,130911135,1,RUNNING,147,-66,8,,,,,,,,,,,
512,tx,152333,0,0,RUNNING,,,,,,,,,,,,,,
513,tx,152353,0,0,RUNNING,,,,,,,,,,,,,,
514,tx,152413,0,0,RUNNING,,,,,,,,,,,,,,
515,rx,152587,131111148,1,RUNNING,148,-66,8,,,,,,,,,,,
516,tx,152587,0,0,RUNNING,,,,,,,,,,,,,,
517,stats,152587,8849,0,RUNNING,,0,0,256,144,0,0,0,0,0,144,0,0,
518,tx,152607,0,0,RUNNING,,,,,,,,,,,,,,
519,tx,152707,0,0,RUNNING,,,,,,,,,,,,,,
520,rx,152847,131311145,1,RUNNING,149,-66,8,,,,,,,,,,,
521,tx,152847,0,0,RUNNING,,,,,,,,,,,,,,
522,tx,152907,0,0,RUNNING,,,,,,,,,,,,,,
523,rx,152928,131511146,1,RUNNING,150,-66,9,,,,,,,,,,,
524,tx,152928,0,0,RUNNING,,,,,,,,,,,,,,
525,tx,152968,0,0,RUNNING,,,,,,,,,,,,,,
526,tx,153102,0,0,RUNNING,,,,,,,,,,,,,,
527,rx,153122,131711147,1,RUNNING,151,-66,8,,,,,,,,,,,
528,tx,153122,0,0,RUNNING,,,,,,,,,,,,,,
529,tx,153162,0,0,RUNNING,,,,,,,,,,,,,,
530,tx,153222,0,0,RUNNING,,,,,,,,,,,,,,
531,rx,153356,131911110,1,RUNNING,152,-66,9,,,,,,,,,,,
532,tx,153356,0,0,RUNNING,,,,,,,,,,,,,,
533,tx,153417,0,0,RUNNING,,,,,,,,,,,,,,
534,rx,153611,132111122,1,RUNNING,153,-65,8,,,,,,,,,,,
535,tx,153611,0,0,RUNNING,,,,,,,,,,,,,,
536,stats,153611,8823,0,RUNNING,,0,0,261,149,0,0,0,0,0,149,0,0,
537,tx,153712,0,0,RUNNING,,,,,,,,,,,,,,
538,rx,153732,132311131,1,RUNNING,154,-66,9,,,,,,,,,,,
539,tx,153732,0,0,RUNNING,,,,,,,,,,,,,,
540,tx,153865,0,0,RUNNING,,,,,,,,,,,,,,
541,tx,153906,0,0,RUNNING,,,,,,,,,,,,,,
542,rx,153926,132511146,1,RUNNING,155,-66,9,,,,,,,,,,,
543,tx,153926,0,0,RUNNING,,,,,,,,,,,,,,
544,tx,153966,0,0,RUNNING,,,,,,,,,,,,,,
545,rx,154120,132711146,1,RUNNING,156,-65,8,,,,,,,,,,,
546,tx,154120,0,0,RUNNING,,,,,,,,,,,,,,
547,tx,154160,0,0,RUNNING,,,,,,,,,,,,,,
548,tx,154220,0,0,RUNNING,,,,,,,,,,,,,,
549,rx,154374,132911135,1,RUNNING,157,-66,9,,,,,,,,,,,
550,tx,154374,0,0,RUNNING,,,,,,,,,,,,,,
551,tx,154415,0,0,RUNNING,,,,,,,,,,,,,,
552,rx,154628,133111071,1,RUNNING,158,-66,9,,,,,,,,,,,
553,tx,154628,0,0,RUNNING,,,,,,,,,,,,,,
554,stats,154628,8772,0,RUNNING,,0,0,266,154,0,0,0,0,0,154,0,0,
555,tx,154709,0,0,RUNNING,,,,,,,,,,,,,,
556,rx,154729,133311134,1,RUNNING,159,-66,8,,,,,,,,,,,
557,tx,154729,0,0,RUNNING,,,,,,,,,,,,,,
558,tx,154882,0,0,RUNNING,,,,,,,,,,,,,,
559,rx,154922,133511141,1,RUNNING,160,-66,9,,,,,,,,,,,
560,tx,154923,0,0,RUNNING,,,,,,,,,,,,,,
561,tx,154963,0,0,RUNNING,,,,,,,,,,,,,,
562,tx,155003,0,0,RUNNING,,,,,,,,,,,,,,
563,rx,155136,133711145,1,RUNNING,161,-66,8,,,,,,,,,,,
564,tx,155136,0,0,RUNNING,,,,,,,,,,,,,,
565,tx,155157,0,0,RUNNING,,,,,,,,,,,,,,
566,tx,155217,0,0,RUNNING,,,,,,,,,,,,,,
567,rx,155391,133911146,1,RUNNING,162,-65,8,,,,,,,,,,,
568,tx,155391,0,0,RUNNING,,,,,,,,,,,,,,
569,tx,155411,0,0,RUNNING,,,,,,,,,,,,,,
570,tx,155512,0,0,RUNNING,,,,,,,,,,,,,,
571,rx,155645,134111166,1,RUNNING,163,-66,9,,,,,,,,,,,
572,tx,155645,0,0,RUNNING,,,,,,,,,,,,,,
573,stats,155645,8867,0,RUNNING,,0,0,271,159,0,0,0,0,0,159,0,0,
574,tx,155705,0,0,RUNNING,,,,,,,,,,,,,,
575,rx,155726,134311149,1,RUNNING,164,-66,9,,,,,,,,,,,
576,tx,155726,0,0,RUNNING,,,,,,,,,,,,,,
577,tx,155766,0,0,RUNNING,,,,,,,,,,,,,,
578,tx,155899,0,0,RUNNING,,,,,,,,,,,,,,
579,rx,155919,134511149,1,RUNNING,165,-66,9,,,,,,,,,,,
580,tx,155919,0,0,RUNNING,,,,,,,,,,,,,,
581,tx,155960,0,0,RUNNING,,,,,,,,,,,,,,
582,tx,156020,0,0,RUNNING,,,,,,,,,,,,,,
583,rx,156153,134711149,1,RUNNING,166,-66,9,,,,,,,,,,,
584,tx,156153,0,0,RUNNING,,,,,,,,,,,,,,
585,tx,156214,0,0,RUNNING,,,,,,,,,,,,,,
586,rx,156407,134911110,1,RUNNING,167,-65,9,,,,,,,,,,,
587,tx,156407,0,0,RUNNING,,,,,,,,,,,,,,
588,tx,156508,0,0,RUNNING,,,,,,,,,,,,,,
589,rx,156528,135111146,1,RUNNING,168,-66,8,,,,,,,,,,,
590,tx,156528,0,0,RUNNING,,,,,,,,,,,,,,
591,tx,156662,0,0,RUNNING,,,,,,,,,,,,,,
592,stats,156662,8290,0,RUNNING,,0,0,277,164,0,0,0,0,0,164,0,0,
593,rx,156722,135311148,1,RUNNING,169,-66,8,,,,,,,,,,,
594,tx,156722,0,0,RUNNING,,,,,,,,,,,,,,
595,tx,156762,0,0,RUNNING,,,,,,,,,,,,,,
596,rx,156916,135511147,1,RUNNING,170,-66,8,,,,,,,,,,,
597,tx,156916,0,0,RUNNING,,,,,,,,,,,,,,
598,tx,156956,0,0,RUNNING,,,,,,,,,,,,,,
599,tx,157016,0,0,RUNNING,,,,,,,,,,,,,,
600,rx,157170,135711070,1,RUNNING,171,-65,8,,,,,,,,,,,
601,tx,157170,0,0,RUNNING,,,,,,,,,,,,,,
602,tx,157210,0,0,RUNNING,,,,,,,,,,,,,,
603,rx,157424,135911136,1,RUNNING,172,-66,8,,,,,,,,,,,
604,tx,157425,0,0,RUNNING,,,,,,,,,,,,,,
605,tx,157505,0,0,RUNNING,,,,,,,,,,,,,,
606,rx,157525,136111142,1,RUNNING,173,-65,9,,,,,,,,,,,
607,tx,157525,0,0,RUNNING,,,,,,,,,,,,,,
608,tx,157678,0,0,RUNNING,,,,,,,,,,,,,,
609,stats,157678,8292,0,RUNNING,,0,0,282,169,0,0,0,0,0,169,0,0,
610,rx,157719,136311145,1,RUNNING,174,-66,8,,,,,,,,,,,
611,tx,157719,0,0,RUNNING,,,,,,,,,,,,,,
612,tx,157759,0,0,RUNNING,,,,,,,,,,,,,,
613,rx,157933,136511132,1,RUNNING,175,-66,9,,,,,,,,,,,
614,tx,157933,0,0,RUNNING,,,,,,,,,,,,,,
615,tx,157953,0,0,RUNNING,,,,,,,,,,,,,,
616,tx,158013,0,0,RUNNING,,,,,,,,,,,,,,
617,rx,158187,136711147,1,RUNNING,176,-65,9,,,,,,,,,,,
618,tx,158187,0,0,RUNNING,,,,,,,,,,,,,,
619,tx,158207,0,0,RUNNING,,,,,,,,,,,,,,
620,tx,158307,0,0,RUNNING,,,,,,,,,,,,,,
621,rx,158441,136911149,1,RUNNING,177,-66,9,,,,,,,,,,,
622,tx,158441,0,0,RUNNING,,,,,,,,,,,,,,
623,rx,158521,137111149,1,RUNNING,178,-66,9,,,,,,,,,,,
624,tx,158521,0,0,RUNNING,,,,,,,,,,,,,,
625,tx,158562,0,0,RUNNING,,,,,,,,,,,,,,
626,tx,158695,0,0,RUNNING,,,,,,,,,,,,,,
627,stats,158695,8293,0,RUNNING,,0,0,287,174,0,0,0,0,0,174,0,0,
628,rx,158715,137311151,1,RUNNING,179,-65,8,,,,,,,,,,,
629,tx,158715,0,0,RUNNING,,,,,,,,,,,,,,
630,tx,158755,0,0,RUNNING,,,,,,,,,,,,,,
631,tx,158816,0,0,RUNNING,,,,,,,,,,,,,,
632,rx,158956,137511136,1,RUNNING,180,-66,9,,,,,,,,,,,
633,tx,158956,0,0,RUNNING,,,,,,,,,,,,,,
634,tx,159016,0,0,RUNNING,,,,,,,,,,,,,,
635,rx,159210,137711099,1,RUNNING,181,-66,9,,,,,,,,,,,
636,tx,159210,0,0,RUNNING,,,,,,,,,,,,,,
637,tx,159311,0,0,RUNNING,,,,,,,,,,,,,,
638,rx,159331,137911146,1,RUNNING,182,-66,9,,,,,,,,,,,
639,tx,159331,0,0,RUNNING,,,,,,,,,,,,,,
640,tx,159471,0,0,RUNNING,,,,,,,,,,,,,,
641,tx,159511,0,0,RUNNING,,,,,,,,,,,,,,
642,rx,159531,138111148,1,RUNNING,183,-65,9,,,,,,,,,,,
643,tx,159531,0,0,RUNNING,,,,,,,,,,,,,,
644,tx,159571,0,0,RUNNING,,,,,,,,,,,,,,
645,rx,159725,138311148,1,RUNNING,184,-65,8,,,,,,,,,,,
646,tx,159725,0,0,RUNNING,,,,,,,,,,,,,,
647,stats,159725,8849,0,RUNNING,,0,0,292,180,0,0,0,0,0,180,0,0,
648,tx,159766,0,0,RUNNING,,,,,,,,,,,,,,
649,tx,159806,0,0,RUNNING,,,,,,,,,,,,,,
650,rx,159980,138511082,1,RUNNING,185,-66,9,,,,,,,,,,,
651,tx,159980,0,0,RUNNING,,,,,,,,,,,,,,
652,tx,160020,0,0,RUNNING,,,,,,,,,,,,,,
653,rx,160234,138711140,1,RUNNING,186,-66,8,,,,,,,,,,,
654,tx,160234,0,0,RUNNING,,,,,,,,,,,,,,
655,rx,160314,138911145,1,RUNNING,187,-66,9,,,,,,,,,,,
656,tx,160315,0,0,RUNNING,,,,,,,,,,,,,,
657,tx,160355,0,0,RUNNING,,,,,,,,,,,,,,
658,tx,160488,0,0,RUNNING,,,,,,,,,,,,,,
659,tx,160508,0,0,RUNNING,,,,,,,,,,,,,,
660,rx,160528,139111148,1,RUNNING,188,-66,8,,,,,,,,,,,
661,tx,160528,0,0,RUNNING,,,,,,,,,,,,,,
662,tx,160569,0,0,RUNNING,,,,,,,,,,,,,,
663,tx,160609,0,0,RUNNING,,,,,,,,,,,,,,
664,rx,160749,139311130,1,RUNNING,189,-65,8,,,,,,,,,,,
665,tx,160749,0,0,RUNNING,,,,,,,,,,,,,,
666,stats,160749,8831,0,RUNNING,,0,0,297,185,0,0,0,0,0,185,0,0,
667,tx,160769,0,0,RUNNING,,,,,,,,,,,,,,
668,tx,160809,0,0,RUNNING,,,,,,,,,,,,,,
669,rx,161003,139511149,1,RUNNING,190,-66,8,,,,,,,,,,,
670,tx,161003,0,0,RUNNING,,,,,,,,,,,,,,
671,tx,161103,0,0,RUNNING,,,,,,,,,,,,,,
672,rx,161124,139711151,1,RUNNING,191,-66,9,,,,,,,,,,,
673,tx,161124,0,0,RUNNING,,,,,,,,,,,,,,
674,tx,161257,0,0,RUNNING,,,,,,,,,,,,,,
675,rx,161317,139911150,1,RUNNING,192,-65,9,,,,,,,,,,,
676,tx,161317,0,0,RUNNING,,,,,,,,,,,,,,
677,tx,161357,0,0,RUNNING,,,,,,,,,,,,,,
678,tx,161511,0,0,RUNNING,,,,,,,,,,,,,,
679,rx,161531,140111148,1,RUNNING,193,-66,9,,,,,,,,,,,
680,tx,161531,0,0,RUNNING,,,,,,,,,,,,,,
681,tx,161571,0,0,RUNNING,,,,,,,,,,,,,,
682,tx,161612,0,0,RUNNING,,,,,,,,,,,,,,
683,rx,161766,140311122,1,RUNNING,194,-66,9,,,,,,,,,,,
684,tx,161766,0,0,RUNNING,,,,,,,,,,,,,,
685,stats,161766,8823,0,RUNNING,,0,0,302,190,0,0,0,0,0,190,0,0,
686,tx,161806,0,0,RUNNING,,,,,,,,,,,,,,
687,rx,162019,140511095,1,RUNNING,195,-66,9,,,,,,,,,,,
688,tx,162019,0,0,RUNNING,,,,,,,,,,,,,,
689,rx,162120,140711143,1,RUNNING,196,-66,9,,,,,,,,,,,
690,tx,162120,0,0,RUNNING,,,,,,,,,,,,,,
691,tx,162274,0,0,RUNNING,,,,,,,,,,,,,,
692,rx,162314,140911146,1,RUNNING,197,-66,8,,,,,,,,,,,
693,tx,162314,0,0,RUNNING,,,,,,,,,,,,,,
694,tx,162354,0,0,RUNNING,,,,,,,,,,,,,,
695,rx,162528,141111127,1,RUNNING,198,-65,9,,,,,,,,,,,
696,tx,162528,0,0,RUNNING,,,,,,,,,,,,,,
697,tx,162568,0,0,RUNNING,,,,,,,,,,,,,,
698,tx,162608,0,0,RUNNING,,,,,,,,,,,,,,
699,rx,162782,141311095,1,RUNNING,199,-66,9,,,,,,,,,,,
700,tx,162782,0,0,RUNNING,,,,,,,,,,,,,,
701,stats,162782,8796,0,RUNNING,,0,0,307,195,0,0,0,0,0,195,0,0,
702,tx,162822,0,0,RUNNING,,,,,,,,,,,,,,
703,rx,163036,141511142,1,RUNNING,200,-65,9,,,,,,,,,,,
704,tx,163036,0,0,RUNNING,,,,,,,,,,,,,,
705,rx,163117,141711145,1,RUNNING,201,-66,9,,,,,,,,,,,
706,tx,163117,0,0,RUNNING,,,,,,,,,,,,,,
707,tx,163157,0,0,RUNNING,,,,,,,,,,,,,,
708,tx,163291,0,0,RUNNING,,,,,,,,,,,,,,
709,tx,163311,0,0,RUNNING,,,,,,,,,,,,,,
710,rx,163331,141911148,1,RUNNING,202,-65,9,,,,,,,,,,,
711,tx,163331,0,0,RUNNING,,,,,,,,,,,,,,
712,tx,163371,0,0,RUNNING,,,,,,,,,,,,,,
713,tx,163411,0,0,RUNNING,,,,,,,,,,,,,,
714,rx,163545,142111125,1,RUNNING,203,-66,9,,,,,,,,,,,
715,tx,163545,0,0,RUNNING,,,,,,,,,,,,,,
716,tx,163565,0,0,RUNNING,,,,,,,,,,,,,,
717,tx,163605,0,0,RUNNING,,,,,,,,,,,,,,
718,rx,163799,142311117,1,RUNNING,204,-66,9,,,,,,,,,,,
719,tx,163799,0,0,RUNNING,,,,,,,,,,,,,,
720,stats,163799,8818,0,RUNNING,,0,0,312,200,0,0,0,0,0,200,0,0,
721,tx,163819,0,0,RUNNING,,,,,,,,,,,,,,
722,rx,163920,142511139,1,RUNNING,205,-65,9,,,,,,,,,,,
723,tx,163920,0,0,RUNNING,,,,,,,,,,,,,,
724,tx,164053,0,0,RUNNING,,,,,,,,,,,,,,
725,rx,164113,142711141,1,RUNNING,206,-66,9,,,,,,,,,,,
726,tx,164113,0,0,RUNNING,,,,,,,,,,,,,,
727,tx,164154,0,0,RUNNING,,,,,,,,,,,,,,
728,tx,164307,0,0,RUNNING,,,,,,,,,,,,,,
729,rx,164327,142911146,1,RUNNING,207,-66,8,,,,,,,,,,,
730,tx,164327,0,0,RUNNING,,,,,,,,,,,,,,
731,tx,164367,0,0,RUNNING,,,,,,,,,,,,,,
732,tx,164408,0,0,RUNNING,,,,,,,,,,,,,,
733,rx,164562,143111146,1,RUNNING,208,-66,9,,,,,,,,,,,
734,tx,164562,0,0,RUNNING,,,,,,,,,,,,,,
735,tx,164622,0,0,RUNNING,,,,,,,,,,,,,,
736,rx,164816,143311147,1,RUNNING,209,-66,9,,,,,,,,,,,
737,tx,164816,0,0,RUNNING,,,,,,,,,,,,,,
738,stats,164816,8848,0,RUNNING,,0,0,317,205,0,0,0,0,0,205,0,0,
739,rx,164916,143511147,1,RUNNING,210,-66,8,,,,,,,,,,,
740,tx,164917,0,0,RUNNING,,,,,,,,,,,,,,
741,tx,165070,0,0,RUNNING,,,,,,,,,,,,,,
742,tx,165110,0,0,RUNNING,,,,,,,,,,,,,,
743,rx,165130,143711149,1,RUNNING,211,-65,8,,,,,,,,,,,
744,tx,165130,0,0,RUNNING,,,,,,,,,,,,,,
745,tx,165171,0,0,RUNNING,,,,,,,,,,,,,,
746,rx,165325,143911149,1,RUNNING,212,-65,9,,,,,,,,,,,
747,tx,165325,0,0,RUNNING,,,,,,,,,,,,,,
748,tx,165365,0,0,RUNNING,,,,,,,,,,,,,,
749,tx,165405,0,0,RUNNING,,,,,,,,,,,,,,
750,rx,165579,144111136,1,RUNNING,213,-66,8,,,,,,,,,,,
751,tx,165579,0,0,RUNNING,,,,,,,,,,,,,,
752,tx,165619,0,0,RUNNING,,,,,,,,,,,,,,
753,rx,165833,144311127,1,RUNNING,214,-65,9,,,,,,,,,,,
754,tx,165833,0,0,RUNNING,,,,,,,,,,,,,,
755,stats,165833,8828,0,RUNNING,,0,0,322,210,0,0,0,0,0,210,0,0,
756,rx,165914,144511145,1,RUNNING,215,-66,8,,,,,,,,,,,
757,tx,165914,0,0,RUNNING,,,,,,,,,,,,,,
758,tx,165954,0,0,RUNNING,,,,,,,,,,,,,,
759,tx,166087,0,0,RUNNING,,,,,,,,,,,,,,
760,tx,166107,0,0,RUNNING,,,,,,,,,,,,,,
761,rx,166128,144711148,1,RUNNING,216,-66,9,,,,,,,,,,,
762,tx,166128,0,0,RUNNING,,,,,,,,,,,,,,
763,tx,166168,0,0,RUNNING,,,,,,,,,,,,,,
764,tx,166208,0,0,RUNNING,,,,,,,,,,,,,,
765,rx,166342,144911147,1,RUNNING,217,-66,8,,,,,,,,,,,
766,tx,166342,0,0,RUNNING,,,,,,,,,,,,,,
767,tx,166362,0,0,RUNNING,,,,,,,,,,,,,,
768,tx,166422,0,0,RUNNING,,,,,,,,,,,,,,
769,rx,166596,145111107,1,RUNNING,218,-65,8,,,,,,,,,,,
770,tx,166596,0,0,RUNNING,,,,,,,,,,,,,,
771,tx,166616,0,0,RUNNING,,,,,,,,,,,,,,
772,rx,166716,145311147,1,RUNNING,219,-66,9,,,,,,,,,,,
773,tx,166716,0,0,RUNNING,,,,,,,,,,,,,,
774,tx,166850,0,0,RUNNING,,,,,,,,,,,,,,
775,stats,166850,8848,0,RUNNING,,0,0,327,215,0,0,0,0,0,215,0,0,
776,tx,166910,0,0,RUNNING,,,,,,,,,,,,,,
777,rx,166930,145511149,1,RUNNING,220,-66,9,,,,,,,,,,,
778,tx,166930,0,0,RUNNING,,,,,,,,,,,,,,
779,tx,166970,0,0,RUNNING,,,,,,,,,,,,,,
780,tx,167104,0,0,RUNNING,,,,,,,,,,,,,,
781,rx,167124,145711136,1,RUNNING,221,-66,8,,,,,,,,,,,
782,tx,167124,0,0,RUNNING,,,,,,,,,,,,,,
783,tx,167164,0,0,RUNNING,,,,,,,,,,,,,,
784,tx,167204,0,0,RUNNING,,,,,,,,,,,,,,
785,rx,167358,145911142,1,RUNNING,222,-65,9,,,,,,,,,,,
786,tx,167358,0,0,RUNNING,,,,,,,,,,,,,,
787,tx,167418,0,0,RUNNING,,,,,,,,,,,,,,
788,rx,167612,146111143,1,RUNNING,223,-66,9,,,,,,,,,,,
789,tx,167612,0,0,RUNNING,,,,,,,,,,,,,,
790,tx,167713,0,0,RUNNING,,,,,,,,,,,,,,
791,rx,167733,146311146,1,RUNNING,224,-66,9,,,,,,,,,,,
792,tx,167733,0,0,RUNNING,,,,,,,,,,,,,,
793,tx,167872,0,0,RUNNING,,,,,,,,,,,,,,
794,stats,167872,8290,0,RUNNING,,0,0,333,220,0,0,0,0,0,220,0,0,
795,tx,167913,0,0,RUNNING,,,,,,,,,,,,,,
796,rx,167933,146511148,1,RUNNING,225,-65,9,,,,,,,,,,,
797,tx,167933,0,0,RUNNING,,,,,,,,,,,,,,
798,tx,167953,0,0,RUNNING,,,,,,,,,,,,,,
799,rx,168127,146711148,1,RUNNING,226,-66,9,,,,,,,,,,,
800,tx,168127,0,0,RUNNING,,,,,,,,,,,,,,
801,tx,168167,0,0,RUNNING,,,,,,,,,,,,,,
802,tx,168207,0,0,RUNNING,,,,,,,,,,,,,,
803,rx,168381,146911112,1,RUNNING,227,-65,8,,,,,,,,,,,
804,tx,168381,0,0,RUNNING,,,,,,,,,,,,,,
805,tx,168421,0,0,RUNNING,,,,,,,,,,,,,,
806,rx,168635,147111135,1,RUNNING,228,-66,8,,,,,,,,,,,
807,tx,168635,0,0,RUNNING,,,,,,,,,,,,,,
808,rx,168716,147311141,1,RUNNING,229,-65,9,,,,,,,,,,,
809,tx,168716,0,0,RUNNING,,,,,,,,,,,,,,
810,tx,168756,0,0,RUNNING,,,,,,,,,,,,,,
811,tx,168890,0,0,RUNNING,,,,,,,,,,,,,,
812,stats,168890,8249,0,RUNNING,,0,0,338,225,0,0,0,0,0,225,0,0,
813,tx,168910,0,0,RUNNING,,,,,,,,,,,,,,
814,rx,168930,147511146,1,RUNNING,230,-65,9,,,,,,,,,,,
815,tx,168930,0,0,RUNNING,,,,,,,,,,,,,,
816,tx,168970,0,0,RUNNING,,,,,,,,,,,,,,
817,tx,169011,0,0,RUNNING,,,,,,,,,,,,,,
818,rx,169144,147711123,1,RUNNING,231,-66,9,,,,,,,,,,,
819,tx,169144,0,0,RUNNING,,,,,,,,,,,,,,
820,tx,169164,0,0,RUNNING,,,,,,,,,,,,,,
821,tx,169204,0,0,RUNNING,,,,,,,,,,,,,,
822,rx,169398,147911117,1,RUNNING,232,-66,8,,,,,,,,,,,
823,tx,169398,0,0,RUNNING,,,,,,,,,,,,,,
824,tx,169419,0,0,RUNNING,,,,,,,,,,,,,,
825,rx,169519,148111139,1,RUNNING,233,-66,8,,,,,,,,,,,
826,tx,169519,0,0,RUNNING,,,,,,,,,,,,,,
827,tx,169653,0,0,RUNNING,,,,,,,,,,,,,,
828,rx,169713,148311143,1,RUNNING,234,-66,9,,,,,,,,,,,
829,tx,169713,0,0,RUNNING,,,,,,,,,,,,,,
830,tx,169753,0,0,RUNNING,,,,,,,,,,,,,,
831,tx,169907,0,0,RUNNING,,,,,,,,,,,,,,
832,stats,169907,8292,0,RUNNING,,0,0,343,230,0,0,0,0,0,230,0,0,
833,rx,169927,148511143,1,RUNNING,235,-66,9,,,,,,,,,,,
834,tx,169927,0,0,RUNNING,,,,,,,,,,,,,,
835,tx,169967,0,0,RUNNING,,,,,,,,,,,,,,
836,tx,170007,0,0,RUNNING,,,,,,,,,,,,,,
837,rx,170161,148711138,1,RUNNING,236,-66,9,,,,,,,,,,,
838,tx,170162,0,0,RUNNING,,,,,,,,,,,,,,
839,tx,170222,0,0,RUNNING,,,,,,,,,,,,,,
840,rx,170416,148911139,1,RUNNING,237,-65,9,,,,,,,,,,,
841,tx,170416,0,0,RUNNING,,,,,,,,,,,,,,
842,rx,170516,149111149,1,RUNNING,238,-65,8,,,,,,,,,,,
843,tx,170516,0,0,RUNNING,,,,,,,,,,,,,,
844,tx,170670,0,0,RUNNING,,,,,,,,,,,,,,
845,tx,170710,0,0,RUNNING,,,,,,,,,,,,,,
846,rx,170730,149311150,1,RUNNING,239,-65,8,,,,,,,,,,,
847,tx,170730,0,0,RUNNING,,,,,,,,,,,,,,
848,tx,170770,0,0,RUNNING,,,,,,,,,,,,,,
849,rx,170924,149511149,1,RUNNING,240,-66,9,,,,,,,,,,,
850,tx,170924,0,0,RUNNING,,,,,,,,,,,,,,
851,stats,170924,8850,0,RUNNING,,0,0,348,236,0,0,0,0,0,236,0,0,
852,tx,170965,0,0,RUNNING,,,,,,,,,,,,,,
853,tx,171005,0,0,RUNNING,,,,,,,,,,,,,,
854,rx,171178,149711142,1,RUNNING,241,-66,9,,,,,,,,,,,
855,tx,171178,0,0,RUNNING,,,,,,,,,,,,,,
856,tx,171219,0,0,RUNNING,,,,,,,,,,,,,,
857,rx,171432,149911131,1,RUNNING,242,-65,9,,,,,,,,,,,
858,tx,171432,0,0,RUNNING,,,,,,,,,,,,,,
859,rx,171513,150111147,1,RUNNING,243,-66,9,,,,,,,,,,,
860,tx,171513,0,0,RUNNING,,,,,,,,,,,,,,
861,tx,171553,0,0,RUNNING,,,,,,,,,,,,,,
862,tx,171686,0,0,RUNNING,,,,,,,,,,,,,,
863,tx,171707,0,0,RUNNING,,,,,,,,,,,,,,
864,rx,171727,150311149,1,RUNNING,244,-66,8,,,,,,,,,,,
865,tx,171727,0,0,RUNNING,,,,,,,,,,,,,,
866,tx,171767,0,0,RUNNING,,,,,,,,,,,,,,
867,tx,171807,0,0,RUNNING,,,,,,,,,,,,,,
868,rx,171941,150511145,1,RUNNING,245,-66,8,,,,,,,,,,,
869,tx,171941,0,0,RUNNING,,,,,,,,,,,,,,
870,stats,171941,8846,0,RUNNING,,0,0,353,241,0,0,0,0,0,241,0,0,
871,tx,171961,0,0,RUNNING,,,,,,,,,,,,,,
872,tx,172021,0,0,RUNNING,,,,,,,,,,,,,,
873,rx,172195,150711099,1,RUNNING,246,-67,8,,,,,,,,,,,
874,tx,172195,0,0,RUNNING,,,,,,,,,,,,,,
875,tx,172215,0,0,RUNNING,,,,,,,,,,,,,,
876,rx,172316,150911143,1,RUNNING,247,-67,8,,,,,,,,,,,
877,tx,172316,0,0,RUNNING,,,,,,,,,,,,,,
878,tx,172449,0,0,RUNNING,,,,,,,,,,,,,,
879,tx,172509,0,0,RUNNING,,,,,,,,,,,,,,
880,rx,172529,151111139,1,RUNNING,248,-66,8,,,,,,,,,,,
881,tx,172529,0,0,RUNNING,,,,,,,,,,,,,,
882,tx,172570,0,0,RUNNING,,,,,,,,,,,,,,
883,tx,172703,0,0,RUNNING,,,,,,,,,,,,,,
884,rx,172723,151311149,1,RUNNING,249,-66,9,,,,,,,,,,,
885,tx,172723,0,0,RUNNING,,,,,,,,,,,,,,
886,tx,172763,0,0,RUNNING,,,,,,,,,,,,,,
887,tx,172804,0,0,RUNNING,,,,,,,,,,,,,,
888,rx,172957,151511149,1,RUNNING,250,-66,8,,,,,,,,,,,
889,tx,172957,0,0,RUNNING,,,,,,,,,,,,,,
890,stats,172957,8850,0,RUNNING,,0,0,358,246,0,0,0,0,0,246,0,0,
891,tx,173018,0,0,RUNNING,,,,,,,,,,,,,,
892,rx,173212,151711102,1,RUNNING,251,-66,8,,,,,,,,,,,
893,tx,173212,0,0,RUNNING,,,,,,,,,,,,,,
894,tx,173312,0,0,RUNNING,,,,,,,,,,,,,,
895,rx,173332,151911149,1,RUNNING,252,-66,9,,,,,,,,,,,
896,tx,173332,0,0,RUNNING,,,,,,,,,,,,,,
897,tx,173472,0,0,RUNNING,,,,,,,,,,,,,,
898,tx,173512,0,0,RUNNING,,,,,,,,,,,,,,
899,rx,173532,152111149,1,RUNNING,253,-66,9,,,,,,,,,,,
900,tx,173532,0,0,RUNNING,,,,,,,,,,,,,,
901,tx,173573,0,0,RUNNING,,,,,,,,,,,,,,
902,rx,173726,152311149,1,RUNNING,254,-66,8,,,,,,,,,,,
903,tx,173726,0,0,RUNNING,,,,,,,,,,,,,,
904,tx,173766,0,0,RUNNING,,,,,,,,,,,,,,
905,tx,173807,0,0,RUNNING,,,,,,,,,,,,,,
906,rx,173981,152511124,1,RUNNING,255,-65,8,,,,,,,,,,,
907,tx,173981,0,0,RUNNING,,,,,,,,,,,,,,
908,stats,173981,8825,0,RUNNING,,0,0,363,251,0,0,0,0,0,251,0,0,
909,tx,174021,0,0,RUNNING,,,,,,,,,,,,,,
910,rx,174235,152711142,1,RUNNING,256,-65,8,,,,,,,,,,,
911,tx,174235,0,0,RUNNING,,,,,,,,,,,,,,
912,rx,174315,152911146,1,RUNNING,257,-66,9,,,,,,,,,,,
913,tx,174315,0,0,RUNNING,,,,,,,,,,,,,,
914,tx,174356,0,0,RUNNING,,,,,,,,,,,,,,
915,tx,174489,0,0,RUNNING,,,,,,,,,,,,,,
916,tx,174509,0,0,RUNNING,,,,,,,,,,,,,,
917,rx,174529,153111148,1,RUNNING,258,-66,9,,,,,,,,,,,
918,tx,174529,0,0,RUNNING,,,,,,,,,,,,,,
919,tx,174570,0,0,RUNNING,,,,,,,,,,,,,,
920,tx,174610,0,0,RUNNING,,,,,,,,,,,,,,
921,rx,174744,153311112,1,RUNNING,259,-66,9,,,,,,,,,,,
922,tx,174744,0,0,RUNNING,,,,,,,,,,,,,,
923,tx,174764,0,0,RUNNING,,,,,,,,,,,,,,
924,tx,174804,0,0,RUNNING,,,,,,,,,,,,,,
925,rx,174998,153511082,1,RUNNING,260,-66,8,,,,,,,,,,,
926,tx,174998,0,0,RUNNING,,,,,,,,,,,,,,
927,stats,174998,8783,0,RUNNING,,0,0,368,256,0,0,0,0,0,256,0,0,
928,tx,175018,0,0,RUNNING,,,,,,,,,,,,,,
929,rx,175119,153711141,1,RUNNING,261,-65,9,,,,,,,,,,,
930,tx,175119,0,0,RUNNING,,,,,,,,,,,,,,
931,tx,175253,0,0,RUNNING,,,,,,,,,,,,,,
932,rx,175313,153911146,1,RUNNING,262,-65,9,,,,,,,,,,,
933,tx,175313,0,0,RUNNING,,,,,,,,,,,,,,
934,tx,175353,0,0,RUNNING,,,,,,,,,,,,,,
935,tx,175507,0,0,RUNNING,,,,,,,,,,,,,,
936,rx,175527,154111137,1,RUNNING,263,-66,9,,,,,,,,,,,
937,tx,175527,0,0,RUNNING,,,,,,,,,,,,,,
938,tx,175567,0,0,RUNNING,,,,,,,,,,,,,,
939,tx,175607,0,0,RUNNING,,,,,,,,,,,,,,
940,rx,175761,154311128,1,RUNNING,264,-65,8,,,,,,,,,,,
941,tx,175761,0,0,RUNNING,,,,,,,,,,,,,,
942,tx,175822,0,0,RUNNING,,,,,,,,,,,,,,
943,rx,176016,154511098,1,RUNNING,265,-66,9,,,,,,,,,,,
944,tx,176016,0,0,RUNNING,,,,,,,,,,,,,,
945,stats,176016,8799,0,RUNNING,,0,0,373,261,0,0,0,0,0,261,0,0,
946,rx,176116,154711147,1,RUNNING,266,-66,8,,,,,,,,,,,
947,tx,176116,0,0,RUNNING,,,,,,,,,,,,,,
948,tx,176269,0,0,RUNNING,,,,,,,,,,,,,,
949,tx,176310,0,0,RUNNING,,,,,,,,,,,,,,
950,rx,176330,154911148,1,RUNNING,267,-65,8,,,,,,,,,,,
951,tx,176330,0,0,RUNNING,,,,,,,,,,,,,,
952,tx,176370,0,0,RUNNING,,,,,,,,,,,,,,
953,rx,176524,155111148,1,RUNNING,268,-65,9,,,,,,,,,,,
954,tx,176524,0,0,RUNNING,,,,,,,,,,,,,,
955,tx,176565,0,0,RUNNING,,,,,,,,,,,,,,
956,tx,176605,0,0,RUNNING,,,,,,,,,,,,,,
957,rx,176778,155311149,1,RUNNING,269,-66,8,,,,,,,,,,,
958,tx,176778,0,0,RUNNING,,,,,,,,,,,,,,
959,tx,176818,0,0,RUNNING,,,,,,,,,,,,,,
960,rx,177032,155511135,1,RUNNING,270,-66,10,,,,,,,,,,,
961,tx,177032,0,0,RUNNING,,,,,,,,,,,,,,
962,stats,177032,8836,0,RUNNING,,0,0,378,266,0,0,0,0,0,266,0,0,
963,tx,177113,0,0,RUNNING,,,,,,,,,,,,,,
964,rx,177133,155711149,1,RUNNING,271,-66,9,,,,,,,,,,,
965,tx,177133,0,0,RUNNING,,,,,,,,,,,,,,
966,tx,177286,0,0,RUNNING,,,,,,,,,,,,,,
967,tx,177306,0,0,RUNNING,,,,,,,,,,,,,,
968,rx,177327,155911149,1,RUNNING,272,-66,9,,,,,,,,,,,
969,tx,177327,0,0,RUNNING,,,,,,,,,,,,,,
970,tx,177367,0,0,RUNNING,,,,,,,,,,,,,,
971,tx,177407,0,0,RUNNING,,,,,,,,,,,,,,
972,rx,177541,156111149,1,RUNNING,273,-65,8,,,,,,,,,,,
973,tx,177541,0,0,RUNNING,,,,,,,,,,,,,,
974,tx,177561,0,0,RUNNING,,,,,,,,,,,,,,
975,tx,177621,0,0,RUNNING,,,,,,,,,,,,,,
976,rx,177795,156311119,1,RUNNING,274,-66,9,,,,,,,,,,,
977,tx,177795,0,0,RUNNING,,,,,,,,,,,,,,
978,tx,177815,0,0,RUNNING,,,,,,,,,,,,,,
979,rx,177915,156511131,1,RUNNING,275,-66,8,,,,,,,,,,,
980,tx,177915,0,0,RUNNING,,,,,,,,,,,,,,
981,tx,178049,0,0,RUNNING,,,,,,,,,,,,,,
982,stats,178049,8832,0,RUNNING,,0,0,383,271,0,0,0,0,0,271,0,0,
983,tx,178109,0,0,RUNNING,,,,,,,,,,,,,,
984,rx,178129,156711136,1,RUNNING,276,-66,8,,,,,,,,,,,
985,tx,178129,0,0,RUNNING,,,,,,,,,,,,,,
986,tx,178169,0,0,RUNNING,,,,,,,,,,,,,,
987,tx,178303,0,0,RUNNING,,,,,,,,,,,,,,
988,rx,178323,156911165,1,RUNNING,277,-66,8,,,,,,,,,,,
989,tx,178323,0,0,RUNNING,,,,,,,,,,,,,,
990,tx,178363,0,0,RUNNING,,,,,,,,,,,,,,
991,tx,178403,0,0,RUNNING,,,,,,,,,,,,,,
992,rx,178557,157111145,1,RUNNING,278,-66,9,,,,,,,,,,,
993,tx,178557,0,0,RUNNING,,,,,,,,,,,,,,
994,tx,178618,0,0,RUNNING,,,,,,,,,,,,,,
995,rx,178812,157311140,1,RUNNING,279,-66,8,,,,,,,,,,,
996,tx,178812,0,0,RUNNING,,,,,,,,,,,,,,
997,tx,178912,0,0,RUNNING,,,,,,,,,,,,,,
998,rx,178932,157511146,1,RUNNING,280,-65,8,,,,,,,,,,,
999,tx,178932,0,0,RUNNING,,,,,,,,,,,,,,
1000,tx,179072,0,0,RUNNING,,,,,,,,,,,,,,
1001,stats,179072,8291,0,RUNNING,,0,0,389,276,0,0,0,0,0,276,0,0,
1002,tx,179112,0,0,RUNNING,,,,,,,,,,,,,,
1003,rx,179132,157711146,1,RUNNING,281,-66,8,,,,,,,,,,,
1004,tx,179132,0,0,RUNNING,,,,,,,,,,,,,,
1005,tx,179173,0,0,RUNNING,,,,,,,,,,,,,,
1006,rx,179326,157911149,1,RUNNING,282,-66,9,,,,,,,,,,,
1007,tx,179326,0,0,RUNNING,,,,,,,,,,,,,,
1008,tx,179366,0,0,RUNNING,,,,,,,,,,,,,,
1009,tx,179407,0,0,RUNNING,,,,,,,,,,,,,,
1010,rx,179581,158111117,1,RUNNING,283,-66,9,,,,,,,,,,,
1011,tx,179581,0,0,RUNNING,,,,,,,,,,,,,,
1012,tx,179621,0,0,RUNNING,,,,,,,,,,,,,,
1013,rx,179835,158311142,1,RUNNING,284,-66,9,,,,,,,,,,,
1014,tx,179835,0,0,RUNNING,,,,,,,,,,,,,,
1015,rx,179915,158511145,1,RUNNING,285,-65,9,,,,,,,,,,,
1016,tx,179915,0,0,RUNNING,,,,,,,,,,,,,,
1017,tx,179956,0,0,RUNNING,,,,,,,,,,,,,,
1018,tx,180089,0,0,RUNNING,,,,,,,,,,,,,,
1019,stats,180089,8249,0,RUNNING,,0,0,394,281,0,0,0,0,0,281,0,0,
1020,tx,180109,0,0,RUNNING,,,,,,,,,,,,,,
1021,rx,180129,158711150,1,RUNNING,286,-66,9,,,,,,,,,,,
1022,tx,180129,0,0,RUNNING,,,,,,,,,,,,,,
1023,tx,180170,0,0,RUNNING,,,,,,,,,,,,,,
1024,tx,180210,0,0,RUNNING,,,,,,,,,,,,,,
1025,rx,180344,158911113,1,RUNNING,287,-65,8,,,,,,,,,,,
1026,tx,180344,0,0,RUNNING,,,,,,,,,,,,,,
1027,tx,180364,0,0,RUNNING,,,,,,,,,,,,,,
1028,tx,180404,0,0,RUNNING,,,,,,,,,,,,,,
1029,rx,180598,159111131,1,RUNNING,288,-66,9,,,,,,,,,,,
1030,tx,180598,0,0,RUNNING,,,,,,,,,,,,,,
1031,tx,180618,0,0,RUNNING,,,,,,,,,,,,,,
1032,rx,180719,159311141,1,RUNNING,289,-66,9,,,,,,,,,,,
1033,tx,180719,0,0,RUNNING,,,,,,,,,,,,,,
1034,tx,180852,0,0,RUNNING,,,,,,,,,,,,,,
1035,tx,180913,0,0,RUNNING,,,,,,,,,,,,,,
1036,rx,180933,159511144,1,RUNNING,290,-66,9,,,,,,,,,,,
1037,tx,180933,0,0,RUNNING,,,,,,,,,,,,,,
1038,tx,180953,0,0,RUNNING,,,,,,,,,,,,,,
1039,tx,181107,0,0,RUNNING,,,,,,,,,,,,,,
1040,stats,181107,8270,0,RUNNING,,0,0,399,286,0,0,0,0,0,286,0,0,
1041,rx,181127,159711147,1,RUNNING,291,-65,9,,,,,,,,,,,
1042,tx,181127,0,0,RUNNING,,,,,,,,,,,,,,
1043,tx,181167,0,0,RUNNING,,,,,,,,,,,,,,
1044,tx,181207,0,0,RUNNING,,,,,,,,,,,,,,
1045,rx,181361,159911130,1,RUNNING,292,-65,9,,,,,,,,,,,
1046,tx,181361,0,0,RUNNING,,,,,,,,,,,,,,
1047,tx,181422,0,0,RUNNING,,,,,,,,,,,,,,
1048,rx,181616,160111142,1,RUNNING,293,-66,9,,,,,,,,,,,
1049,tx,181616,0,0,RUNNING,,,,,,,,,,,,,,
1050,rx,181716,160311143,1,RUNNING,294,-65,9,,,,,,,,,,,
1051,tx,181716,0,0,RUNNING,,,,,,,,,,,,,,
1052,tx,181870,0,0,RUNNING,,,,,,,,,,,,,,
1053,tx,181910,0,0,RUNNING,,,,,,,,,,,,,,
1054,rx,181930,160511146,1,RUNNING,295,-65,8,,,,,,,,,,,
1055,tx,181930,0,0,RUNNING,,,,,,,,,,,,,,
1056,tx,181970,0,0,RUNNING,,,,,,,,,,,,,,
1057,rx,182124,160711146,1,RUNNING,296,-66,8,,,,,,,,,,,
1058,tx,182124,0,0,RUNNING,,,,,,,,,,,,,,
1059,stats,182124,8847,0,RUNNING,,0,0,404,292,0,0,0,0,0,292,0,0,
1060,tx,182165,0,0,RUNNING,,,,,,,,,,,,,,
1061,tx,182205,0,0,RUNNING,,,,,,,,,,,,,,
1062,rx,182378,160911105,1,RUNNING,297,-66,8,,,,,,,,,,,
1063,tx,182378,0,0,RUNNING,,,,,,,,,,,,,,
1064,tx,182419,0,0,RUNNING,,,,,,,,,,,,,,
1065,rx,182632,161111138,1,RUNNING,298,-66,8,,,,,,,,,,,
1066,tx,182632,0,0,RUNNING,,,,,,,,,,,,,,
1067,tx,182713,0,0,RUNNING,,,,,,,,,,,,,,
1068,rx,182733,161311147,1,RUNNING,299,-65,9,,,,,,,,,,,
1069,tx,182733,0,0,RUNNING,,,,,,,,,,,,,,
1070,tx,182886,0,0,RUNNING,,,,,,,,,,,,,,
1071,tx,182907,0,0,RUNNING,,,,,,,,,,,,,,
1072,rx,182927,161511136,1,RUNNING,300,-66,9,,,,,,,,,,,
1073,tx,182927,0,0,RUNNING,,,,,,,,,,,,,,
1074,tx,182967,0,0,RUNNING,,,,,,,,,,,,,,
1075,tx,183007,0,0,RUNNING,,,,,,,,,,,,,,
1076,rx,183141,161711151,1,RUNNING,301,-65,8,,,,,,,,,,,
1077,tx,183141,0,0,RUNNING,,,,,,,,,,,,,,
1078,stats,183141,8852,0,RUNNING,,0,0,409,297,0,0,0,0,0,297,0,0,
1079,tx,183161,0,0,RUNNING,,,,,,,,,,,,,,
1080,tx,183221,0,0,RUNNING,,,,,,,,,,,,,,
1081,rx,183395,161911073,1,RUNNING,302,-66,8,,,,,,,,,,,
1082,tx,183395,0,0,RUNNING,,,,,,,,,,,,,,
1083,tx,183415,0,0,RUNNING,,,,,,,,,,,,,,
1084,rx,183516,162111133,1,RUNNING,303,-66,9,,,,,,,,,,,
1085,tx,183516,0,0,RUNNING,,,,,,,,,,,,,,
1086,tx,183649,0,0,RUNNING,,,,,,,,,,,,,,
1087,tx,183709,0,0,RUNNING,,,,,,,,,,,,,,
1088,rx,183729,162311130,1,RUNNING,304,-66,9,,,,,,,,,,,
1089,tx,183729,0,0,RUNNING,,,,,,,,,,,,,,
1090,tx,183770,0,0,RUNNING,,,,,,,,,,,,,,
1091,tx,183903,0,0,RUNNING,,,,,,,,,,,,,,
1092,rx,183923,162511146,1,RUNNING,305,-66,8,,,,,,,,,,,
1093,tx,183923,0,0,RUNNING,,,,,,,,,,,,,,
1094,tx,183963,0,0,RUNNING,,,,,,,,,,,,,,
1095,tx,184004,0,0,RUNNING,,,,,,,,,,,,,,
1096,rx,184157,162711104,1,RUNNING,306,-66,9,,,,,,,,,,,
1097,tx,184157,0,0,RUNNING,,,,,,,,,,,,,,
1098,stats,184157,8805,0,RUNNING,,0,0,414,302,0,0,0,0,0,302,0,0,
1099,tx,184218,0,0,RUNNING,,,,,,,,,,,,,,
1100,rx,184412,162911148,1,RUNNING,307,-66,9,,,,,,,,,,,
1101,tx,184412,0,0,RUNNING,,,,,,,,,,,,,,
1102,tx,184512,0,0,RUNNING,,,,,,,,,,,,,,
1103,rx,184532,163111148,1,RUNNING,308,-66,9,,,,,,,,,,,
1104,tx,184532,0,0,RUNNING,,,,,,,,,,,,,,
1105,tx,184672,0,0,RUNNING,,,,,,,,,,,,,,
1106,tx,184712,0,0,RUNNING,,,,,,,,,,,,,,
1107,rx,184732,163311148,1,RUNNING,309,-66,10,,,,,,,,,,,
1108,tx,184732,0,0,RUNNING,,,,,,,,,,,,,,
1109,tx,184773,0,0,RUNNING,,,,,,,,,,,,,,
1110,rx,184926,163511147,1,RUNNING,310,-65,9,,,,,,,,,,,
1111,tx,184926,0,0,RUNNING,,,,,,,,,,,,,,
1112,tx,184967,0,0,RUNNING,,,,,,,,,,,,,,
1113,tx,185007,0,0,RUNNING,,,,,,,,,,,,,,
1114,rx,185181,163711076,1,RUNNING,311,-66,8,,,,,,,,,,,
1115,tx,185181,0,0,RUNNING,,,,,,,,,,,,,,
1116,stats,185181,8777,0,RUNNING,,0,0,419,307,0,0,0,0,0,307,0,0,
1117,tx,185221,0,0,RUNNING,,,,,,,,,,,,,,
1118,rx,185435,163911141,1,RUNNING,312,-66,8,,,,,,,,,,,
1119,tx,185435,0,0,RUNNING,,,,,,,,,,,,,,
1120,rx,185516,164111143,1,RUNNING,313,-66,9,,,,,,,,,,,
1121,tx,185516,0,0,RUNNING,,,,,,,,,,,,,,
1122,tx,185556,0,0,RUNNING,,,,,,,,,,,,,,
1123,tx,185689,0,0,RUNNING,,,,,,,,,,,,,,
1124,tx,185710,0,0,RUNNING,,,,,,,,,,,,,,
1125,rx,185730,164311148,1,RUNNING,314,-66,9,,,,,,,,,,,
1126,tx,185730,0,0,RUNNING,,,,,,,,,,,,,,
1127,tx,185770,0,0,RUNNING,,,,,,,,,,,,,,
1128,tx,185810,0,0,RUNNING,,,,,,,,,,,,,,
1129,rx,185944,164511113,1,RUNNING,315,-65,10,,,,,,,,,,,
1130,tx,185944,0,0,RUNNING,,,,,,,,,,,,,,
1131,tx,185964,0,0,RUNNING,,,,,,,,,,,,,,
1132,tx,186005,0,0,RUNNING,,,,,,,,,,,,,,
1133,rx,186199,164711128,1,RUNNING,316,-66,9,,,,,,,,,,,
1134,tx,186199,0,0,RUNNING,,,,,,,,,,,,,,
1135,stats,186199,8829,0,RUNNING,,0,0,424,312,0,0,0,0,0,312,0,0,
1136,tx,186219,0,0,RUNNING,,,,,,,,,,,,,,
1137,rx,186319,164911137,1,RUNNING,317,-66,9,,,,,,,,,,,
1138,tx,186319,0,0,RUNNING,,,,,,,,,,,,,,
1139,tx,186453,0,0,RUNNING,,,,,,,,,,,,,,
1140,rx,186513,165111141,1,RUNNING,318,-65,9,,,,,,,,,,,
1141,tx,186513,0,0,RUNNING,,,,,,,,,,,,,,
1142,tx,186554,0,0,RUNNING,,,,,,,,,,,,,,
1143,tx,186707,0,0,RUNNING,,,,,,,,,,,,,,
1144,rx,186727,165311129,1,RUNNING,319,-66,8,,,,,,,,,,,
1145,tx,186727,0,0,RUNNING,,,,,,,,,,,,,,
1146,tx,186767,0,0,RUNNING,,,,,,,,,,,,,,
1147,tx,186808,0,0,RUNNING,,,,,,,,,,,,,,
1148,rx,186962,165511084,1,RUNNING,320,-66,9,,,,,,,,,,,
1149,tx,186962,0,0,RUNNING,,,,,,,,,,,,,,
1150,tx,187022,0,0,RUNNING,,,,,,,,,,,,,,
1151,rx,187216,165711121,1,RUNNING,321,-66,9,,,,,,,,,,,
1152,tx,187216,0,0,RUNNING,,,,,,,,,,,,,,
1153,stats,187216,8822,0,RUNNING,,0,0,429,317,0,0,0,0,0,317,0,0,
1154,rx,187316,165911145,1,RUNNING,322,-65,9,,,,,,,,,,,
1155,tx,187316,0,0,RUNNING,,,,,,,,,,,,,,
1156,tx,187470,0,0,RUNNING,,,,,,,,,,,,,,
1157,tx,187510,0,0,RUNNING,,,,,,,,,,,,,,
1158,rx,187530,166111147,1,RUNNING,323,-65,9,,,,,,,,,,,
1159,tx,187530,0,0,RUNNING,,,,,,,,,,,,,,
1160,tx,187570,0,0,RUNNING,,,,,,,,,,,,,,
1161,rx,187725,166311146,1,RUNNING,324,-66,9,,,,,,,,,,,
1162,tx,187725,0,0,RUNNING,,,,,,,,,,,,,,
1163,tx,187765,0,0,RUNNING,,,,,,,,,,,,,,
1164,tx,187805,0,0,RUNNING,,,,,,,,,,,,,,
1165,rx,187978,166511142,1,RUNNING,325,-66,9,,,,,,,,,,,
1166,tx,187978,0,0,RUNNING,,,,,,,,,,,,,,
1167,tx,188019,0,0,RUNNING,,,,,,,,,,,,,,
1168,rx,188233,166711131,1,RUNNING,326,-65,10,,,,,,,,,,,
1169,tx,188233,0,0,RUNNING,,,,,,,,,,,,,,
1170,stats,188233,8832,0,RUNNING,,0,0,434,322,0,0,0,0,0,322,0,0,
1171,rx,188313,166911147,1,RUNNING,327,-66,9,,,,,,,,,,,
1172,tx,188313,0,0,RUNNING,,,,,,,,,,,,,,
1173,tx,188353,0,0,RUNNING,,,,,,,,,,,,,,
1174,tx,188487,0,0,RUNNING,,,,,,,,,,,,,,
1175,tx,188507,0,0,RUNNING,,,,,,,,,,,,,,
1176,rx,188527,167111138,1,RUNNING,328,-65,9,,,,,,,,,,,
1177,tx,188527,0,0,RUNNING,,,,,,,,,,,,,,
1178,tx,188567,0,0,RUNNING,,,,,,,,,,,,,,
1179,tx,188607,0,0,RUNNING,,,,,,,,,,,,,,
1180,rx,188741,167311148,1,RUNNING,329,-66,9,,,,,,,,,,,
1181,tx,188741,0,0,RUNNING,,,,,,,,,,,,,,
1182,tx,188761,0,0,RUNNING,,,,,,,,,,,,,,
1183,tx,188822,0,0,RUNNING,,,,,,,,,,,,,,
1184,rx,188995,167511141,1,RUNNING,330,-66,9,,,,,,,,,,,
1185,tx,188995,0,0,RUNNING,,,,,,,,,,,,,,
1186,tx,189015,0,0,RUNNING,,,,,,,,,,,,,,
1187,rx,189116,167711145,1,RUNNING,331,-66,9,,,,,,,,,,,
1188,tx,189116,0,0,RUNNING,,,,,,,,,,,,,,
1189,tx,189249,0,0,RUNNING,,,,,,,,,,,,,,
1190,stats,189249,8846,0,RUNNING,,0,0,439,327,0,0,0,0,0,327,0,0,
1191,tx,189309,0,0,RUNNING,,,,,,,,,,,,,,
1192,rx,189329,167911136,1,RUNNING,332,-66,9,,,,,,,,,,,
1193,tx,189329,0,0,RUNNING,,,,,,,,,,,,,,
1194,tx,189370,0,0,RUNNING,,,,,,,,,,,,,,
1195,tx,189503,0,0,RUNNING,,,,,,,,,,,,,,
1196,rx,189523,168111150,1,RUNNING,333,-66,9,,,,,,,,,,,
1197,tx,189523,0,0,RUNNING,,,,,,,,,,,,,,
1198,tx,189563,0,0,RUNNING,,,,,,,,,,,,,,
1199,tx,189604,0,0,RUNNING,,,,,,,,,,,,,,
1200,rx,189757,168311101,1,RUNNING,334,-65,8,,,,,,,,,,,
1201,tx,189757,0,0,RUNNING,,,,,,,,,,,,,,
1202,tx,189818,0,0,RUNNING,,,,,,,,,,,,,,
1203,rx,190012,168511100,1,RUNNING,335,-65,9,,,,,,,,,,,
1204,tx,190012,0,0,RUNNING,,,,,,,,,,,,,,
1205,tx,190112,0,0,RUNNING,,,,,,,,,,,,,,
1206,rx,190132,168711148,1,RUNNING,336,-65,8,,,,,,,,,,,
1207,tx,190132,0,0,RUNNING,,,,,,,,,,,,,,
1208,tx,190272,0,0,RUNNING,,,,,,,,,,,,,,
1209,stats,190272,8292,0,RUNNING,,0,0,445,332,0,0,0,0,0,332,0,0,
1210,tx,190312,0,0,RUNNING,,,,,,,,,,,,,,
1211,rx,190332,168911148,1,RUNNING,337,-66,9,,,,,,,,,,,
1212,tx,190332,0,0,RUNNING,,,,,,,,,,,,,,
1213,tx,190373,0,0,RUNNING,,,,,,,,,,,,,,
1214,rx,190526,169111147,1,RUNNING,338,-66,8,,,,,,,,,,,
1215,tx,190526,0,0,RUNNING,,,,,,,,,,,,,,
1216,tx,190567,0,0,RUNNING,,,,,,,,,,,,,,
1217,tx,190607,0,0,RUNNING,,,,,,,,,,,,,,
1218,rx,190781,169311124,1,RUNNING,339,-65,9,,,,,,,,,,,
1219,tx,190781,0,0,RUNNING,,,,,,,,,,,,,,
1220,tx,190821,0,0,RUNNING,,,,,,,,,,,,,,
1221,rx,191035,169511143,1,RUNNING,340,-65,9,,,,,,,,,,,
1222,tx,191035,0,0,RUNNING,,,,,,,,,,,,,,
1223,rx,191116,169711147,1,RUNNING,341,-65,8,,,,,,,,,,,
1224,tx,191116,0,0,RUNNING,,,,,,,,,,,,,,
1225,tx,191156,0,0,RUNNING,,,,,,,,,,,,,,
1226,tx,191289,0,0,RUNNING,,,,,,,,,,,,,,
1227,stats,191289,8249,0,RUNNING,,0,0,450,337,0,0,0,0,0,337,0,0,
1228,tx,191309,0,0,RUNNING,,,,,,,,,,,,,,
1229,rx,191330,169911148,1,RUNNING,342,-66,8,,,,,,,,,,,
1230,tx,191330,0,0,RUNNING,,,,,,,,,,,,,,
1231,tx,191370,0,0,RUNNING,,,,,,,,,,,,,,
1232,tx,191410,0,0,RUNNING,,,,,,,,,,,,,,
1233,rx,191544,170111144,1,RUNNING,343,-65,9,,,,,,,,,,,
1234,tx,191544,0,0,RUNNING,,,,,,,,,,,,,,
1235,tx,191564,0,0,RUNNING,,,,,,,,,,,,,,
1236,tx,191604,0,0,RUNNING,,,,,,,,,,,,,,
1237,rx,191798,170311130,1,RUNNING,344,-65,8,,,,,,,,,,,
1238,tx,191798,0,0,RUNNING,,,,,,,,,,,,,,
1239,tx,191818,0,0,RUNNING,,,,,,,,,,,,,,
1240,rx,191919,170511139,1,RUNNING,345,-66,9,,,,,,,,,,,
1241,tx,191919,0,0,RUNNING,,,,,,,,,,,,,,
1242,tx,192053,0,0,RUNNING,,,,,,,,,,,,,,
1243,tx,192113,0,0,RUNNING,,,,,,,,,,,,,,
1244,rx,192133,170711143,1,RUNNING,346,-65,9,,,,,,,,,,,
1245,tx,192133,0,0,RUNNING,,,,,,,,,,,,,,
1246,tx,192153,0,0,RUNNING,,,,,,,,,,,,,,
1247,tx,192307,0,0,RUNNING,,,,,,,,,,,,,,
1248,stats,192307,8278,0,RUNNING,,0,0,455,342,0,0,0,0,0,342,0,0,
1249,rx,192327,170911132,1,RUNNING,347,-66,8,,,,,,,,,,,
1250,tx,192327,0,0,RUNNING,,,,,,,,,,,,,,
1251,tx,192367,0,0,RUNNING,,,,,,,,,,,,,,
1252,tx,192407,0,0,RUNNING,,,,,,,,,,,,,,
1253,rx,192562,171111120,1,RUNNING,348,-66,9,,,,,,,,,,,
1254,tx,192562,0,0,RUNNING,,,,,,,,,,,,,,
1255,tx,192622,0,0,RUNNING,,,,,,,,,,,,,,
1256,rx,192816,171311143,1,RUNNING,349,-66,9,,,,,,,,,,,
1257,tx,192816,0,0,RUNNING,,,,,,,,,,,,,,
1258,rx,192916,171511147,1,RUNNING,350,-66,8,,,,,,,,,,,
1259,tx,192916,0,0,RUNNING,,,,,,,,,,,,,,
1260,tx,193070,0,0,RUNNING,,,,,,,,,,,,,,
1261,tx,193110,0,0,RUNNING,,,,,,,,,,,,,,
1262,rx,193130,171711146,1,RUNNING,351,-66,8,,,,,,,,,,,
1263,tx,193130,0,0,RUNNING,,,,,,,,,,,,,,
1264,tx,193170,0,0,RUNNING,,,,,,,,,,,,,,
1265,rx,193324,171911140,1,RUNNING,352,-66,8,,,,,,,,,,,
1266,tx,193325,0,0,RUNNING,,,,,,,,,,,,,,
1267,stats,193325,8841,0,RUNNING,,0,0,460,348,0,0,0,0,0,348,0,0,
1268,tx,193365,0,0,RUNNING,,,,,,,,,,,,,,
1269,tx,193405,0,0,RUNNING,,,,,,,,,,,,,,
1270,rx,193578,172111144,1,RUNNING,353,-66,9,,,,,,,,,,,
1271,tx,193578,0,0,RUNNING,,,,,,,,,,,,,,
1272,tx,193619,0,0,RUNNING,,,,,,,,,,,,,,
1273,rx,193832,172311133,1,RUNNING,354,-66,8,,,,,,,,,,,
1274,tx,193833,0,0,RUNNING,,,,,,,,,,,,,,
1275,tx,193913,0,0,RUNNING,,,,,,,,,,,,,,
1276,rx,193933,172511147,1,RUNNING,355,-66,9,,,,,,,,,,,
1277,tx,193933,0,0,RUNNING,,,,,,,,,,,,,,
1278,tx,193953,0,0,RUNNING,,,,,,,,,,,,,,
1279,tx,194087,0,0,RUNNING,,,,,,,,,,,,,,
1280,tx,194107,0,0,RUNNING,,,,,,,,,,,,,,
1281,rx,194127,172711148,1,RUNNING,356,-66,9,,,,,,,,,,,
1282,tx,194127,0,0,RUNNING,,,,,,,,,,,,,,
1283,tx,194167,0,0,RUNNING,,,,,,,,,,,,,,
1284,tx,194207,0,0,RUNNING,,,,,,,,,,,,,,
1285,rx,194341,172911148,1,RUNNING,357,-66,10,,,,,,,,,,,
1286,tx,194341,0,0,RUNNING,,,,,,,,,,,,,,
1287,stats,194341,8849,0,RUNNING,,0,0,465,353,0,0,0,0,0,353,0,0,
1288,tx,194361,0,0,RUNNING,,,,,,,,,,,,,,
1289,tx,194422,0,0,RUNNING,,,,,,,,,,,,,,
1290,rx,194595,173111125,1,RUNNING,358,-66,8,,,,,,,,,,,
1291,tx,194595,0,0,RUNNING,,,,,,,,,,,,,,
1292,tx,194616,0,0,RUNNING,,,,,,,,,,,,,,
1293,rx,194716,173311137,1,RUNNING,359,-65,8,,,,,,,,,,,
1294,tx,194716,0,0,RUNNING,,,,,,,,,,,,,,
1295,tx,194849,0,0,RUNNING,,,,,,,,,,,,,,
1296,tx,194910,0,0,RUNNING,,,,,,,,,,,,,,
1297,rx,194930,173511155,1,RUNNING,360,-65,9,,,,,,,,,,,
1298,tx,194930,0,0,RUNNING,,,,,,,,,,,,,,
1299,tx,194970,0,0,RUNNING,,,,,,,,,,,,,,
1300,tx,195103,0,0,RUNNING,,,,,,,,,,,,,,
1301,rx,195123,173711132,1,RUNNING,361,-65,8,,,,,,,,,,,
1302,tx,195123,0,0,RUNNING,,,,,,,,,,,,,,
1303,tx,195164,0,0,RUNNING,,,,,,,,,,,,,,
1304,tx,195204,0,0,RUNNING,,,,,,,,,,,,,,
1305,rx,195358,173911127,1,RUNNING,362,-66,9,,,,,,,,,,,
1306,tx,195358,0,0,RUNNING,,,,,,,,,,,,,,
1307,stats,195358,8828,0,RUNNING,,0,0,470,358,0,0,0,0,0,358,0,0,
1308,tx,195418,0,0,RUNNING,,,,,,,,,,,,,,
1309,rx,195612,174111140,1,RUNNING,363,-66,8,,,,,,,,,,,
1310,tx,195612,0,0,RUNNING,,,,,,,,,,,,,,
1311,tx,195712,0,0,RUNNING,,,,,,,,,,,,,,
1312,rx,195732,174311144,1,RUNNING,364,-66,9,,,,,,,,,,,
1313,tx,195733,0,0,RUNNING,,,,,,,,,,,,,,
1314,tx,195866,0,0,RUNNING,,,,,,,,,,,,,,
1315,tx,195906,0,0,RUNNING,,,,,,,,,,,,,,
1316,rx,195927,174511147,1,RUNNING,365,-66,9,,,,,,,,,,,
1317,tx,195927,0,0,RUNNING,,,,,,,,,,,,,,
1318,tx,195967,0,0,RUNNING,,,,,,,,,,,,,,
1319,rx,196120,174711146,1,RUNNING,366,-66,8,,,,,,,,,,,
1320,tx,196120,0,0,RUNNING,,,,,,,,,,,,,,
1321,tx,196161,0,0,RUNNING,,,,,,,,,,,,,,
1322,tx,196221,0,0,RUNNING,,,,,,,,,,,,,,
1323,rx,196375,174911123,1,RUNNING,367,-66,9,,,,,,,,,,,
1324,tx,196375,0,0,RUNNING,,,,,,,,,,,,,,
1325,stats,196375,8824,0,RUNNING,,0,0,475,363,0,0,0,0,0,363,0,0,
1326,tx,196415,0,0,RUNNING,,,,,,,,,,,,,,
1327,rx,196629,175111121,1,RUNNING,368,-65,9,,,,,,,,,,,
1328,tx,196629,0,0,RUNNING,,,,,,,,,,,,,,
1329,tx,196709,0,0,RUNNING,,,,,,,,,,,,,,
1330,rx,196730,175311135,1,RUNNING,369,-66,8,,,,,,,,,,,
1331,tx,196730,0,0,RUNNING,,,,,,,,,,,,,,
1332,tx,196883,0,0,RUNNING,,,,,,,,,,,,,,
1333,rx,196923,175511142,1,RUNNING,370,-66,9,,,,,,,,,,,
1334,tx,196923,0,0,RUNNING,,,,,,,,,,,,,,
1335,tx,196964,0,0,RUNNING,,,,,,,,,,,,,,
1336,tx,197004,0,0,RUNNING,,,,,,,,,,,,,,
1337,rx,197137,175711104,1,RUNNING,371,-66,9,,,,,,,,,,,
1338,tx,197138,0,0,RUNNING,,,,,,,,,,,,,,
1339,tx,197158,0,0,RUNNING,,,,,,,,,,,,,,
1340,tx,197218,0,0,RUNNING,,,,,,,,,,,,,,
1341,rx,197392,175911146,1,RUNNING,372,-66,8,,,,,,,,,,,
1342,tx,197392,0,0,RUNNING,,,,,,,,,,,,,,
1343,stats,197392,8847,0,RUNNING,,0,0,480,368,0,0,0,0,0,368,0,0,
1344,tx,197412,0,0,RUNNING,,,,,,,,,,,,,,
1345,tx,197512,0,0,RUNNING,,,,,,,,,,,,,,
1346,rx,197646,176111147,1,RUNNING,373,-66,8,,,,,,,,,,,
1347,tx,197646,0,0,RUNNING,,,,,,,,,,,,,,
1348,tx,197706,0,0,RUNNING,,,,,,,,,,,,,,
1349,rx,197726,176311148,1,RUNNING,374,-66,10,,,,,,,,,,,
1350,tx,197726,0,0,RUNNING,,,,,,,,,,,,,,
1351,tx,197767,0,0,RUNNING,,,,,,,,,,,,,,
1352,tx,197907,0,0,RUNNING,,,,,,,,,,,,,,
1353,rx,197927,176511186,1,RUNNING,375,-66,8,,,,,,,,,,,
1354,tx,197927,0,0,RUNNING,,,,,,,,,,,,,,
1355,tx,197967,0,0,RUNNING,,,,,,,,,,,,,,
1356,tx,198007,0,0,RUNNING,,,,,,,,,,,,,,
1357,rx,198162,176711132,1,RUNNING,376,-66,9,,,,,,,,,,,
1358,tx,198162,0,0,RUNNING,,,,,,,,,,,,,,
1359,tx,198222,0,0,RUNNING,,,,,,,,,,,,,,
1360,rx,198416,176911155,1,RUNNING,377,-66,9,,,,,,,,,,,
1361,tx,198416,0,0,RUNNING,,,,,,,,,,,,,,
1362,stats,198416,8856,0,RUNNING,,0,0,485,373,0,0,0,0,0,373,0,0,
1363,rx,198516,177111147,1,RUNNING,378,-66,8,,,,,,,,,,,
1364,tx,198516,0,0,RUNNING,,,,,,,,,,,,,,
1365,tx,198670,0,0,RUNNING,,,,,,,,,,,,,,
1366,tx,198710,0,0,RUNNING,,,,,,,,,,,,,,
1367,rx,198730,177311150,1,RUNNING,379,-65,9,,,,,,,,,,,
1368,tx,198730,0,0,RUNNING,,,,,,,,,,,,,,
1369,tx,198770,0,0,RUNNING,,,,,,,,,,,,,,
1370,rx,198925,177511148,1,RUNNING,380,-66,9,,,,,,,,,,,
1371,tx,198925,0,0,RUNNING,,,,,,,,,,,,,,
1372,tx,198965,0,0,RUNNING,,,,,,,,,,,,,,
1373,tx,199005,0,0,RUNNING,,,,,,,,,,,,,,
1374,rx,199178,177711143,1,RUNNING,381,-65,8,,,,,,,,,,,
1375,tx,199178,0,0,RUNNING,,,,,,,,,,,,,,
1376,tx,199219,0,0,RUNNING,,,,,,,,,,,,,,
1377,rx,199432,177911136,1,RUNNING,382,-65,9,,,,,,,,,,,
1378,tx,199432,0,0,RUNNING,,,,,,,,,,,,,,
1379,stats,199432,8837,0,RUNNING,,0,0,490,378,0,0,0,0,0,378,0,0,
1380,tx,199513,0,0,RUNNING,,,,,,,,,,,,,,
1381,rx,199533,178111149,1,RUNNING,383,-65,9,,,,,,,,,,,
1382,tx,199533,0,0,RUNNING,,,,,,,,,,,,,,
1383,tx,199687,0,0,RUNNING,,,,,,,,,,,,,,
1384,tx,199707,0,0,RUNNING,,,,,,,,,,,,,,
1385,rx,199727,178311150,1,RUNNING,384,-66,9,,,,,,,,,,,
1386,tx,199727,0,0,RUNNING,,,,,,,,,,,,,,
1387,tx,199767,0,0,RUNNING,,,,,,,,,,,,,,
1388,tx,199807,0,0,RUNNING,,,,,,,,,,,,,,
1389,rx,199941,178511108,1,RUNNING,385,-66,8,,,,,,,,,,,
1390,tx,199941,0,0,RUNNING,,,,,,,,,,,,,,
1391,tx,199961,0,0,RUNNING,,,,,,,,,,,,,,
1392,tx,200022,0,0,RUNNING,,,,,,,,,,,,,,
1393,rx,200195,178711115,1,RUNNING,386,-65,9,,,,,,,,,,,
1394,tx,200195,0,0,RUNNING,,,,,,,,,,,,,,
1395,tx,200215,0,0,RUNNING,,,,,,,,,,,,,,
1396,rx,200316,178911137,1,RUNNING,387,-66,9,,,,,,,,,,,
1397,tx,200316,0,0,RUNNING,,,,,,,,,,,,,,
1398,tx,200449,0,0,RUNNING,,,,,,,,,,,,,,
1399,stats,200449,8838,0,RUNNING,,0,0,495,383,0,0,0,0,0,383,0,0,
1400,tx,200509,0,0,RUNNING,,,,,,,,,,,,,,
1401,rx,200529,179111144,1,RUNNING,388,-65,8,,,,,,,,,,,
1402,tx,200529,0,0,RUNNING,,,,,,,,,,,,,,
1403,tx,200570,0,0,RUNNING,,,,,,,,,,,,,,
1404,tx,200703,0,0,RUNNING,,,,,,,,,,,,,,
1405,rx,200723,179311129,1,RUNNING,389,-66,9,,,,,,,,,,,
1406,tx,200723,0,0,RUNNING,,,,,,,,,,,,,,
1407,tx,200763,0,0,RUNNING,,,,,,,,,,,,,,
1408,tx,200804,0,0,RUNNING,,,,,,,,,,,,,,
1409,rx,200957,179511097,1,RUNNING,390,-66,9,,,,,,,,,,,
1410,tx,200957,0,0,RUNNING,,,,,,,,,,,,,,
1411,tx,201018,0,0,RUNNING,,,,,,,,,,,,,,
1412,rx,201212,179711144,1,RUNNING,391,-66,9,,,,,,,,,,,
1413,tx,201212,0,0,RUNNING,,,,,,,,,,,,,,
1414,tx,201312,0,0,RUNNING,,,,,,,,,,,,,,
1415,rx,201332,179911145,1,RUNNING,392,-66,8,,,,,,,,,,,
1416,tx,201332,0,0,RUNNING,,,,,,,,,,,,,,
1417,tx,201472,0,0,RUNNING,,,,,,,,,,,,,,
1418,stats,201472,8290,0,RUNNING,,0,0,501,388,0,0,0,0,0,388,0,0,
1419,tx,201512,0,0,RUNNING,,,,,,,,,,,,,,
1420,rx,201533,180111146,1,RUNNING,393,-65,8,,,,,,,,,,,
1421,tx,201533,0,0,RUNNING,,,,,,,,,,,,,,
1422,tx,201573,0,0,RUNNING,,,,,,,,,,,,,,
1423,rx,201726,180311147,1,RUNNING,394,-66,9,,,,,,,,,,,
1424,tx,201726,0,0,RUNNING,,,,,,,,,,,,,,
1425,tx,201767,0,0,RUNNING,,,,,,,,,,,,,,
1426,tx,201807,0,0,RUNNING,,,,,,,,,,,,,,
1427,rx,201981,180511123,1,RUNNING,395,-66,9,,,,,,,,,,,
1428,tx,201981,0,0,RUNNING,,,,,,,,,,,,,,
1429,tx,202021,0,0,RUNNING,,,,,,,,,,,,,,
1430,rx,202235,180711143,1,RUNNING,396,-65,9,,,,,,,,,,,
1431,tx,202235,0,0,RUNNING,,,,,,,,,,,,,,
1432,rx,202316,180911147,1,RUNNING,397,-66,9,,,,,,,,,,,
1433,tx,202316,0,0,RUNNING,,,,,,,,,,,,,,
1434,tx,202356,0,0,RUNNING,,,,,,,,,,,,,,
1435,tx,202489,0,0,RUNNING,,,,,,,,,,,,,,
1436,stats,202489,8249,0,RUNNING,,0,0,506,393,0,0,0,0,0,393,0,0,
1437,tx,202509,0,0,RUNNING,,,,,,,,,,,,,,
1438,rx,202530,181111148,1,RUNNING,398,-66,9,,,,,,,,,,,
1439,tx,202530,0,0,RUNNING,,,,,,,,,,,,,,
1440,tx,202570,0,0,RUNNING,,,,,,,,,,,,,,
1441,tx,202610,0,0,RUNNING,,,,,,,,,,,,,,
1442,rx,202744,181311065,1,RUNNING,399,-65,9,,,,,,,,,,,
1443,tx,202744,0,0,RUNNING,,,,,,,,,,,,,,
1444,tx,202764,0,0,RUNNING,,,,,,,,,,,,,,
1445,tx,202804,0,0,RUNNING,,,,,,,,,,,,,,
1446,rx,202998,181511134,1,RUNNING,400,-66,9,,,,,,,,,,,
1447,tx,202998,0,0,RUNNING,,,,,,,,,,,,,,
1448,tx,203018,0,0,RUNNING,,,,,,,,,,,,,,
1449,rx,203119,181711141,1,RUNNING,401,-65,8,,,,,,,,,,,
1450,tx,203119,0,0,RUNNING,,,,,,,,,,,,,,
1451,tx,203253,0,0,RUNNING,,,,,,,,,,,,,,
1452,tx,203313,0,0,RUNNING,,,,,,,,,,,,,,
1453,rx,203333,181911146,1,RUNNING,402,-66,9,,,,,,,,,,,
1454,tx,203333,0,0,RUNNING,,,,,,,,,,,,,,
1455,tx,203353,0,0,RUNNING,,,,,,,,,,,,,,
1456,tx,203507,0,0,RUNNING,,,,,,,,,,,,,,
1457,stats,203507,8290,0,RUNNING,,0,0,511,398,0,0,0,0,0,398,0,0,
1458,rx,203527,182111148,1,RUNNING,403,-66,8,,,,,,,,,,,
1459,tx,203527,0,0,RUNNING,,,,,,,,,,,,,,
1460,tx,203567,0,0,RUNNING,,,,,,,,,,,,,,
1461,tx,203608,0,0,RUNNING,,,,,,,,,,,,,,
1462,rx,203762,182311134,1,RUNNING,404,-65,9,,,,,,,,,,,
1463,tx,203762,0,0,RUNNING,,,,,,,,,,,,,,
1464,tx,203822,0,0,RUNNING,,,,,,,,,,,,,,
1465,rx,204016,182511143,1,RUNNING,405,-66,9,,,,,,,,,,,
1466,tx,204016,0,0,RUNNING,,,,,,,,,,,,,,
1467,rx,204116,182711145,1,RUNNING,406,-66,8,,,,,,,,,,,
1468,tx,204116,0,0,RUNNING,,,,,,,,,,,,,,
1469,tx,204270,0,0,RUNNING,,,,,,,,,,,,,,
1470,tx,204310,0,0,RUNNING,,,,,,,,,,,,,,
1471,rx,204330,182911147,1,RUNNING,407,-66,8,,,,,,,,,,,
1472,tx,204330,0,0,RUNNING,,,,,,,,,,,,,,
1473,tx,204370,0,0,RUNNING,,,,,,,,,,,,,,
1474,rx,204524,183111148,1,RUNNING,408,-65,9,,,,,,,,,,,
1475,tx,204524,0,0,RUNNING,,,,,,,,,,,,,,
1476,stats,204524,8849,0,RUNNING,,0,0,516,404,0,0,0,0,0,404,0,0,
1477,tx,204565,0,0,RUNNING,,,,,,,,,,,,,,
1478,tx,204605,0,0,RUNNING,,,,,,,,,,,,,,
1479,rx,204778,183311103,1,RUNNING,409,-65,8,,,,,,,,,,,
1480,tx,204778,0,0,RUNNING,,,,,,,,,,,,,,
1481,tx,204819,0,0,RUNNING,,,,,,,,,,,,,,
1482,rx,205032,183511145,1,RUNNING,410,-66,9,,,,,,,,,,,
1483,tx,205032,0,0,RUNNING,,,,,,,,,,,,,,
1484,tx,205113,0,0,RUNNING,,,,,,,,,,,,,,
1485,rx,205133,183711141,1,RUNNING,411,-66,9,,,,,,,,,,,
1486,tx,205133,0,0,RUNNING,,,,,,,,,,,,,,
1487,tx,205287,0,0,RUNNING,,,,,,,,,,,,,,
1488,tx,205307,0,0,RUNNING,,,,,,,,,,,,,,
1489,rx,205327,183911146,1,RUNNING,412,-66,8,,,,,,,,,,,
1490,tx,205327,0,0,RUNNING,,,,,,,,,,,,,,
1491,tx,205367,0,0,RUNNING,,,,,,,,,,,,,,
1492,tx,205407,0,0,RUNNING,,,,,,,,,,,,,,
1493,rx,205541,184111146,1,RUNNING,413,-65,9,,,,,,,,,,,
1494,tx,205541,0,0,RUNNING,,,,,,,,,,,,,,
1495,stats,205541,8847,0,RUNNING,,0,0,521,409,0,0,0,0,0,409,0,0,
1496,tx,205561,0,0,RUNNING,,,,,,,,,,,,,,
1497,tx,205622,0,0,RUNNING,,,,,,,,,,,,,,
1498,rx,205795,184311123,1,RUNNING,414,-66,9,,,,,,,,,,,
1499,tx,205795,0,0,RUNNING,,,,,,,,,,,,,,
1500,tx,205815,0,0,RUNNING,,,,,,,,,,,,,,
1501,rx,205916,184511137,1,RUNNING,415,-66,9,,,,,,,,,,,
1502,tx,205916,0,0,RUNNING,,,,,,,,,,,,,,
1503,tx,206049,0,0,RUNNING,,,,,,,,,,,,,,
1504,tx,206109,0,0,RUNNING,,,,,,,,,,,,,,
1505,rx,206129,184711144,1,RUNNING,416,-66,8,,,,,,,,,,,
1506,tx,206129,0,0,RUNNING,,,,,,,,,,,,,,
1507,tx,206170,0,0,RUNNING,,,,,,,,,,,,,,
1508,tx,206303,0,0,RUNNING,,,,,,,,,,,,,,
1509,rx,206323,184911130,1,RUNNING,417,-66,9,,,,,,,,,,,
1510,tx,206323,0,0,RUNNING,,,,,,,,,,,,,,
1511,tx,206364,0,0,RUNNING,,,,,,,,,,,,,,
1512,tx,206404,0,0,RUNNING,,,,,,,,,,,,,,
1513,rx,206558,185111133,1,RUNNING,418,-65,9,,,,,,,,,,,
1514,tx,206558,0,0,RUNNING,,,,,,,,,,,,,,
1515,stats,206558,8834,0,RUNNING,,0,0,526,414,0,0,0,0,0,414,0,0,
1516,tx,206618,0,0,RUNNING,,,,,,,,,,,,,,
1517,rx,206812,185311139,1,RUNNING,419,-66,9,,,,,,,,,,,
1518,tx,206812,0,0,RUNNING,,,,,,,,,,,,,,
1519,tx,206912,0,0,RUNNING,,,,,,,,,,,,,,
1520,rx,206932,185511145,1,RUNNING,420,-65,9,,,,,,,,,,,
1521,tx,206933,0,0,RUNNING,,,,,,,,,,,,,,
1522,tx,207066,0,0,RUNNING,,,,,,,,,,,,,,
1523,tx,207106,0,0,RUNNING,,,,,,,,,,,,,,
1524,rx,207127,185711153,1,RUNNING,421,-66,9,,,,,,,,,,,
1525,tx,207127,0,0,RUNNING,,,,,,,,,,,,,,
1526,tx,207167,0,0,RUNNING,,,,,,,,,,,,,,
1527,rx,207320,185911148,1,RUNNING,422,-66,9,,,,,,,,,,,
1528,tx,207320,0,0,RUNNING,,,,,,,,,,,,,,
1529,tx,207361,0,0,RUNNING,,,,,,,,,,,,,,
1530,tx,207421,0,0,RUNNING,,,,,,,,,,,,,,
1531,rx,207575,186111127,1,RUNNING,423,-66,10,,,,,,,,,,,
1532,tx,207575,0,0,RUNNING,,,,,,,,,,,,,,
1533,stats,207575,8828,0,RUNNING,,0,0,531,419,0,0,0,0,0,419,0,0,
1534,tx,207615,0,0,RUNNING,,,,,,,,,,,,,,
1535,rx,207829,186311118,1,RUNNING,424,-66,9,,,,,,,,,,,
1536,tx,207829,0,0,RUNNING,,,,,,,,,,,,,,
1537,tx,207910,0,0,RUNNING,,,,,,,,,,,,,,
1538,rx,207930,186511132,1,RUNNING,425,-66,8,,,,,,,,,,,
1539,tx,207930,0,0,RUNNING,,,,,,,,,,,,,,
1540,tx,208083,0,0,RUNNING,,,,,,,,,,,,,,
1541,rx,208123,186711139,1,RUNNING,426,-66,9,,,,,,,,,,,
1542,tx,208123,0,0,RUNNING,,,,,,,,,,,,,,
1543,tx,208164,0,0,RUNNING,,,,,,,,,,,,,,
1544,tx,208204,0,0,RUNNING,,,,,,,,,,,,,,
1545,rx,208338,186911145,1,RUNNING,427,-66,9,,,,,,,,,,,
1546,tx,208338,0,0,RUNNING,,,,,,,,,,,,,,
1547,tx,208358,0,0,RUNNING,,,,,,,,,,,,,,
1548,tx,208418,0,0,RUNNING,,,,,,,,,,,,,,
1549,rx,208592,187111148,1,RUNNING,428,-65,9,,,,,,,,,,,
1550,tx,208592,0,0,RUNNING,,,,,,,,,,,,,,
1551,stats,208592,8849,0,RUNNING,,0,0,536,424,0,0,0,0,0,424,0,0,
1552,tx,208612,0,0,RUNNING,,,,,,,,,,,,,,
1553,tx,208713,0,0,RUNNING,,,,,,,,,,,,,,
1554,rx,208846,187311147,1,RUNNING,429,-65,9,,,,,,,,,,,
1555,tx,208846,0,0,RUNNING,,,,,,,,,,,,,,
1556,tx,208906,0,0,RUNNING,,,,,,,,,,,,,,
1557,rx,208926,187511149,1,RUNNING,430,-66,8,,,,,,,,,,,
1558,tx,208927,0,0,RUNNING,,,,,,,,,,,,,,
1559,tx,208967,0,0,RUNNING,,,,,,,,,,,,,,
1560,tx,209107,0,0,RUNNING,,,,,,,,,,,,,,
1561,rx,209127,187711150,1,RUNNING,431,-66,8,,,,,,,,,,,
1562,tx,209127,0,0,RUNNING,,,,,,,,,,,,,,
1563,tx,209167,0,0,RUNNING,,,,,,,,,,,,,,
1564,tx,209207,0,0,RUNNING,,,,,,,,,,,,,,
1565,rx,209361,187911100,1,RUNNING,432,-66,7,,,,,,,,,,,
1566,tx,209361,0,0,RUNNING,,,,,,,,,,,,,,
1567,tx,209422,0,0,RUNNING,,,,,,,,,,,,,,
1568,rx,209616,188111148,1,RUNNING,433,-66,9,,,,,,,,,,,
1569,tx,209616,0,0,RUNNING,,,,,,,,,,,,,,
1570,stats,209616,8849,0,RUNNING,,0,0,541,429,0,0,0,0,0,429,0,0,
1571,rx,209716,188311147,1,RUNNING,434,-66,9,,,,,,,,,,,
1572,tx,209716,0,0,RUNNING,,,,,,,,,,,,,,
1573,tx,209870,0,0,RUNNING,,,,,,,,,,,,,,
1574,tx,209910,0,0,RUNNING,,,,,,,,,,,,,,
1575,rx,209930,188511148,1,RUNNING,435,-66,8,,,,,,,,,,,
1576,tx,209930,0,0,RUNNING,,,,,,,,,,,,,,
1577,tx,209970,0,0,RUNNING,,,,,,,,,,,,,,
1578,rx,210124,188711171,1,RUNNING,436,-66,8,,,,,,,,,,,
1579,tx,210124,0,0,RUNNING,,,,,,,,,,,,,,
1580,tx,210164,0,0,RUNNING,,,,,,,,,,,,,,
1581,tx,210205,0,0,RUNNING,,,,,,,,,,,,,,
1582,rx,210378,188911149,1,RUNNING,437,-66,10,,,,,,,,,,,
1583,tx,210378,0,0,RUNNING,,,,,,,,,,,,,,
1584,tx,210418,0,0,RUNNING,,,,,,,,,,,,,,
1585,rx,210632,189111151,1,RUNNING,438,-66,8,,,,,,,,,,,
1586,tx,210632,0,0,RUNNING,,,,,,,,,,,,,,
1587,stats,210632,8852,0,RUNNING,,0,0,546,434,0,0,0,0,0,434,0,0,
1588,tx,210713,0,0,RUNNING,,,,,,,,,,,,,,
1589,rx,210733,189311149,1,RUNNING,439,-66,9,,,,,,,,,,,
1590,tx,210733,0,0,RUNNING,,,,,,,,,,,,,,
1591,tx,210887,0,0,RUNNING,,,,,,,,,,,,,,
1592,tx,210907,0,0,RUNNING,,,,,,,,,,,,,,
1593,rx,210927,189511149,1,RUNNING,440,-66,8,,,,,,,,,,,
1594,tx,210927,0,0,RUNNING,,,,,,,,,,,,,,
1595,tx,210967,0,0,RUNNING,,,,,,,,,,,,,,
1596,tx,211007,0,0,RUNNING,,,,,,,,,,,,,,
1597,rx,211141,189711144,1,RUNNING,441,-66,9,,,,,,,,,,,
1598,tx,211141,0,0,RUNNING,,,,,,,,,,,,,,
1599,tx,211161,0,0,RUNNING,,,,,,,,,,,,,,
1600,tx,211222,0,0,RUNNING,,,,,,,,,,,,,,
1601,rx,211395,189911126,1,RUNNING,442,-66,8,,,,,,,,,,,
1602,tx,211395,0,0,RUNNING,,,,,,,,,,,,,,
1603,tx,211415,0,0,RUNNING,,,,,,,,,,,,,,
1604,rx,211516,190111134,1,RUNNING,443,-66,8,,,,,,,,,,,
1605,tx,211516,0,0,RUNNING,,,,,,,,,,,,,,
1606,tx,211649,0,0,RUNNING,,,,,,,,,,,,,,
1607,stats,211649,8835,0,RUNNING,,0,0,551,439,0,0,0,0,0,439,0,0,
1608,tx,211709,0,0,RUNNING,,,,,,,,,,,,,,
1609,rx,211729,190311142,1,RUNNING,444,-66,9,,,,,,,,,,,
1610,tx,211730,0,0,RUNNING,,,,,,,,,,,,,,
1611,tx,211770,0,0,RUNNING,,,,,,,,,,,,,,
1612,tx,211903,0,0,RUNNING,,,,,,,,,,,,,,
1613,rx,211923,190511131,1,RUNNING,445,-66,9,,,,,,,,,,,
1614,tx,211923,0,0,RUNNING,,,,,,,,,,,,,,
1615,tx,211964,0,0,RUNNING,,,,,,,,,,,,,,
1616,tx,212004,0,0,RUNNING,,,,,,,,,,,,,,
1617,rx,212158,190711139,1,RUNNING,446,-66,9,,,,,,,,,,,
1618,tx,212158,0,0,RUNNING,,,,,,,,,,,,,,
1619,tx,212218,0,0,RUNNING,,,,,,,,,,,,,,
1620,rx,212412,190911138,1,RUNNING,447,-66,9,,,,,,,,,,,
1621,tx,212412,0,0,RUNNING,,,,,,,,,,,,,,
1622,tx,212512,0,0,RUNNING,,,,,,,,,,,,,,
1623,rx,212533,191111143,1,RUNNING,448,-65,9,,,,,,,,,,,
1624,tx,212533,0,0,RUNNING,,,,,,,,,,,,,,
1625,tx,212672,0,0,RUNNING,,,,,,,,,,,,,,
1626,stats,212672,8291,0,RUNNING,,0,0,557,444,0,0,0,0,0,444,0,0,
1627,tx,212712,0,0,RUNNING,,,,,,,,,,,,,,
1628,rx,212733,191311148,1,RUNNING,449,-66,8,,,,,,,,,,,
1629,tx,212733,0,0,RUNNING,,,,,,,,,,,,,,
1630,tx,212773,0,0,RUNNING,,,,,,,,,,,,,,
1631,rx,212926,191511099,1,RUNNING,450,-66,8,,,,,,,,,,,
1632,tx,212927,0,0,RUNNING,,,,,,,,,,,,,,
1633,tx,212967,0,0,RUNNING,,,,,,,,,,,,,,
1634,tx,213007,0,0,RUNNING,,,,,,,,,,,,,,
1635,rx,213181,191711114,1,RUNNING,451,-65,9,,,,,,,,,,,
1636,tx,213181,0,0,RUNNING,,,,,,,,,,,,,,
1637,tx,213221,0,0,RUNNING,,,,,,,,,,,,,,
1638,rx,213435,191911138,1,RUNNING,452,-66,9,,,,,,,,,,,
1639,tx,213435,0,0,RUNNING,,,,,,,,,,,,,,
1640,rx,213516,192111143,1,RUNNING,453,-66,9,,,,,,,,,,,
1641,tx,213516,0,0,RUNNING,,,,,,,,,,,,,,
1642,tx,213556,0,0,RUNNING,,,,,,,,,,,,,,
1643,tx,213690,0,0,RUNNING,,,,,,,,,,,,,,
1644,stats,213690,8249,0,RUNNING,,0,0,562,449,0,0,0,0,0,449,0,0,
1645,tx,213710,0,0,RUNNING,,,,,,,,,,,,,,
1646,rx,213730,192311146,1,RUNNING,454,-66,8,,,,,,,,,,,
1647,tx,213730,0,0,RUNNING,,,,,,,,,,,,,,
1648,tx,213770,0,0,RUNNING,,,,,,,,,,,,,,
1649,tx,213810,0,0,RUNNING,,,,,,,,,,,,,,
1650,rx,213944,192511138,1,RUNNING,455,-66,9,,,,,,,,,,,
1651,tx,213944,0,0,RUNNING,,,,,,,,,,,,,,
1652,tx,213964,0,0,RUNNING,,,,,,,,,,,,,,
1653,tx,214005,0,0,RUNNING,,,,,,,,,,,,,,
1654,rx,214198,192711136,1,RUNNING,456,-66,8,,,,,,,,,,,
1655,tx,214198,0,0,RUNNING,,,,,,,,,,,,,,
1656,tx,214219,0,0,RUNNING,,,,,,,,,,,,,,
1657,rx,214319,192911141,1,RUNNING,457,-65,8,,,,,,,,,,,
1658,tx,214319,0,0,RUNNING,,,,,,,,,,,,,,
1659,tx,214453,0,0,RUNNING,,,,,,,,,,,,,,
1660,tx,214513,0,0,RUNNING,,,,,,,,,,,,,,
1661,rx,214533,193111145,1,RUNNING,458,-66,9,,,,,,,,,,,
1662,tx,214533,0,0,RUNNING,,,,,,,,,,,,,,
1663,tx,214554,0,0,RUNNING,,,,,,,,,,,,,,
1664,tx,214707,0,0,RUNNING,,,,,,,,,,,,,,
1665,stats,214707,8271,0,RUNNING,,0,0,567,454,0,0,0,0,0,454,0,0,
1666,rx,214727,193311148,1,RUNNING,459,-66,8,,,,,,,,,,,
1667,tx,214727,0,0,RUNNING,,,,,,,,,,,,,,
1668,tx,214767,0,0,RUNNING,,,,,,,,,,,,,,
1669,tx,214808,0,0,RUNNING,,,,,,,,,,,,,,
1670,rx,214962,193511124,1,RUNNING,460,-65,9,,,,,,,,,,,
1671,tx,214962,0,0,RUNNING,,,,,,,,,,,,,,
1672,tx,215022,0,0,RUNNING,,,,,,,,,,,,,,
1673,rx,215216,193711145,1,RUNNING,461,-66,8,,,,,,,,,,,
1674,tx,215216,0,0,RUNNING,,,,,,,,,,,,,,
1675,rx,215317,193911145,1,RUNNING,462,-66,8,,,,,,,,,,,
1676,tx,215317,0,0,RUNNING,,,,,,,,,,,,,,
1677,tx,215470,0,0,RUNNING,,,,,,,,,,,,,,
1678,tx,215510,0,0,RUNNING,,,,,,,,,,,,,,
1679,rx,215530,194111148,1,RUNNING,463,-66,9,,,,,,,,,,,
1680,tx,215530,0,0,RUNNING,,,,,,,,,,,,,,
1681,tx,215570,0,0,RUNNING,,,,,,,,,,,,,,
1682,rx,215725,194311142,1,RUNNING,464,-66,9,,,,,,,,,,,
1683,tx,215725,0,0,RUNNING,,,,,,,,,,,,,,
1684,stats,215725,8843,0,RUNNING,,0,0,572,460,0,0,0,0,0,460,0,0,
1685,tx,215765,0,0,RUNNING,,,,,,,,,,,,,,
1686,tx,215805,0,0,RUNNING,,,,,,,,,,,,,,
1687,rx,215979,194511145,1,RUNNING,465,-65,9,,,,,,,,,,,
1688,tx,215979,0,0,RUNNING,,,,,,,,,,,,,,
1689,tx,216019,0,0,RUNNING,,,,,,,,,,,,,,
1690,rx,216232,194711145,1,RUNNING,466,-65,8,,,,,,,,,,,
1691,tx,216232,0,0,RUNNING,,,,,,,,,,,,,,
1692,tx,216313,0,0,RUNNING,,,,,,,,,,,,,,
1693,rx,216333,194911149,1,RUNNING,467,-65,9,,,,,,,,,,,
1694,tx,216333,0,0,RUNNING,,,,,,,,,,,,,,
1695,tx,216487,0,0,RUNNING,,,,,,,,,,,,,,
1696,tx,216507,0,0,RUNNING,,,,,,,,,,,,,,
1697,rx,216527,195111149,1,RUNNING,468,-65,9,,,,,,,,,,,
1698,tx,216527,0,0,RUNNING,,,,,,,,,,,,,,
1699,tx,216567,0,0,RUNNING,,,,,,,,,,,,,,
1700,tx,216607,0,0,RUNNING,,,,,,,,,,,,,,
1701,rx,216741,195311107,1,RUNNING,469,-65,8,,,,,,,,,,,
1702,tx,216741,0,0,RUNNING,,,,,,,,,,,,,,
1703,stats,216741,8808,0,RUNNING,,0,0,577,465,0,0,0,0,0,465,0,0,
1704,tx,216761,0,0,RUNNING,,,,,,,,,,,,,,
1705,tx,216822,0,0,RUNNING,,,,,,,,,,,,,,
1706,rx,216995,195511119,1,RUNNING,470,-66,9,,,,,,,,,,,
1707,tx,216995,0,0,RUNNING,,,,,,,,,,,,,,
1708,tx,217015,0,0,RUNNING,,,,,,,,,,,,,,
1709,rx,217116,195711132,1,RUNNING,471,-66,9,,,,,,,,,,,
1710,tx,217116,0,0,RUNNING,,,,,,,,,,,,,,
1711,tx,217249,0,0,RUNNING,,,,,,,,,,,,,,
1712,tx,217309,0,0,RUNNING,,,,,,,,,,,,,,
1713,rx,217330,195911160,1,RUNNING,472,-66,9,,,,,,,,,,,
1714,tx,217330,0,0,RUNNING,,,,,,,,,,,,,,
1715,tx,217370,0,0,RUNNING,,,,,,,,,,,,,,
1716,tx,217503,0,0,RUNNING,,,,,,,,,,,,,,
1717,rx,217523,196111133,1,RUNNING,473,-66,9,,,,,,,,,,,
1718,tx,217523,0,0,RUNNING,,,,,,,,,,,,,,
1719,tx,217564,0,0,RUNNING,,,,,,,,,,,,,,
1720,tx,217604,0,0,RUNNING,,,,,,,,,,,,,,
1721,rx,217758,196311132,1,RUNNING,474,-66,9,,,,,,,,,,,
1722,tx,217758,0,0,RUNNING,,,,,,,,,,,,,,
1723,stats,217758,8833,0,RUNNING,,0,0,582,470,0,0,0,0,0,470,0,0,
1724,tx,217818,0,0,RUNNING,,,,,,,,,,,,,,
1725,rx,218012,196511142,1,RUNNING,475,-66,9,,,,,,,,,,,
1726,tx,218012,0,0,RUNNING,,,,,,,,,,,,,,
1727,tx,218113,0,0,RUNNING,,,,,,,,,,,,,,
1728,rx,218133,196711145,1,RUNNING,476,-66,8,,,,,,,,,,,
1729,tx,218133,0,0,RUNNING,,,,,,,,,,,,,,
1730,tx,218266,0,0,RUNNING,,,,,,,,,,,,,,
1731,tx,218307,0,0,RUNNING,,,,,,,,,,,,,,
1732,rx,218327,196911147,1,RUNNING,477,-66,9,,,,,,,,,,,
1733,tx,218327,0,0,RUNNING,,,,,,,,,,,,,,
1734,tx,218367,0,0,RUNNING,,,,,,,,,,,,,,
1735,rx,218520,197111140,1,RUNNING,478,-66,8,,,,,,,,,,,
1736,tx,218520,0,0,RUNNING,,,,,,,,,,,,,,
1737,tx,218561,0,0,RUNNING,,,,,,,,,,,,,,
1738,tx,218621,0,0,RUNNING,,,,,,,,,,,,,,
1739,rx,218775,197311131,1,RUNNING,479,-66,9,,,,,,,,,,,
1740,tx,218775,0,0,RUNNING,,,,,,,,,,,,,,
1741,stats,218775,8832,0,RUNNING,,0,0,587,475,0,0,0,0,0,475,0,0,
1742,tx,218815,0,0,RUNNING,,,,,,,,,,,,,,
1743,rx,219029,197511124,1,RUNNING,480,-66,8,,,,,,,,,,,
1744,tx,219029,0,0,RUNNING,,,,,,,,,,,,,,
1745,tx,219109,0,0,RUNNING,,,,,,,,,,,,,,
1746,rx,219130,197711138,1,RUNNING,481,-66,9,,,,,,,,,,,
1747,tx,219130,0,0,RUNNING,,,,,,,,,,,,,,
1748,tx,219283,0,0,RUNNING,,,,,,,,,,,,,,
1749,rx,219323,197911142,1,RUNNING,482,-66,8,,,,,,,,,,,
1750,tx,219323,0,0,RUNNING,,,,,,,,,,,,,,
1751,tx,219364,0,0,RUNNING,,,,,,,,,,,,,,
1752,tx,219404,0,0,RUNNING,,,,,,,,,,,,,,
1753,rx,219537,198111126,1,RUNNING,483,-66,9,,,,,,,,,,,
1754,tx,219537,0,0,RUNNING,,,,,,,,,,,,,,
1755,tx,219557,0,0,RUNNING,,,,,,,,,,,,,,
1756,tx,219618,0,0,RUNNING,,,,,,,,,,,,,,
1757,rx,219792,198311142,1,RUNNING,484,-66,9,,,,,,,,,,,
1758,tx,219792,0,0,RUNNING,,,,,,,,,,,,,,
1759,stats,219792,8843,0,RUNNING,,0,0,592,480,0,0,0,0,0,480,0,0,
1760,tx,219812,0,0,RUNNING,,,,,,,,,,,,,,
1761,tx,219912,0,0,RUNNING,,,,,,,,,,,,,,
1762,rx,220046,198511147,1,RUNNING,485,-66,9,,,,,,,,,,,
1763,tx,220046,0,0,RUNNING,,,,,,,,,,,,,,
1764,tx,220106,0,0,RUNNING,,,,,,,,,,,,,,
1765,rx,220126,198711148,1,RUNNING,486,-66,9,,,,,,,,,,,
1766,tx,220126,0,0,RUNNING,,,,,,,,,,,,,,
1767,tx,220167,0,0,RUNNING,,,,,,,,,,,,,,
1768,tx,220306,0,0,RUNNING,,,,,,,,,,,,,,
1769,rx,220327,198911108,1,RUNNING,487,-66,9,,,,,,,,,,,
1770,tx,220327,0,0,RUNNING,,,,,,,,,,,,,,
1771,tx,220367,0,0,RUNNING,,,,,,,,,,,,,,
1772,tx,220407,0,0,RUNNING,,,,,,,,,,,,,,
1773,rx,220561,199111132,1,RUNNING,488,-66,9,,,,,,,,,,,
1774,tx,220561,0,0,RUNNING,,,,,,,,,,,,,,
1775,tx,220622,0,0,RUNNING,,,,,,,,,,,,,,
1776,rx,220816,199311141,1,RUNNING,489,-66,9,,,,,,,,,,,
1777,tx,220816,0,0,RUNNING,,,,,,,,,,,,,,
1778,stats,220816,8842,0,RUNNING,,0,0,597,485,0,0,0,0,0,485,0,0,
1779,rx,220916,199511144,1,RUNNING,490,-66,7,,,,,,,,,,,
1780,tx,220916,0,0,RUNNING,,,,,,,,,,,,,,
1781,tx,221070,0,0,RUNNING,,,,,,,,,,,,,,
1782,tx,221110,0,0,RUNNING,,,,,,,,,,,,,,
1783,rx,221130,199711145,1,RUNNING,491,-65,9,,,,,,,,,,,
1784,tx,221130,0,0,RUNNING,,,,,,,,,,,,,,
1785,tx,221170,0,0,RUNNING,,,,,,,,,,,,,,
1786,rx,221324,199911145,1,RUNNING,492,-66,9,,,,,,,,,,,
1787,tx,221324,0,0,RUNNING,,,,,,,,,,,,,,
1788,tx,221364,0,0,RUNNING,,,,,,,,,,,,,,
1789,tx,221404,0,0,RUNNING,,,,,,,,,,,,,,
1790,rx,221578,200111147,1,RUNNING,493,-66,9,,,,,,,,,,,
1791,tx,221578,0,0,RUNNING,,,,,,,,,,,,,,
1792,tx,221618,0,0,RUNNING,,,,,,,,,,,,,,
1793,rx,221832,200311148,1,RUNNING,494,-66,10,,,,,,,,,,,
1794,tx,221832,0,0,RUNNING,,,,,,,,,,,,,,
1795,stats,221832,8849,0,RUNNING,,0,0,602,490,0,0,0,0,0,490,0,0,
1796,tx,221912,0,0,RUNNING,,,,,,,,,,,,,,
1797,rx,221932,200511147,1,RUNNING,495,-66,9,,,,,,,,,,,
1798,tx,221932,0,0,RUNNING,,,,,,,,,,,,,,
1799,tx,222086,0,0,RUNNING,,,,,,,,,,,,,,
1800,tx,222106,0,0,RUNNING,,,,,,,,,,,,,,
1801,rx,222126,200711149,1,RUNNING,496,-66,9,,,,,,,,,,,
1802,tx,222126,0,0,RUNNING,,,,,,,,,,,,,,
1803,tx,222166,0,0,RUNNING,,,,,,,,,,,,,,
1804,tx,222207,0,0,RUNNING,,,,,,,,,,,,,,
1805,rx,222340,200911116,1,RUNNING,497,-66,9,,,,,,,,,,,
1806,tx,222340,0,0,RUNNING,,,,,,,,,,,,,,
1807,tx,222361,0,0,RUNNING,,,,,,,,,,,,,,
1808,tx,222421,0,0,RUNNING,,,,,,,,,,,,,,
1809,rx,222595,201111126,1,RUNNING,498,-66,9,,,,,,,,,,,
1810,tx,222595,0,0,RUNNING,,,,,,,,,,,,,,
1811,tx,222615,0,0,RUNNING,,,,,,,,,,,,,,
1812,rx,222715,201311135,1,RUNNING,499,-66,9,,,,,,,,,,,
1813,tx,222715,0,0,RUNNING,,,,,,,,,,,,,,
1814,tx,222849,0,0,RUNNING,,,,,,,,,,,,,,
1815,stats,222849,8836,0,RUNNING,,0,0,607,495,0,0,0,0,0,495,0,0,
1816,tx,222909,0,0,RUNNING,,,,,,,,,,,,,,
1817,rx,222929,201511144,1,RUNNING,500,-66,9,,,,,,,,,,,
1818,tx,222929,0,0,RUNNING,,,,,,,,,,,,,,
1819,tx,222969,0,0,RUNNING,,,,,,,,,,,,,,
1820,tx,223103,0,0,RUNNING,,,,,,,,,,,,,,
1821,rx,223123,201711126,1,RUNNING,501,-65,9,,,,,,,,,,,
1822,tx,223123,0,0,RUNNING,,,,,,,,,,,,,,
1823,tx,223163,0,0,RUNNING,,,,,,,,,,,,,,
1824,tx,223204,0,0,RUNNING,,,,,,,,,,,,,,
1825,rx,223358,201911117,1,RUNNING,502,-65,8,,,,,,,,,,,
1826,tx,223358,0,0,RUNNING,,,,,,,,,,,,,,
1827,tx,223418,0,0,RUNNING,,,,,,,,,,,,,,
1828,rx,223612,202111133,1,RUNNING,503,-66,9,,,,,,,,,,,
1829,tx,223612,0,0,RUNNING,,,,,,,,,,,,,,
1830,tx,223713,0,0,RUNNING,,,,,,,,,,,,,,
1831,rx,223733,202311140,1,RUNNING,504,-66,9,,,,,,,,,,,
1832,tx,223733,0,0,RUNNING,,,,,,,,,,,,,,
1833,tx,223872,0,0,RUNNING,,,,,,,,,,,,,,
1834,stats,223872,8291,0,RUNNING,,0,0,613,500,0,0,0,0,0,500,0,0,
1835,tx,223913,0,0,RUNNING,,,,,,,,,,,,,,
1836,rx,223933,202511144,1,RUNNING,505,-65,8,,,,,,,,,,,
1837,tx,223933,0,0,RUNNING,,,,,,,,,,,,,,
1838,tx,223973,0,0,RUNNING,,,,,,,,,,,,,,
1839,rx,224127,202711105,1,RUNNING,506,-66,9,,,,,,,,,,,
1840,tx,224127,0,0,RUNNING,,,,,,,,,,,,,,
1841,tx,224167,0,0,RUNNING,,,,,,,,,,,,,,
1842,tx,224207,0,0,RUNNING,,,,,,,,,,,,,,
1843,rx,224381,202911124,1,RUNNING,507,-66,9,,,,,,,,,,,
1844,tx,224381,0,0,RUNNING,,,,,,,,,,,,,,
1845,tx,224421,0,0,RUNNING,,,,,,,,,,,,,,
1846,rx,224635,203111141,1,RUNNING,508,-65,9,,,,,,,,,,,
1847,tx,224635,0,0,RUNNING,,,,,,,,,,,,,,
1848,rx,224716,203311145,1,RUNNING,509,-66,8,,,,,,,,,,,
1849,tx,224716,0,0,RUNNING,,,,,,,,,,,,,,
1850,tx,224756,0,0,RUNNING,,,,,,,,,,,,,,
1851,tx,224890,0,0,RUNNING,,,,,,,,,,,,,,
1852,stats,224890,8248,0,RUNNING,,0,0,618,505,0,0,0,0,0,505,0,0,
1853,tx,224910,0,0,RUNNING,,,,,,,,,,,,,,
1854,rx,224930,203511148,1,RUNNING,510,-66,8,,,,,,,,,,,
1855,tx,224930,0,0,RUNNING,,,,,,,,,,,,,,
1856,tx,224970,0,0,RUNNING,,,,,,,,,,,,,,
1857,tx,225010,0,0,RUNNING,,,,,,,,,,,,,,
1858,rx,225144,203711120,1,RUNNING,511,-66,8,,,,,,,,,,,
1859,tx,225144,0,0,RUNNING,,,,,,,,,,,,,,
1860,tx,225164,0,0,RUNNING,,,,,,,,,,,,,,
1861,tx,225205,0,0,RUNNING,,,,,,,,,,,,,,
1862,rx,225398,203911132,1,RUNNING,512,-65,8,,,,,,,,,,,
1863,tx,225399,0,0,RUNNING,,,,,,,,,,,,,,
1864,tx,225419,0,0,RUNNING,,,,,,,,,,,,,,
1865,rx,225519,204111139,1,RUNNING,513,-66,9,,,,,,,,,,,
1866,tx,225519,0,0,RUNNING,,,,,,,,,,,,,,
1867,tx,225653,0,0,RUNNING,,,,,,,,,,,,,,
1868,tx,225713,0,0,RUNNING,,,,,,,,,,,,,,
1869,rx,225733,204311144,1,RUNNING,514,-66,9,,,,,,,,,,,
1870,tx,225733,0,0,RUNNING,,,,,,,,,,,,,,
1871,tx,225754,0,0,RUNNING,,,,,,,,,,,,,,
1872,tx,225907,0,0,RUNNING,,,,,,,,,,,,,,
1873,stats,225907,8277,0,RUNNING,,0,0,623,510,0,0,0,0,0,510,0,0,
1874,rx,225927,204511106,1,RUNNING,515,-66,9,,,,,,,,,,,
1875,tx,225927,0,0,RUNNING,,,,,,,,,,,,,,
1876,tx,225967,0,0,RUNNING,,,,,,,,,,,,,,
1877,tx,226008,0,0,RUNNING,,,,,,,,,,,,,,
1878,rx,226162,204711129,1,RUNNING,516,-65,8,,,,,,,,,,,
1879,tx,226162,0,0,RUNNING,,,,,,,,,,,,,,
1880,tx,226222,0,0,RUNNING,,,,,,,,,,,,,,
1881,rx,226416,204911145,1,RUNNING,517,-66,9,,,,,,,,,,,
1882,tx,226416,0,0,RUNNING,,,,,,,,,,,,,,
1883,rx,226517,205111145,1,RUNNING,518,-66,8,,,,,,,,,,,
1884,tx,226517,0,0,RUNNING,,,,,,,,,,,,,,
1885,tx,226670,0,0,RUNNING,,,,,,,,,,,,,,
1886,tx,226710,0,0,RUNNING,,,,,,,,,,,,,,
1887,rx,226730,205311146,1,RUNNING,519,-66,9,,,,,,,,,,,
1888,tx,226730,0,0,RUNNING,,,,,,,,,,,,,,
1889,tx,226771,0,0,RUNNING,,,,,,,,,,,,,,
1890,rx,226925,205511140,1,RUNNING,520,-66,9,,,,,,,,,,,
1891,tx,226925,0,0,RUNNING,,,,,,,,,,,,,,
1892,stats,226925,8841,0,RUNNING,,0,0,628,516,0,0,0,0,0,516,0,0,
1893,tx,226965,0,0,RUNNING,,,,,,,,,,,,,,
1894,tx,227005,0,0,RUNNING,,,,,,,,,,,,,,
1895,rx,227179,205711144,1,RUNNING,521,-66,8,,,,,,,,,,,
1896,tx,227179,0,0,RUNNING,,,,,,,,,,,,,,
1897,tx,227219,0,0,RUNNING,,,,,,,,,,,,,,
1898,rx,227432,205911147,1,RUNNING,522,-66,9,,,,,,,,,,,
1899,tx,227432,0,0,RUNNING,,,,,,,,,,,,,,
1900,tx,227513,0,0,RUNNING,,,,,,,,,,,,,,
1901,rx,227533,206111147,1,RUNNING,523,-66,9,,,,,,,,,,,
1902,tx,227533,0,0,RUNNING,,,,,,,,,,,,,,
1903,tx,227687,0,0,RUNNING,,,,,,,,,,,,,,
1904,tx,227707,0,0,RUNNING,,,,,,,,,,,,,,
1905,rx,227727,206311149,1,RUNNING,524,-65,9,,,,,,,,,,,
1906,tx,227727,0,0,RUNNING,,,,,,,,,,,,,,
1907,tx,227767,0,0,RUNNING,,,,,,,,,,,,,,
1908,tx,227808,0,0,RUNNING,,,,,,,,,,,,,,
1909,rx,227941,206511147,1,RUNNING,525,-65,9,,,,,,,,,,,
1910,tx,227941,0,0,RUNNING,,,,,,,,,,,,,,
1911,stats,227941,8848,0,RUNNING,,0,0,633,521,0,0,0,0,0,521,0,0,
1912,tx,227962,0,0,RUNNING,,,,,,,,,,,,,,
1913,tx,228022,0,0,RUNNING,,,,,,,,,,,,,,
1914,rx,228195,206711125,1,RUNNING,526,-66,9,,,,,,,,,,,
1915,tx,228195,0,0,RUNNING,,,,,,,,,,,,,,
1916,tx,228215,0,0,RUNNING,,,,,,,,,,,,,,
1917,rx,228316,206911135,1,RUNNING,527,-66,8,,,,,,,,,,,
1918,tx,228316,0,0,RUNNING,,,,,,,,,,,,,,
1919,tx,228449,0,0,RUNNING,,,,,,,,,,,,,,
1920,tx,228510,0,0,RUNNING,,,,,,,,,,,,,,
1921,rx,228530,207111143,1,RUNNING,528,-65,9,,,,,,,,,,,
1922,tx,228530,0,0,RUNNING,,,,,,,,,,,,,,
1923,tx,228570,0,0,RUNNING,,,,,,,,,,,,,,
1924,tx,228703,0,0,RUNNING,,,,,,,,,,,,,,
1925,rx,228724,207311079,1,RUNNING,529,-66,9,,,,,,,,,,,
1926,tx,228724,0,0,RUNNING,,,,,,,,,,,,,,
1927,tx,228764,0,0,RUNNING,,,,,,,,,,,,,,
1928,tx,228804,0,0,RUNNING,,,,,,,,,,,,,,
1929,rx,228958,207511135,1,RUNNING,530,-66,9,,,,,,,,,,,
1930,tx,228958,0,0,RUNNING,,,,,,,,,,,,,,
1931,stats,228958,8836,0,RUNNING,,0,0,638,526,0,0,0,0,0,526,0,0,
1932,tx,229018,0,0,RUNNING,,,,,,,,,,,,,,
1933,rx,229212,207711141,1,RUNNING,531,-66,9,,,,,,,,,,,
1934,tx,229212,0,0,RUNNING,,,,,,,,,,,,,,
1935,tx,229313,0,0,RUNNING,,,,,,,,,,,,,,
1936,rx,229333,207911143,1,RUNNING,532,-66,8,,,,,,,,,,,
1937,tx,229333,0,0,RUNNING,,,,,,,,,,,,,,
1938,tx,229466,0,0,RUNNING,,,,,,,,,,,,,,
1939,tx,229507,0,0,RUNNING,,,,,,,,,,,,,,
1940,rx,229527,208111144,1,RUNNING,533,-66,9,,,,,,,,,,,
1941,tx,229527,0,0,RUNNING,,,,,,,,,,,,,,
1942,tx,229567,0,0,RUNNING,,,,,,,,,,,,,,
1943,rx,229721,208311134,1,RUNNING,534,-65,8,,,,,,,,,,,
1944,tx,229721,0,0,RUNNING,,,,,,,,,,,,,,
1945,tx,229761,0,0,RUNNING,,,,,,,,,,,,,,
1946,tx,229821,0,0,RUNNING,,,,,,,,,,,,,,
1947,rx,229975,208511135,1,RUNNING,535,-65,9,,,,,,,,,,,
1948,tx,229975,0,0,RUNNING,,,,,,,,,,,,,,
1949,stats,229975,8836,0,RUNNING,,0,0,643,531,0,0,0,0,0,531,0,0,
1950,tx,230016,0,0,RUNNING,,,,,,,,,,,,,,
1951,rx,230229,208711124,1,RUNNING,536,-66,9,,,,,,,,,,,
1952,tx,230229,0,0,RUNNING,,,,,,,,,,,,,,
1953,tx,230310,0,0,RUNNING,,,,,,,,,,,,,,
1954,rx,230330,208911136,1,RUNNING,537,-66,9,,,,,,,,,,,
1955,tx,230330,0,0,RUNNING,,,,,,,,,,,,,,
1956,tx,230483,0,0,RUNNING,,,,,,,,,,,,,,
1957,rx,230523,209111101,1,RUNNING,538,-66,9,,,,,,,,,,,
1958,tx,230523,0,0,RUNNING,,,,,,,,,,,,,,
1959,tx,230564,0,0,RUNNING,,,,,,,,,,,,,,
1960,tx,230604,0,0,RUNNING,,,,,,,,,,,,,,
1961,rx,230737,209311145,1,RUNNING,539,-66,8,,,,,,,,,,,
1962,tx,230737,0,0,RUNNING,,,,,,,,,,,,,,
1963,tx,230757,0,0,RUNNING,,,,,,,,,,,,,,
1964,tx,230818,0,0,RUNNING,,,,,,,,,,,,,,
1965,rx,230992,209511147,1,RUNNING,540,-66,9,,,,,,,,,,,
1966,tx,230992,0,0,RUNNING,,,,,,,,,,,,,,
1967,stats,230992,8848,0,RUNNING,,0,0,648,536,0,0,0,0,0,536,0,0,
1968,tx,231012,0,0,RUNNING,,,,,,,,,,,,,,
1969,tx,231113,0,0,RUNNING,,,,,,,,,,,,,,
1970,rx,231246,209711147,1,RUNNING,541,-65,9,,,,,,,,,,,
1971,tx,231246,0,0,RUNNING,,,,,,,,,,,,,,
1972,tx,231306,0,0,RUNNING,,,,,,,,,,,,,,
1973,rx,231326,209911146,1,RUNNING,542,-65,9,,,,,,,,,,,
1974,tx,231326,0,0,RUNNING,,,,,,,,,,,,,,
1975,tx,231367,0,0,RUNNING,,,,,,,,,,,,,,
1976,tx,231507,0,0,RUNNING,,,,,,,,,,,,,,
1977,rx,231527,210111150,1,RUNNING,543,-66,8,,,,,,,,,,,
1978,tx,231527,0,0,RUNNING,,,,,,,,,,,,,,
1979,tx,231567,0,0,RUNNING,,,,,,,,,,,,,,
1980,tx,231607,0,0,RUNNING,,,,,,,,,,,,,,
1981,rx,231762,210311120,1,RUNNING,544,-65,9,,,,,,,,,,,
1982,tx,231762,0,0,RUNNING,,,,,,,,,,,,,,
1983,tx,231822,0,0,RUNNING,,,,,,,,,,,,,,
1984,rx,232016,210511148,1,RUNNING,545,-66,8,,,,,,,,,,,
1985,tx,232016,0,0,RUNNING,,,,,,,,,,,,,,
1986,stats,232016,8849,0,RUNNING,,0,0,653,541,0,0,0,0,0,541,0,0,
1987,rx,232116,210711149,1,RUNNING,546,-66,9,,,,,,,,,,,
1988,tx,232116,0,0,RUNNING,,,,,,,,,,,,,,
1989,tx,232270,0,0,RUNNING,,,,,,,,,,,,,,
1990,tx,232310,0,0,RUNNING,,,,,,,,,,,,,,
1991,rx,232330,210911147,1,RUNNING,547,-66,8,,,,,,,,,,,
1992,tx,232330,0,0,RUNNING,,,,,,,,,,,,,,
1993,tx,232370,0,0,RUNNING,,,,,,,,,,,,,,
1994,rx,232524,211111127,1,RUNNING,548,-66,9,,,,,,,,,,,
1995,tx,232524,0,0,RUNNING,,,,,,,,,,,,,,
1996,tx,232564,0,0,RUNNING,,,,,,,,,,,,,,
1997,tx,232604,0,0,RUNNING,,,,,,,,,,,,,,
1998,rx,232778,211311149,1,RUNNING,549,-66,9,,,,,,,,,,,
1999,tx,232778,0,0,RUNNING,,,,,,,,,,,,,,
2000,tx,232818,0,0,RUNNING,,,,,,,,,,,,,,
2001,rx,233032,211511149,1,RUNNING,550,-65,9,,,,,,,,,,,
2002,tx,233032,0,0,RUNNING,,,,,,,,,,,,,,
2003,stats,233032,8850,0,RUNNING,,0,0,658,546,0,0,0,0,0,546,0,0,
2004,tx,233112,0,0,RUNNING,,,,,,,,,,,,,,
2005,rx,233132,211711149,1,RUNNING,551,-66,8,,,,,,,,,,,
2006,tx,233132,0,0,RUNNING,,,,,,,,,,,,,,
2007,tx,233286,0,0,RUNNING,,,,,,,,,,,,,,
2008,tx,233306,0,0,RUNNING,,,,,,,,,,,,,,
2009,rx,233326,211911109,1,RUNNING,552,-66,8,,,,,,,,,,,
2010,tx,233326,0,0,RUNNING,,,,,,,,,,,,,,
2011,tx,233367,0,0,RUNNING,,,,,,,,,,,,,,
2012,tx,233407,0,0,RUNNING,,,,,,,,,,,,,,
2013,rx,233541,212111148,1,RUNNING,553,-65,8,,,,,,,,,,,
2014,tx,233541,0,0,RUNNING,,,,,,,,,,,,,,
2015,tx,233561,0,0,RUNNING,,,,,,,,,,,,,,
2016,tx,233621,0,0,RUNNING,,,,,,,,,,,,,,
2017,rx,233795,212311120,1,RUNNING,554,-65,9,,,,,,,,,,,
2018,tx,233795,0,0,RUNNING,,,,,,,,,,,,,,
2019,tx,233815,0,0,RUNNING,,,,,,,,,,,,,,
2020,rx,233915,212511133,1,RUNNING,555,-66,8,,,,,,,,,,,
2021,tx,233915,0,0,RUNNING,,,,,,,,,,,,,,
2022,tx,234049,0,0,RUNNING,,,,,,,,,,,,,,
2023,stats,234049,8834,0,RUNNING,,0,0,663,551,0,0,0,0,0,551,0,0,
2024,tx,234109,0,0,RUNNING,,,,,,,,,,,,,,
2025,rx,234129,212711140,1,RUNNING,556,-66,8,,,,,,,,,,,
2026,tx,234129,0,0,RUNNING,,,,,,,,,,,,,,
2027,tx,234170,0,0,RUNNING,,,,,,,,,,,,,,
2028,tx,234303,0,0,RUNNING,,,,,,,,,,,,,,
2029,rx,234323,212911126,1,RUNNING,557,-66,8,,,,,,,,,,,
2030,tx,234323,0,0,RUNNING,,,,,,,,,,,,,,
2031,tx,234364,0,0,RUNNING,,,,,,,,,,,,,,
2032,tx,234404,0,0,RUNNING,,,,,,,,,,,,,,
2033,rx,234558,213111109,1,RUNNING,558,-66,8,,,,,,,,,,,
2034,tx,234558,0,0,RUNNING,,,,,,,,,,,,,,
2035,tx,234618,0,0,RUNNING,,,,,,,,,,,,,,
2036,rx,234812,213311128,1,RUNNING,559,-66,9,,,,,,,,,,,
2037,tx,234812,0,0,RUNNING,,,,,,,,,,,,,,
2038,tx,234913,0,0,RUNNING,,,,,,,,,,,,,,
2039,rx,234933,213511138,1,RUNNING,560,-65,9,,,,,,,,,,,
2040,tx,234933,0,0,RUNNING,,,,,,,,,,,,,,
2041,tx,235072,0,0,RUNNING,,,,,,,,,,,,,,
2042,stats,235073,8290,0,RUNNING,,0,0,669,556,0,0,0,0,0,556,0,0,
2043,tx,235113,0,0,RUNNING,,,,,,,,,,,,,,
2044,rx,235133,213711137,1,RUNNING,561,-66,9,,,,,,,,,,,
2045,tx,235133,0,0,RUNNING,,,,,,,,,,,,,,
2046,tx,235173,0,0,RUNNING,,,,,,,,,,,,,,
2047,rx,235327,213911135,1,RUNNING,562,-65,8,,,,,,,,,,,
2048,tx,235327,0,0,RUNNING,,,,,,,,,,,,,,
2049,tx,235367,0,0,RUNNING,,,,,,,,,,,,,,
2050,tx,235407,0,0,RUNNING,,,,,,,,,,,,,,
2051,rx,235581,214111112,1,RUNNING,563,-66,9,,,,,,,,,,,
2052,tx,235581,0,0,RUNNING,,,,,,,,,,,,,,
2053,tx,235621,0,0,RUNNING,,,,,,,,,,,,,,
2054,rx,235836,214311139,1,RUNNING,564,-66,9,,,,,,,,,,,
2055,tx,235836,0,0,RUNNING,,,,,,,,,,,,,,
2056,rx,235916,214511137,1,RUNNING,565,-66,9,,,,,,,,,,,
2057,tx,235916,0,0,RUNNING,,,,,,,,,,,,,,
2058,tx,235956,0,0,RUNNING,,,,,,,,,,,,,,
2059,tx,236090,0,0,RUNNING,,,,,,,,,,,,,,
2060,stats,236090,8249,0,RUNNING,,0,0,674,561,0,0,0,0,0,561,0,0,
2061,tx,236110,0,0,RUNNING,,,,,,,,,,,,,,
2062,rx,236130,214711106,1,RUNNING,566,-66,9,,,,,,,,,,,
2063,tx,236130,0,0,RUNNING,,,,,,,,,,,,,,
2064,tx,236170,0,0,RUNNING,,,,,,,,,,,,,,
2065,tx,236210,0,0,RUNNING,,,,,,,,,,,,,,
2066,rx,236344,214911119,1,RUNNING,567,-65,9,,,,,,,,,,,
2067,tx,236344,0,0,RUNNING,,,,,,,,,,,,,,
2068,tx,236365,0,0,RUNNING,,,,,,,,,,,,,,
2069,tx,236405,0,0,RUNNING,,,,,,,,,,,,,,
2070,rx,236599,215111139,1,RUNNING,568,-65,9,,,,,,,,,,,
2071,tx,236599,0,0,RUNNING,,,,,,,,,,,,,,
2072,tx,236619,0,0,RUNNING,,,,,,,,,,,,,,
2073,rx,236719,215311143,1,RUNNING,569,-65,8,,,,,,,,,,,
2074,tx,236719,0,0,RUNNING,,,,,,,,,,,,,,
2075,tx,236853,0,0,RUNNING,,,,,,,,,,,,,,
2076,tx,236913,0,0,RUNNING,,,,,,,,,,,,,,
2077,rx,236934,215511144,1,RUNNING,570,-65,9,,,,,,,,,,,
2078,tx,236934,0,0,RUNNING,,,,,,,,,,,,,,
2079,tx,236954,0,0,RUNNING,,,,,,,,,,,,,,
2080,tx,237107,0,0,RUNNING,,,,,,,,,,,,,,
2081,stats,237107,8290,0,RUNNING,,0,0,679,566,0,0,0,0,0,566,0,0,
2082,rx,237127,215711148,1,RUNNING,571,-65,9,,,,,,,,,,,
2083,tx,237127,0,0,RUNNING,,,,,,,,,,,,,,
2084,tx,237168,0,0,RUNNING,,,,,,,,,,,,,,
2085,tx,237208,0,0,RUNNING,,,,,,,,,,,,,,
2086,rx,237362,215911088,1,RUNNING,572,-66,9,,,,,,,,,,,
2087,tx,237362,0,0,RUNNING,,,,,,,,,,,,,,
2088,tx,237422,0,0,RUNNING,,,,,,,,,,,,,,
2089,rx,237616,216111149,1,RUNNING,573,-66,9,,,,,,,,,,,
2090,tx,237616,0,0,RUNNING,,,,,,,,,,,,,,
2091,rx,237717,216311147,1,RUNNING,574,-66,8,,,,,,,,,,,
2092,tx,237717,0,0,RUNNING,,,,,,,,,,,,,,
2093,tx,237870,0,0,RUNNING,,,,,,,,,,,,,,
2094,tx,237910,0,0,RUNNING,,,,,,,,,,,,,,
2095,rx,237930,216511147,1,RUNNING,575,-66,9,,,,,,,,,,,
2096,tx,237930,0,0,RUNNING,,,,,,,,,,,,,,
2097,tx,237971,0,0,RUNNING,,,,,,,,,,,,,,
2098,rx,238125,216711148,1,RUNNING,576,-66,9,,,,,,,,,,,
2099,tx,238125,0,0,RUNNING,,,,,,,,,,,,,,
2100,stats,238125,8849,0,RUNNING,,0,0,684,572,0,0,0,0,0,572,0,0,
2101,tx,238165,0,0,RUNNING,,,,,,,,,,,,,,
2102,tx,238205,0,0,RUNNING,,,,,,,,,,,,,,
2103,rx,238379,216911149,1,RUNNING,577,-66,9,,,,,,,,,,,
2104,tx,238379,0,0,RUNNING,,,,,,,,,,,,,,
2105,tx,238419,0,0,RUNNING,,,,,,,,,,,,,,
2106,rx,238633,217111149,1,RUNNING,578,-65,9,,,,,,,,,,,
2107,tx,238633,0,0,RUNNING,,,,,,,,,,,,,,
2108,tx,238713,0,0,RUNNING,,,,,,,,,,,,,,
2109,rx,238733,217311149,1,RUNNING,579,-65,8,,,,,,,,,,,
2110,tx,238733,0,0,RUNNING,,,,,,,,,,,,,,
2111,tx,238887,0,0,RUNNING,,,,,,,,,,,,,,
2112,tx,238907,0,0,RUNNING,,,,,,,,,,,,,,
2113,rx,238927,217511148,1,RUNNING,580,-66,9,,,,,,,,,,,
2114,tx,238927,0,0,RUNNING,,,,,,,,,,,,,,
2115,tx,238967,0,0,RUNNING,,,,,,,,,,,,,,
2116,tx,239008,0,0,RUNNING,,,,,,,,,,,,,,
2117,rx,239141,217711147,1,RUNNING,581,-66,8,,,,,,,,,,,
2118,tx,239141,0,0,RUNNING,,,,,,,,,,,,,,
2119,stats,239142,8848,0,RUNNING,,0,0,689,577,0,0,0,0,0,577,0,0,
2120,tx,239162,0,0,RUNNING,,,,,,,,,,,,,,
2121,tx,239222,0,0,RUNNING,,,,,,,,,,,,,,
2122,rx,239395,217911125,1,RUNNING,582,-65,8,,,,,,,,,,,
2123,tx,239395,0,0,RUNNING,,,,,,,,,,,,,,
2124,tx,239416,0,0,RUNNING,,,,,,,,,,,,,,
2125,rx,239516,218111136,1,RUNNING,583,-65,9,,,,,,,,,,,
2126,tx,239516,0,0,RUNNING,,,,,,,,,,,,,,
2127,tx,239649,0,0,RUNNING,,,,,,,,,,,,,,
2128,tx,239710,0,0,RUNNING,,,,,,,,,,,,,,
2129,rx,239730,218311142,1,RUNNING,584,-66,9,,,,,,,,,,,
2130,tx,239730,0,0,RUNNING,,,,,,,,,,,,,,
2131,tx,239770,0,0,RUNNING,,,,,,,,,,,,,,
2132,tx,239903,0,0,RUNNING,,,,,,,,,,,,,,
2133,rx,239924,218511123,1,RUNNING,585,-65,9,,,,,,,,,,,
2134,tx,239924,0,0,RUNNING,,,,,,,,,,,,,,
2135,tx,239964,0,0,RUNNING,,,,,,,,,,,,,,
2136,tx,240004,0,0,RUNNING,,,,,,,,,,,,,,
2137,rx,240158,218711135,1,RUNNING,586,-66,8,,,,,,,,,,,
2138,tx,240158,0,0,RUNNING,,,,,,,,,,,,,,
2139,stats,240158,8836,0,RUNNING,,0,0,694,582,0,0,0,0,0,582,0,0,
2140,tx,240218,0,0,RUNNING,,,,,,,,,,,,,,
2141,rx,240412,218911142,1,RUNNING,587,-66,9,,,,,,,,,,,
2142,tx,240412,0,0,RUNNING,,,,,,,,,,,,,,
2143,tx,240513,0,0,RUNNING,,,,,,,,,,,,,,
2144,rx,240533,219111145,1,RUNNING,588,-66,8,,,,,,,,,,,
2145,tx,240533,0,0,RUNNING,,,,,,,,,,,,,,
2146,tx,240667,0,0,RUNNING,,,,,,,,,,,,,,
2147,tx,240707,0,0,RUNNING,,,,,,,,,,,,,,
2148,rx,240727,219311105,1,RUNNING,589,-66,8,,,,,,,,,,,
2149,tx,240727,0,0,RUNNING,,,,,,,,,,,,,,
2150,tx,240767,0,0,RUNNING,,,,,,,,,,,,,,
2151,rx,240921,219511148,1,RUNNING,590,-65,9,,,,,,,,,,,
2152,tx,240921,0,0,RUNNING,,,,,,,,,,,,,,
2153,tx,240961,0,0,RUNNING,,,,,,,,,,,,,,
2154,tx,241021,0,0,RUNNING,,,,,,,,,,,,,,
2155,rx,241175,219711128,1,RUNNING,591,-66,9,,,,,,,,,,,
2156,tx,241175,0,0,RUNNING,,,,,,,,,,,,,,
2157,stats,241175,8829,0,RUNNING,,0,0,699,587,0,0,0,0,0,587,0,0,
2158,tx,241216,0,0,RUNNING,,,,,,,,,,,,,,
2159,rx,241429,219911122,1,RUNNING,592,-66,8,,,,,,,,,,,
2160,tx,241429,0,0,RUNNING,,,,,,,,,,,,,,
2161,tx,241510,0,0,RUNNING,,,,,,,,,,,,,,
2162,rx,241530,220111134,1,RUNNING,593,-65,9,,,,,,,,,,,
2163,tx,241530,0,0,RUNNING,,,,,,,,,,,,,,
2164,tx,241683,0,0,RUNNING,,,,,,,,,,,,,,
2165,rx,241724,220311158,1,RUNNING,594,-66,9,,,,,,,,,,,
2166,tx,241724,0,0,RUNNING,,,,,,,,,,,,,,
2167,tx,241764,0,0,RUNNING,,,,,,,,,,,,,,
2168,tx,241804,0,0,RUNNING,,,,,,,,,,,,,,
2169,rx,241938,220511144,1,RUNNING,595,-65,9,,,,,,,,,,,
2170,tx,241938,0,0,RUNNING,,,,,,,,,,,,,,
2171,tx,241958,0,0,RUNNING,,,,,,,,,,,,,,
2172,tx,242018,0,0,RUNNING,,,,,,,,,,,,,,
2173,rx,242192,220711147,1,RUNNING,596,-66,9,,,,,,,,,,,
2174,tx,242192,0,0,RUNNING,,,,,,,,,,,,,,
2175,stats,242192,8848,0,RUNNING,,0,0,704,592,0,0,0,0,0,592,0,0,
2176,tx,242212,0,0,RUNNING,,,,,,,,,,,,,,
2177,tx,242313,0,0,RUNNING,,,,,,,,,,,,,,
2178,rx,242446,220911147,1,RUNNING,597,-65,8,,,,,,,,,,,
2179,tx,242446,0,0,RUNNING,,,,,,,,,,,,,,
2180,tx,242506,0,0,RUNNING,,,,,,,,,,,,,,
2181,rx,242527,221111148,1,RUNNING,598,-65,8,,,,,,,,,,,
2182,tx,242527,0,0,RUNNING,,,,,,,,,,,,,,
2183,tx,242567,0,0,RUNNING,,,,,,,,,,,,,,
2184,tx,242707,0,0,RUNNING,,,,,,,,,,,,,,
2185,rx,242727,221311148,1,RUNNING,599,-65,9,,,,,,,,,,,
2186,tx,242727,0,0,RUNNING,,,,,,,,,,,,,,
2187,tx,242767,0,0,RUNNING,,,,,,,,,,,,,,
2188,tx,242807,0,0,RUNNING,,,,,,,,,,,,,,
2189,rx,242962,221511127,1,RUNNING,600,-66,9,,,,,,,,,,,
2190,tx,242962,0,0,RUNNING,,,,,,,,,,,,,,
2191,tx,243022,0,0,RUNNING,,,,,,,,,,,,,,
2192,rx,243216,221711147,1,RUNNING,601,-65,9,,,,,,,,,,,
2193,tx,243216,0,0,RUNNING,,,,,,,,,,,,,,
2194,stats,243216,8848,0,RUNNING,,0,0,709,597,0,0,0,0,0,597,0,0,
2195,rx,243316,221911147,1,RUNNING,602,-65,8,,,,,,,,,,,
2196,tx,243317,0,0,RUNNING,,,,,,,,,,,,,,
2197,tx,243470,0,0,RUNNING,,,,,,,,,,,,,,
2198,tx,243510,0,0,RUNNING,,,,,,,,,,,,,,
2199,rx,243530,222111181,1,RUNNING,603,-65,8,,,,,,,,,,,
2200,tx,243530,0,0,RUNNING,,,,,,,,,,,,,,
2201,tx,243570,0,0,RUNNING,,,,,,,,,,,,,,
2202,rx,243724,222311143,1,RUNNING,604,-66,10,,,,,,,,,,,
2203,tx,243724,0,0,RUNNING,,,,,,,,,,,,,,
2204,tx,243764,0,0,RUNNING,,,,,,,,,,,,,,
2205,tx,243804,0,0,RUNNING,,,,,,,,,,,,,,
2206,rx,243978,222511146,1,RUNNING,605,-65,8,,,,,,,,,,,
2207,tx,243978,0,0,RUNNING,,,,,,,,,,,,,,
2208,tx,244019,0,0,RUNNING,,,,,,,,,,,,,,
2209,rx,244232,222711147,1,RUNNING,606,-65,9,,,,,,,,,,,
2210,tx,244232,0,0,RUNNING,,,,,,,,,,,,,,
2211,stats,244232,8848,0,RUNNING,,0,0,714,602,0,0,0,0,0,602,0,0,
2212,tx,244313,0,0,RUNNING,,,,,,,,,,,,,,
2213,rx,244333,222911145,1,RUNNING,607,-65,9,,,,,,,,,,,
2214,tx,244333,0,0,RUNNING,,,,,,,,,,,,,,
2215,tx,244486,0,0,RUNNING,,,,,,,,,,,,,,
2216,tx,244507,0,0,RUNNING,,,,,,,,,,,,,,
2217,rx,244527,223111108,1,RUNNING,608,-66,9,,,,,,,,,,,
2218,tx,244527,0,0,RUNNING,,,,,,,,,,,,,,
2219,tx,244567,0,0,RUNNING,,,,,,,,,,,,,,
2220,tx,244607,0,0,RUNNING,,,,,,,,,,,,,,
2221,rx,244741,223311148,1,RUNNING,609,-66,10,,,,,,,,,,,
2222,tx,244741,0,0,RUNNING,,,,,,,,,,,,,,
2223,tx,244761,0,0,RUNNING,,,,,,,,,,,,,,
2224,tx,244822,0,0,RUNNING,,,,,,,,,,,,,,
2225,rx,244995,223511124,1,RUNNING,610,-66,8,,,,,,,,,,,
2226,tx,244995,0,0,RUNNING,,,,,,,,,,,,,,
2227,tx,245016,0,0,RUNNING,,,,,,,,,,,,,,
2228,rx,245116,223711133,1,RUNNING,611,-66,9,,,,,,,,,,,
2229,tx,245116,0,0,RUNNING,,,,,,,,,,,,,,
2230,tx,245249,0,0,RUNNING,,,,,,,,,,,,,,
2231,stats,245249,8834,0,RUNNING,,0,0,719,607,0,0,0,0,0,607,0,0,
2232,tx,245310,0,0,RUNNING,,,,,,,,,,,,,,
2233,rx,245330,223911142,1,RUNNING,612,-66,9,,,,,,,,,,,
2234,tx,245330,0,0,RUNNING,,,,,,,,,,,,,,
2235,tx,245370,0,0,RUNNING,,,,,,,,,,,,,,
2236,tx,245503,0,0,RUNNING,,,,,,,,,,,,,,
2237,rx,245524,224111132,1,RUNNING,613,-66,9,,,,,,,,,,,
2238,tx,245524,0,0,RUNNING,,,,,,,,,,,,,,
2239,tx,245564,0,0,RUNNING,,,,,,,,,,,,,,
2240,tx,245604,0,0,RUNNING,,,,,,,,,,,,,,
2241,rx,245758,224311151,1,RUNNING,614,-66,9,,,,,,,,,,,
2242,tx,245758,0,0,RUNNING,,,,,,,,,,,,,,
2243,tx,245818,0,0,RUNNING,,,,,,,,,,,,,,
2244,rx,246012,224511150,1,RUNNING,615,-66,9,,,,,,,,,,,
2245,tx,246012,0,0,RUNNING,,,,,,,,,,,,,,
2246,tx,246113,0,0,RUNNING,,,,,,,,,,,,,,
2247,rx,246133,224711149,1,RUNNING,616,-66,9,,,,,,,,,,,
2248,tx,246133,0,0,RUNNING,,,,,,,,,,,,,,
2249,tx,246273,0,0,RUNNING,,,,,,,,,,,,,,
2250,stats,246273,8292,0,RUNNING,,0,0,725,612,0,0,0,0,0,612,0,0,
2251,tx,246313,0,0,RUNNING,,,,,,,,,,,,,,
2252,rx,246333,224911100,1,RUNNING,617,-66,8,,,,,,,,,,,
2253,tx,246333,0,0,RUNNING,,,,,,,,,,,,,,
2254,tx,246373,0,0,RUNNING,,,,,,,,,,,,,,
2255,rx,246527,225111145,1,RUNNING,618,-66,8,,,,,,,,,,,
2256,tx,246527,0,0,RUNNING,,,,,,,,,,,,,,
2257,tx,246567,0,0,RUNNING,,,,,,,,,,,,,,
2258,tx,246607,0,0,RUNNING,,,,,,,,,,,,,,
2259,rx,246781,225311121,1,RUNNING,619,-66,8,,,,,,,,,,,
2260,tx,246781,0,0,RUNNING,,,,,,,,,,,,,,
2261,tx,246822,0,0,RUNNING,,,,,,,,,,,,,,
2262,rx,247036,225511140,1,RUNNING,620,-66,9,,,,,,,,,,,
2263,tx,247036,0,0,RUNNING,,,,,,,,,,,,,,
2264,rx,247116,225711143,1,RUNNING,621,-66,9,,,,,,,,,,,
2265,tx,247116,0,0,RUNNING,,,,,,,,,,,,,,
2266,tx,247156,0,0,RUNNING,,,,,,,,,,,,,,
2267,tx,247290,0,0,RUNNING,,,,,,,,,,,,,,
2268,stats,247290,8249,0,RUNNING,,0,0,730,617,0,0,0,0,0,617,0,0,
2269,tx,247310,0,0,RUNNING,,,,,,,,,,,,,,
2270,rx,247330,225911142,1,RUNNING,622,-65,9,,,,,,,,,,,
2271,tx,247330,0,0,RUNNING,,,,,,,,,,,,,,
2272,tx,247370,0,0,RUNNING,,,,,,,,,,,,,,
2273,tx,247411,0,0,RUNNING,,,,,,,,,,,,,,
2274,rx,247545,226111143,1,RUNNING,623,-65,9,,,,,,,,,,,
2275,tx,247545,0,0,RUNNING,,,,,,,,,,,,,,
2276,tx,247565,0,0,RUNNING,,,,,,,,,,,,,,
2277,tx,247605,0,0,RUNNING,,,,,,,,,,,,,,
2278,rx,247799,226311136,1,RUNNING,624,-66,9,,,,,,,,,,,
2279,tx,247799,0,0,RUNNING,,,,,,,,,,,,,,
2280,tx,247819,0,0,RUNNING,,,,,,,,,,,,,,
2281,rx,247919,226511139,1,RUNNING,625,-66,9,,,,,,,,,,,
2282,tx,247920,0,0,RUNNING,,,,,,,,,,,,,,
2283,tx,248053,0,0,RUNNING,,,,,,,,,,,,,,
2284,tx,248114,0,0,RUNNING,,,,,,,,,,,,,,
2285,rx,248134,226711141,1,RUNNING,626,-66,8,,,,,,,,,,,
2286,tx,248134,0,0,RUNNING,,,,,,,,,,,,,,
2287,tx,248154,0,0,RUNNING,,,,,,,,,,,,,,
2288,tx,248307,0,0,RUNNING,,,,,,,,,,,,,,
2289,stats,248307,8276,0,RUNNING,,0,0,735,622,0,0,0,0,0,622,0,0,
2290,rx,248328,226911147,1,RUNNING,627,-66,9,,,,,,,,,,,
2291,tx,248328,0,0,RUNNING,,,,,,,,,,,,,,
2292,tx,248368,0,0,RUNNING,,,,,,,,,,,,,,
2293,tx,248408,0,0,RUNNING,,,,,,,,,,,,,,
2294,rx,248562,227111126,1,RUNNING,628,-66,9,,,,,,,,,,,
2295,tx,248562,0,0,RUNNING,,,,,,,,,,,,,,
2296,tx,248623,0,0,RUNNING,,,,,,,,,,,,,,
2297,rx,248816,227311145,1,RUNNING,629,-65,9,,,,,,,,,,,
2298,tx,248816,0,0,RUNNING,,,,,,,,,,,,,,
2299,rx,248917,227511144,1,RUNNING,630,-66,9,,,,,,,,,,,
2300,tx,248917,0,0,RUNNING,,,,,,,,,,,,,,
2301,tx,249070,0,0,RUNNING,,,,,,,,,,,,,,
2302,tx,249110,0,0,RUNNING,,,,,,,,,,,,,,
2303,rx,249131,227711106,1,RUNNING,631,-65,9,,,,,,,,,,,
2304,tx,249131,0,0,RUNNING,,,,,,,,,,,,,,
2305,tx,249171,0,0,RUNNING,,,,,,,,,,,,,,
2306,rx,249325,227911148,1,RUNNING,632,-66,9,,,,,,,,,,,
2307,tx,249325,0,0,RUNNING,,,,,,,,,,,,,,
2308,stats,249325,8849,0,RUNNING,,0,0,740,628,0,0,0,0,0,628,0,0,
2309,tx,249365,0,0,RUNNING,,,,,,,,,,,,,,
2310,tx,249405,0,0,RUNNING,,,,,,,,,,,,,,
2311,rx,249579,228111148,1,RUNNING,633,-66,8,,,,,,,,,,,
2312,tx,249579,0,0,RUNNING,,,,,,,,,,,,,,
2313,tx,249619,0,0,RUNNING,,,,,,,,,,,,,,
2314,rx,249833,228311146,1,RUNNING,634,-66,10,,,,,,,,,,,
2315,tx,249833,0,0,RUNNING,,,,,,,,,,,,,,
2316,tx,249913,0,0,RUNNING,,,,,,,,,,,,,,
2317,rx,249933,228511155,1,RUNNING,635,-65,8,,,,,,,,,,,
2318,tx,249933,0,0,RUNNING,,,,,,,,,,,,,,
2319,tx,250087,0,0,RUNNING,,,,,,,,,,,,,,
2320,tx,250107,0,0,RUNNING,,,,,,,,,,,,,,
2321,rx,250127,228711149,1,RUNNING,636,-66,8,,,,,,,,,,,
2322,tx,250127,0,0,RUNNING,,,,,,,,,,,,,,
2323,tx,250168,0,0,RUNNING,,,,,,,,,,,,,,
2324,tx,250208,0,0,RUNNING,,,,,,,,,,,,,,
2325,rx,250342,228911149,1,RUNNING,637,-65,9,,,,,,,,,,,
2326,tx,250342,0,0,RUNNING,,,,,,,,,,,,,,
2327,stats,250342,8850,0,RUNNING,,0,0,745,633,0,0,0,0,0,633,0,0,
2328,tx,250362,0,0,RUNNING,,,,,,,,,,,,,,
2329,tx,250422,0,0,RUNNING,,,,,,,,,,,,,,
2330,rx,250596,229111119,1,RUNNING,638,-66,9,,,,,,,,,,,
2331,tx,250596,0,0,RUNNING,,,,,,,,,,,,,,
2332,tx,250616,0,0,RUNNING,,,,,,,,,,,,,,
2333,rx,250716,229311133,1,RUNNING,639,-66,9,,,,,,,,,,,
2334,tx,250716,0,0,RUNNING,,,,,,,,,,,,,,
2335,tx,250849,0,0,RUNNING,,,,,,,,,,,,,,
2336,tx,250910,0,0,RUNNING,,,,,,,,,,,,,,
2337,rx,250930,229511141,1,RUNNING,640,-65,9,,,,,,,,,,,
2338,tx,250930,0,0,RUNNING,,,,,,,,,,,,,,
2339,tx,250970,0,0,RUNNING,,,,,,,,,,,,,,
2340,tx,251104,0,0,RUNNING,,,,,,,,,,,,,,
2341,rx,251124,229711135,1,RUNNING,641,-65,9,,,,,,,,,,,
2342,tx,251124,0,0,RUNNING,,,,,,,,,,,,,,
2343,tx,251164,0,0,RUNNING,,,,,,,,,,,,,,
2344,tx,251204,0,0,RUNNING,,,,,,,,,,,,,,
2345,rx,251358,229911143,1,RUNNING,642,-66,9,,,,,,,,,,,
2346,tx,251358,0,0,RUNNING,,,,,,,,,,,,,,
2347,stats,251358,8844,0,RUNNING,,0,0,750,638,0,0,0,0,0,638,0,0,
2348,tx,251418,0,0,RUNNING,,,,,,,,,,,,,,
2349,rx,251612,230111143,1,RUNNING,643,-66,9,,,,,,,,,,,
2350,tx,251612,0,0,RUNNING,,,,,,,,,,,,,,
2351,tx,251713,0,0,RUNNING,,,,,,,,,,,,,,
2352,rx,251733,230311145,1,RUNNING,644,-65,9,,,,,,,,,,,
2353,tx,251733,0,0,RUNNING,,,,,,,,,,,,,,
2354,tx,251867,0,0,RUNNING,,,,,,,,,,,,,,
2355,tx,251907,0,0,RUNNING,,,,,,,,,,,,,,
2356,rx,251927,230511142,1,RUNNING,645,-66,9,,,,,,,,,,,
2357,tx,251927,0,0,RUNNING,,,,,,,,,,,,,,
2358,tx,251967,0,0,RUNNING,,,,,,,,,,,,,,
2359,rx,252121,230711142,1,RUNNING,646,-66,9,,,,,,,,,,,
2360,tx,252121,0,0,RUNNING,,,,,,,,,,,,,,
2361,tx,252161,0,0,RUNNING,,,,,,,,,,,,,,
2362,tx,252221,0,0,RUNNING,,,,,,,,,,,,,,
2363,rx,252375,230911134,1,RUNNING,647,-65,8,,,,,,,,,,,
2364,tx,252375,0,0,RUNNING,,,,,,,,,,,,,,
2365,stats,252376,8835,0,RUNNING,,0,0,755,643,0,0,0,0,0,643,0,0,
2366,tx,252416,0,0,RUNNING,,,,,,,,,,,,,,
2367,rx,252629,231111122,1,RUNNING,648,-66,9,,,,,,,,,,,
2368,tx,252629,0,0,RUNNING,,,,,,,,,,,,,,
2369,tx,252710,0,0,RUNNING,,,,,,,,,,,,,,
2370,rx,252730,231311136,1,RUNNING,649,-66,9,,,,,,,,,,,
2371,tx,252730,0,0,RUNNING,,,,,,,,,,,,,,
2372,tx,252883,0,0,RUNNING,,,,,,,,,,,,,,
2373,rx,252924,231511135,1,RUNNING,650,-66,10,,,,,,,,,,,
2374,tx,252924,0,0,RUNNING,,,,,,,,,,,,,,
2375,tx,252964,0,0,RUNNING,,,,,,,,,,,,,,
2376,tx,253004,0,0,RUNNING,,,,,,,,,,,,,,
2377,rx,253138,231711142,1,RUNNING,651,-65,9,,,,,,,,,,,
2378,tx,253138,0,0,RUNNING,,,,,,,,,,,,,,
2379,tx,253158,0,0,RUNNING,,,,,,,,,,,,,,
2380,tx,253218,0,0,RUNNING,,,,,,,,,,,,,,
2381,rx,253392,231911144,1,RUNNING,652,-65,9,,,,,,,,,,,
2382,tx,253392,0,0,RUNNING,,,,,,,,,,,,,,
2383,stats,253392,8845,0,RUNNING,,0,0,760,648,0,0,0,0,0,648,0,0,
2384,tx,253412,0,0,RUNNING,,,,,,,,,,,,,,
2385,tx,253513,0,0,RUNNING,,,,,,,,,,,,,,
2386,rx,253646,232111146,1,RUNNING,653,-65,9,,,,,,,,,,,
2387,tx,253646,0,0,RUNNING,,,,,,,,,,,,,,
2388,tx,253707,0,0,RUNNING,,,,,,,,,,,,,,
2389,rx,253727,232311148,1,RUNNING,654,-66,8,,,,,,,,,,,
2390,tx,253727,0,0,RUNNING,,,,,,,,,,,,,,
2391,tx,253767,0,0,RUNNING,,,,,,,,,,,,,,
2392,tx,253907,0,0,RUNNING,,,,,,,,,,,,,,
2393,rx,253927,232511143,1,RUNNING,655,-66,9,,,,,,,,,,,
2394,tx,253927,0,0,RUNNING,,,,,,,,,,,,,,
2395,tx,253967,0,0,RUNNING,,,,,,,,,,,,,,
2396,tx,254008,0,0,RUNNING,,,,,,,,,,,,,,
2397,rx,254162,232711129,1,RUNNING,656,-65,8,,,,,,,,,,,
2398,tx,254162,0,0,RUNNING,,,,,,,,,,,,,,
2399,tx,254222,0,0,RUNNING,,,,,,,,,,,,,,
2400,rx,254416,232911147,1,RUNNING,657,-66,9,,,,,,,,,,,
2401,tx,254416,0,0,RUNNING,,,,,,,,,,,,,,
2402,stats,254416,8848,0,RUNNING,,0,0,765,653,0,0,0,0,0,653,0,0,
2403,rx,254517,233111145,1,RUNNING,658,-66,8,,,,,,,,,,,
2404,tx,254517,0,0,RUNNING,,,,,,,,,,,,,,
2405,tx,254670,0,0,RUNNING,,,,,,,,,,,,,,
2406,tx,254710,0,0,RUNNING,,,,,,,,,,,,,,
2407,rx,254730,233311132,1,RUNNING,659,-66,8,,,,,,,,,,,
2408,tx,254730,0,0,RUNNING,,,,,,,,,,,,,,
2409,tx,254771,0,0,RUNNING,,,,,,,,,,,,,,
2410,rx,254924,233511149,1,RUNNING,660,-66,8,,,,,,,,,,,
2411,tx,254924,0,0,RUNNING,,,,,,,,,,,,,,
2412,tx,254964,0,0,RUNNING,,,,,,,,,,,,,,
2413,tx,255005,0,0,RUNNING,,,,,,,,,,,,,,
2414,rx,255178,233711148,1,RUNNING,661,-66,9,,,,,,,,,,,
2415,tx,255178,0,0,RUNNING,,,,,,,,,,,,,,
2416,tx,255218,0,0,RUNNING,,,,,,,,,,,,,,
2417,rx,255432,233911148,1,RUNNING,662,-65,9,,,,,,,,,,,
2418,tx,255432,0,0,RUNNING,,,,,,,,,,,,,,
2419,stats,255432,8849,0,RUNNING,,0,0,770,658,0,0,0,0,0,658,0,0,
2420,tx,255513,0,0,RUNNING,,,,,,,,,,,,,,
2421,rx,255533,234111148,1,RUNNING,663,-66,9,,,,,,,,,,,
2422,tx,255533,0,0,RUNNING,,,,,,,,,,,,,,
2423,tx,255686,0,0,RUNNING,,,,,,,,,,,,,,
2424,tx,255706,0,0,RUNNING,,,,,,,,,,,,,,
2425,rx,255727,234311149,1,RUNNING,664,-66,8,,,,,,,,,,,
2426,tx,255727,0,0,RUNNING,,,,,,,,,,,,,,
2427,tx,255767,0,0,RUNNING,,,,,,,,,,,,,,
2428,tx,255807,0,0,RUNNING,,,,,,,,,,,,,,
2429,rx,255941,234511148,1,RUNNING,665,-66,9,,,,,,,,,,,
2430,tx,255941,0,0,RUNNING,,,,,,,,,,,,,,
2431,tx,255961,0,0,RUNNING,,,,,,,,,,,,,,
2432,tx,256021,0,0,RUNNING,,,,,,,,,,,,,,
2433,rx,256195,234711125,1,RUNNING,666,-66,9,,,,,,,,,,,
2434,tx,256195,0,0,RUNNING,,,,,,,,,,,,,,
2435,tx,256215,0,0,RUNNING,,,,,,,,,,,,,,
2436,rx,256316,234911135,1,RUNNING,667,-66,9,,,,,,,,,,,
2437,tx,256316,0,0,RUNNING,,,,,,,,,,,,,,
2438,tx,256449,0,0,RUNNING,,,,,,,,,,,,,,
2439,stats,256449,8836,0,RUNNING,,0,0,775,663,0,0,0,0,0,663,0,0,
2440,tx,256509,0,0,RUNNING,,,,,,,,,,,,,,
2441,rx,256530,235111095,1,RUNNING,668,-65,8,,,,,,,,,,,
2442,tx,256530,0,0,RUNNING,,,,,,,,,,,,,,
2443,tx,256570,0,0,RUNNING,,,,,,,,,,,,,,
2444,tx,256703,0,0,RUNNING,,,,,,,,,,,,,,
2445,rx,256724,235311131,1,RUNNING,669,-66,9,,,,,,,,,,,
2446,tx,256724,0,0,RUNNING,,,,,,,,,,,,,,
2447,tx,256764,0,0,RUNNING,,,,,,,,,,,,,,
2448,tx,256804,0,0,RUNNING,,,,,,,,,,,,,,
2449,rx,256958,235511116,1,RUNNING,670,-65,8,,,,,,,,,,,
2450,tx,256958,0,0,RUNNING,,,,,,,,,,,,,,
2451,tx,257018,0,0,RUNNING,,,,,,,,,,,,,,
2452,rx,257212,235711132,1,RUNNING,671,-66,9,,,,,,,,,,,
2453,tx,257212,0,0,RUNNING,,,,,,,,,,,,,,
2454,tx,257313,0,0,RUNNING,,,,,,,,,,,,,,
2455,rx,257333,235911137,1,RUNNING,672,-65,9,,,,,,,,,,,
2456,tx,257333,0,0,RUNNING,,,,,,,,,,,,,,
2457,tx,257473,0,0,RUNNING,,,,,,,,,,,,,,
2458,stats,257473,8291,0,RUNNING,,0,0,781,668,0,0,0,0,0,668,0,0,
2459,tx,257513,0,0,RUNNING,,,,,,,,,,,,,,
2460,rx,257533,236111136,1,RUNNING,673,-65,8,,,,,,,,,,,
2461,tx,257533,0,0,RUNNING,,,,,,,,,,,,,,
2462,tx,257573,0,0,RUNNING,,,,,,,,,,,,,,
2463,rx,257727,236311143,1,RUNNING,674,-66,8,,,,,,,,,,,
2464,tx,257727,0,0,RUNNING,,,,,,,,,,,,,,
2465,tx,257767,0,0,RUNNING,,,,,,,,,,,,,,
2466,tx,257808,0,0,RUNNING,,,,,,,,,,,,,,
2467,rx,257981,236511121,1,RUNNING,675,-66,8,,,,,,,,,,,
2468,tx,257982,0,0,RUNNING,,,,,,,,,,,,,,
2469,tx,258022,0,0,RUNNING,,,,,,,,,,,,,,
2470,rx,258236,236711140,1,RUNNING,676,-66,9,,,,,,,,,,,
2471,tx,258236,0,0,RUNNING,,,,,,,,,,,,,,
2472,rx,258316,236911143,1,RUNNING,677,-66,10,,,,,,,,,,,
2473,tx,258316,0,0,RUNNING,,,,,,,,,,,,,,
2474,tx,258356,0,0,RUNNING,,,,,,,,,,,,,,
2475,tx,258490,0,0,RUNNING,,,,,,,,,,,,,,
2476,stats,258490,8249,0,RUNNING,,0,0,786,673,0,0,0,0,0,673,0,0,
2477,tx,258510,0,0,RUNNING,,,,,,,,,,,,,,
2478,rx,258531,237111148,1,RUNNING,678,-66,9,,,,,,,,,,,
2479,tx,258531,0,0,RUNNING,,,,,,,,,,,,,,
2480,tx,258571,0,0,RUNNING,,,,,,,,,,,,,,
2481,tx,258611,0,0,RUNNING,,,,,,,,,,,,,,
2482,rx,258745,237311139,1,RUNNING,679,-65,9,,,,,,,,,,,
2483,tx,258745,0,0,RUNNING,,,,,,,,,,,,,,
2484,tx,258765,0,0,RUNNING,,,,,,,,,,,,,,
2485,tx,258805,0,0,RUNNING,,,,,,,,,,,,,,
2486,rx,258999,237511125,1,RUNNING,680,-66,9,,,,,,,,,,,
2487,tx,258999,0,0,RUNNING,,,,,,,,,,,,,,
2488,tx,259019,0,0,RUNNING,,,,,,,,,,,,,,
2489,rx,259120,237711141,1,RUNNING,681,-66,9,,,,,,,,,,,
2490,tx,259120,0,0,RUNNING,,,,,,,,,,,,,,
2491,tx,259253,0,0,RUNNING,,,,,,,,,,,,,,
2492,rx,259314,237911103,1,RUNNING,682,-66,9,,,,,,,,,,,
2493,tx,259314,0,0,RUNNING,,,,,,,,,,,,,,
2494,tx,259354,0,0,RUNNING,,,,,,,,,,,,,,
2495,tx,259508,0,0,RUNNING,,,,,,,,,,,,,,
2496,stats,259508,8296,0,RUNNING,,0,0,791,678,0,0,0,0,0,678,0,0,
2497,rx,259528,238111143,1,RUNNING,683,-66,8,,,,,,,,,,,
2498,tx,259528,0,0,RUNNING,,,,,,,,,,,,,,
2499,tx,259568,0,0,RUNNING,,,,,,,,,,,,,,
2500,tx,259608,0,0,RUNNING,,,,,,,,,,,,,,
2501,rx,259762,238311134,1,RUNNING,684,-66,9,,,,,,,,,,,
2502,tx,259762,0,0,RUNNING,,,,,,,,,,,,,,
2503,tx,259823,0,0,RUNNING,,,,,,,,,,,,,,
2504,rx,260017,238511149,1,RUNNING,685,-65,8,,,,,,,,,,,
2505,tx,260017,0,0,RUNNING,,,,,,,,,,,,,,
2506,rx,260117,238711147,1,RUNNING,686,-66,8,,,,,,,,,,,
2507,tx,260117,0,0,RUNNING,,,,,,,,,,,,,,
2508,tx,260270,0,0,RUNNING,,,,,,,,,,,,,,
2509,tx,260311,0,0,RUNNING,,,,,,,,,,,,,,
2510,rx,260331,238911147,1,RUNNING,687,-67,9,,,,,,,,,,,
2511,tx,260331,0,0,RUNNING,,,,,,,,,,,,,,
2512,tx,260371,0,0,RUNNING,,,,,,,,,,,,,,
2513,rx,260525,239111106,1,RUNNING,688,-65,9,,,,,,,,,,,
2514,tx,260525,0,0,RUNNING,,,,,,,,,,,,,,
2515,stats,260525,8807,0,RUNNING,,0,0,796,684,0,0,0,0,0,684,0,0,
2516,tx,260566,0,0,RUNNING,,,,,,,,,,,,,,
2517,tx,260606,0,0,RUNNING,,,,,,,,,,,,,,
2518,rx,260779,239311149,1,RUNNING,689,-65,8,,,,,,,,,,,
2519,tx,260779,0,0,RUNNING,,,,,,,,,,,,,,
2520,tx,260819,0,0,RUNNING,,,,,,,,,,,,,,
2521,rx,261033,239511137,1,RUNNING,690,-66,8,,,,,,,,,,,
2522,tx,261033,0,0,RUNNING,,,,,,,,,,,,,,
2523,tx,261114,0,0,RUNNING,,,,,,,,,,,,,,
2524,rx,261134,239711149,1,RUNNING,691,-66,9,,,,,,,,,,,
2525,tx,261134,0,0,RUNNING,,,,,,,,,,,,,,
2526,tx,261154,0,0,RUNNING,,,,,,,,,,,,,,
2527,tx,261287,0,0,RUNNING,,,,,,,,,,,,,,
2528,tx,261307,0,0,RUNNING,,,,,,,,,,,,,,
2529,rx,261328,239911145,1,RUNNING,692,-66,9,,,,,,,,,,,
2530,tx,261328,0,0,RUNNING,,,,,,,,,,,,,,
2531,tx,261368,0,0,RUNNING,,,,,,,,,,,,,,
2532,tx,261408,0,0,RUNNING,,,,,,,,,,,,,,
2533,rx,261542,240111146,1,RUNNING,693,-66,9,,,,,,,,,,,
2534,tx,261542,0,0,RUNNING,,,,,,,,,,,,,,
2535,stats,261542,8847,0,RUNNING,,0,0,801,689,0,0,0,0,0,689,0,0,
2536,tx,261562,0,0,RUNNING,,,,,,,,,,,,,,
2537,tx,261622,0,0,RUNNING,,,,,,,,,,,,,,
2538,rx,261796,240311125,1,RUNNING,694,-65,7,,,,,,,,,,,
2539,tx,261796,0,0,RUNNING,,,,,,,,,,,,,,
2540,tx,261816,0,0,RUNNING,,,,,,,,,,,,,,
2541,rx,261916,240511133,1,RUNNING,695,-65,8,,,,,,,,,,,
2542,tx,261916,0,0,RUNNING,,,,,,,,,,,,,,
2543,tx,262050,0,0,RUNNING,,,,,,,,,,,,,,
2544,tx,262110,0,0,RUNNING,,,,,,,,,,,,,,
2545,rx,262130,240711136,1,RUNNING,696,-66,8,,,,,,,,,,,
2546,tx,262130,0,0,RUNNING,,,,,,,,,,,,,,
2547,tx,262170,0,0,RUNNING,,,,,,,,,,,,,,
2548,tx,262304,0,0,RUNNING,,,,,,,,,,,,,,
2549,rx,262324,240911125,1,RUNNING,697,-66,8,,,,,,,,,,,
2550,tx,262324,0,0,RUNNING,,,,,,,,,,,,,,
2551,tx,262364,0,0,RUNNING,,,,,,,,,,,,,,
2552,tx,262404,0,0,RUNNING,,,,,,,,,,,,,,
2553,rx,262558,241111138,1,RUNNING,698,-66,9,,,,,,,,,,,
2554,tx,262558,0,0,RUNNING,,,,,,,,,,,,,,
2555,stats,262558,8839,0,RUNNING,,0,0,806,694,0,0,0,0,0,694,0,0,
2556,tx,262619,0,0,RUNNING,,,,,,,,,,,,,,
2557,rx,262812,241311144,1,RUNNING,699,-65,9,,,,,,,,,,,
2558,tx,262812,0,0,RUNNING,,,,,,,,,,,,,,
2559,tx,262913,0,0,RUNNING,,,,,,,,,,,,,,
2560,rx,262933,241511145,1,RUNNING,700,-66,8,,,,,,,,,,,
2561,tx,262933,0,0,RUNNING,,,,,,,,,,,,,,
2562,tx,263067,0,0,RUNNING,,,,,,,,,,,,,,
2563,tx,263107,0,0,RUNNING,,,,,,,,,,,,,,
2564,rx,263127,241711142,1,RUNNING,701,-66,9,,,,,,,,,,,
2565,tx,263127,0,0,RUNNING,,,,,,,,,,,,,,
2566,tx,263167,0,0,RUNNING,,,,,,,,,,,,,,
2567,rx,263321,241911146,1,RUNNING,702,-65,9,,,,,,,,,,,
2568,tx,263321,0,0,RUNNING,,,,,,,,,,,,,,
2569,tx,263361,0,0,RUNNING,,,,,,,,,,,,,,
2570,tx,263422,0,0,RUNNING,,,,,,,,,,,,,,
2571,rx,263576,242111133,1,RUNNING,703,-66,8,,,,,,,,,,,
2572,tx,263576,0,0,RUNNING,,,,,,,,,,,,,,
2573,stats,263576,8834,0,RUNNING,,0,0,811,699,0,0,0,0,0,699,0,0,
2574,tx,263616,0,0,RUNNING,,,,,,,,,,,,,,
2575,rx,263829,242311123,1,RUNNING,704,-65,7,,,,,,,,,,,
2576,tx,263830,0,0,RUNNING,,,,,,,,,,,,,,
2577,tx,263910,0,0,RUNNING,,,,,,,,,,,,,,
2578,rx,263930,242511136,1,RUNNING,705,-66,9,,,,,,,,,,,
2579,tx,263930,0,0,RUNNING,,,,,,,,,,,,,,
2580,tx,264084,0,0,RUNNING,,,,,,,,,,,,,,
2581,rx,264124,242711142,1,RUNNING,706,-66,8,,,,,,,,,,,
2582,tx,264124,0,0,RUNNING,,,,,,,,,,,,,,
2583,tx,264164,0,0,RUNNING,,,,,,,,,,,,,,
2584,tx,264204,0,0,RUNNING,,,,,,,,,,,,,,
2585,rx,264338,242911146,1,RUNNING,707,-66,8,,,,,,,,,,,
2586,tx,264338,0,0,RUNNING,,,,,,,,,,,,,,
2587,tx,264358,0,0,RUNNING,,,,,,,,,,,,,,
2588,tx,264418,0,0,RUNNING,,,,,,,,,,,,,,
2589,rx,264592,243111147,1,RUNNING,708,-66,8,,,,,,,,,,,
2590,tx,264592,0,0,RUNNING,,,,,,,,,,,,,,
2591,stats,264592,8848,0,RUNNING,,0,0,816,704,0,0,0,0,0,704,0,0,
2592,tx,264612,0,0,RUNNING,,,,,,,,,,,,,,
2593,tx,264713,0,0,RUNNING,,,,,,,,,,,,,,
2594,rx,264846,243311145,1,RUNNING,709,-66,8,,,,,,,,,,,
2595,tx,264846,0,0,RUNNING,,,,,,,,,,,,,,
2596,tx,264907,0,0,RUNNING,,,,,,,,,,,,,,
2597,rx,264927,243511125,1,RUNNING,710,-66,8,,,,,,,,,,,
2598,tx,264927,0,0,RUNNING,,,,,,,,,,,,,,
2599,tx,264967,0,0,RUNNING,,,,,,,,,,,,,,
2600,tx,265107,0,0,RUNNING,,,,,,,,,,,,,,
2601,rx,265127,243711146,1,RUNNING,711,-66,9,,,,,,,,,,,
2602,tx,265127,0,0,RUNNING,,,,,,,,,,,,,,
2603,tx,265167,0,0,RUNNING,,,,,,,,,,,,,,
2604,tx,265208,0,0,RUNNING,,,,,,,,,,,,,,
2605,rx,265362,243911130,1,RUNNING,712,-66,9,,,,,,,,,,,
2606,tx,265362,0,0,RUNNING,,,,,,,,,,,,,,
2607,tx,265422,0,0,RUNNING,,,,,,,,,,,,,,
2608,rx,265616,244111167,1,RUNNING,713,-66,9,,,,,,,,,,,
2609,tx,265616,0,0,RUNNING,,,,,,,,,,,,,,
2610,stats,265616,8868,0,RUNNING,,0,0,821,709,0,0,0,0,0,709,0,0,
2611,rx,265717,244311135,1,RUNNING,714,-66,9,,,,,,,,,,,
2612,tx,265717,0,0,RUNNING,,,,,,,,,,,,,,
2613,tx,265870,0,0,RUNNING,,,,,,,,,,,,,,
2614,tx,265910,0,0,RUNNING,,,,,,,,,,,,,,
2615,rx,265930,244511149,1,RUNNING,715,-66,9,,,,,,,,,,,
2616,tx,265930,0,0,RUNNING,,,,,,,,,,,,,,
2617,tx,265971,0,0,RUNNING,,,,,,,,,,,,,,
2618,rx,266124,244711143,1,RUNNING,716,-65,9,,,,,,,,,,,
2619,tx,266124,0,0,RUNNING,,,,,,,,,,,,,,
2620,tx,266164,0,0,RUNNING,,,,,,,,,,,,,,
2621,tx,266205,0,0,RUNNING,,,,,,,,,,,,,,
2622,rx,266378,244911147,1,RUNNING,717,-66,9,,,,,,,,,,,
2623,tx,266378,0,0,RUNNING,,,,,,,,,,,,,,
2624,tx,266418,0,0,RUNNING,,,,,,,,,,,,,,
2625,rx,266632,245111146,1,RUNNING,718,-66,9,,,,,,,,,,,
2626,tx,266632,0,0,RUNNING,,,,,,,,,,,,,,
2627,stats,266632,8847,0,RUNNING,,0,0,826,714,0,0,0,0,0,714,0,0,
2628,tx,266713,0,0,RUNNING,,,,,,,,,,,,,,
2629,rx,266733,245311147,1,RUNNING,719,-66,9,,,,,,,,,,,
2630,tx,266733,0,0,RUNNING,,,,,,,,,,,,,,
2631,tx,266886,0,0,RUNNING,,,,,,,,,,,,,,
2632,tx,266906,0,0,RUNNING,,,,,,,,,,,,,,
2633,rx,266927,245511149,1,RUNNING,720,-65,9,,,,,,,,,,,
2634,tx,266927,0,0,RUNNING,,,,,,,,,,,,,,
2635,tx,266967,0,0,RUNNING,,,,,,,,,,,,,,
2636,tx,267007,0,0,RUNNING,,,,,,,,,,,,,,
2637,rx,267141,245711150,1,RUNNING,721,-66,9,,,,,,,,,,,
2638,tx,267141,0,0,RUNNING,,,,,,,,,,,,,,
2639,tx,267161,0,0,RUNNING,,,,,,,,,,,,,,
2640,tx,267221,0,0,RUNNING,,,,,,,,,,,,,,
2641,rx,267395,245911129,1,RUNNING,722,-66,8,,,,,,,,,,,
2642,tx,267395,0,0,RUNNING,,,,,,,,,,,,,,
2643,tx,267415,0,0,RUNNING,,,,,,,,,,,,,,
2644,rx,267516,246111137,1,RUNNING,723,-66,8,,,,,,,,,,,
2645,tx,267516,0,0,RUNNING,,,,,,,,,,,,,,
2646,tx,267649,0,0,RUNNING,,,,,,,,,,,,,,
2647,stats,267649,8838,0,RUNNING,,0,0,831,719,0,0,0,0,0,719,0,0,
2648,tx,267710,0,0,RUNNING,,,,,,,,,,,,,,
2649,rx,267730,246311142,1,RUNNING,724,-66,7,,,,,,,,,,,
2650,tx,267730,0,0,RUNNING,,,,,,,,,,,,,,
2651,tx,267770,0,0,RUNNING,,,,,,,,,,,,,,
2652,tx,267904,0,0,RUNNING,,,,,,,,,,,,,,
2653,rx,267924,246511138,1,RUNNING,725,-66,8,,,,,,,,,,,
2654,tx,267924,0,0,RUNNING,,,,,,,,,,,,,,
2655,tx,267964,0,0,RUNNING,,,,,,,,,,,,,,
2656,tx,268004,0,0,RUNNING,,,,,,,,,,,,,,
2657,rx,268158,246711121,1,RUNNING,726,-66,8,,,,,,,,,,,
2658,tx,268158,0,0,RUNNING,,,,,,,,,,,,,,
2659,tx,268218,0,0,RUNNING,,,,,,,,,,,,,,
2660,rx,268412,246911136,1,RUNNING,727,-66,8,,,,,,,,,,,
2661,tx,268412,0,0,RUNNING,,,,,,,,,,,,,,
2662,tx,268513,0,0,RUNNING,,,,,,,,,,,,,,
2663,rx,268533,247111142,1,RUNNING,728,-66,9,,,,,,,,,,,
2664,tx,268533,0,0,RUNNING,,,,,,,,,,,,,,
2665,tx,268673,0,0,RUNNING,,,,,,,,,,,,,,
2666,stats,268673,8290,0,RUNNING,,0,0,837,724,0,0,0,0,0,724,0,0,
2667,tx,268713,0,0,RUNNING,,,,,,,,,,,,,,
2668,rx,268733,247311145,1,RUNNING,729,-65,9,,,,,,,,,,,
2669,tx,268733,0,0,RUNNING,,,,,,,,,,,,,,
2670,tx,268774,0,0,RUNNING,,,,,,,,,,,,,,
2671,rx,268927,247511147,1,RUNNING,730,-66,9,,,,,,,,,,,
2672,tx,268927,0,0,RUNNING,,,,,,,,,,,,,,
2673,tx,268967,0,0,RUNNING,,,,,,,,,,,,,,
2674,tx,269008,0,0,RUNNING,,,,,,,,,,,,,,
2675,rx,269182,247711122,1,RUNNING,731,-66,9,,,,,,,,,,,
2676,tx,269182,0,0,RUNNING,,,,,,,,,,,,,,
2677,tx,269222,0,0,RUNNING,,,,,,,,,,,,,,
2678,rx,269436,247911140,1,RUNNING,732,-65,8,,,,,,,,,,,
2679,tx,269436,0,0,RUNNING,,,,,,,,,,,,,,
2680,rx,269516,248111139,1,RUNNING,733,-66,9,,,,,,,,,,,
2681,tx,269516,0,0,RUNNING,,,,,,,,,,,,,,
2682,tx,269557,0,0,RUNNING,,,,,,,,,,,,,,
2683,tx,269690,0,0,RUNNING,,,,,,,,,,,,,,
2684,stats,269690,8248,0,RUNNING,,0,0,842,729,0,0,0,0,0,729,0,0,
2685,tx,269710,0,0,RUNNING,,,,,,,,,,,,,,
2686,rx,269730,248311146,1,RUNNING,734,-66,9,,,,,,,,,,,
2687,tx,269730,0,0,RUNNING,,,,,,,,,,,,,,
2688,tx,269771,0,0,RUNNING,,,,,,,,,,,,,,
2689,tx,269811,0,0,RUNNING,,,,,,,,,,,,,,
2690,rx,269945,248511111,1,RUNNING,735,-66,8,,,,,,,,,,,
2691,tx,269945,0,0,RUNNING,,,,,,,,,,,,,,
2692,tx,269965,0,0,RUNNING,,,,,,,,,,,,,,
2693,tx,270005,0,0,RUNNING,,,,,,,,,,,,,,
2694,rx,270199,248711139,1,RUNNING,736,-66,9,,,,,,,,,,,
2695,tx,270199,0,0,RUNNING,,,,,,,,,,,,,,
2696,tx,270219,0,0,RUNNING,,,,,,,,,,,,,,
2697,rx,270320,248911143,1,RUNNING,737,-66,9,,,,,,,,,,,
2698,tx,270320,0,0,RUNNING,,,,,,,,,,,,,,
2699,tx,270453,0,0,RUNNING,,,,,,,,,,,,,,
2700,tx,270514,0,0,RUNNING,,,,,,,,,,,,,,
2701,rx,270534,249111138,1,RUNNING,738,-66,10,,,,,,,,,,,
2702,tx,270534,0,0,RUNNING,,,,,,,,,,,,,,
2703,tx,270554,0,0,RUNNING,,,,,,,,,,,,,,
2704,tx,270708,0,0,RUNNING,,,,,,,,,,,,,,
2705,stats,270708,8270,0,RUNNING,,0,0,847,734,0,0,0,0,0,734,0,0,
2706,rx,270728,249311143,1,RUNNING,739,-66,9,,,,,,,,,,,
2707,tx,270728,0,0,RUNNING,,,,,,,,,,,,,,
2708,tx,270768,0,0,RUNNING,,,,,,,,,,,,,,
2709,tx,270809,0,0,RUNNING,,,,,,,,,,,,,,
2710,rx,270963,249511162,1,RUNNING,740,-66,9,,,,,,,,,,,
2711,tx,270963,0,0,RUNNING,,,,,,,,,,,,,,
2712,tx,271023,0,0,RUNNING,,,,,,,,,,,,,,
2713,rx,271217,249711141,1,RUNNING,741,-66,8,,,,,,,,,,,
2714,tx,271217,0,0,RUNNING,,,,,,,,,,,,,,
2715,rx,271317,249911095,1,RUNNING,742,-66,9,,,,,,,,,,,
2716,tx,271317,0,0,RUNNING,,,,,,,,,,,,,,
2717,tx,271471,0,0,RUNNING,,,,,,,,,,,,,,
2718,tx,271511,0,0,RUNNING,,,,,,,,,,,,,,
2719,rx,271531,250111145,1,RUNNING,743,-66,9,,,,,,,,,,,
2720,tx,271531,0,0,RUNNING,,,,,,,,,,,,,,
2721,tx,271571,0,0,RUNNING,,,,,,,,,,,,,,
2722,rx,271725,250311145,1,RUNNING,744,-66,9,,,,,,,,,,,
2723,tx,271725,0,0,RUNNING,,,,,,,,,,,,,,
2724,stats,271725,8846,0,RUNNING,,0,0,852,740,0,0,0,0,0,740,0,0,
2725,tx,271766,0,0,RUNNING,,,,,,,,,,,,,,
2726,tx,271806,0,0,RUNNING,,,,,,,,,,,,,,
2727,rx,271979,250511147,1,RUNNING,745,-66,9,,,,,,,,,,,
2728,tx,271979,0,0,RUNNING,,,,,,,,,,,,,,
2729,tx,272020,0,0,RUNNING,,,,,,,,,,,,,,
2730,rx,272233,250711133,1,RUNNING,746,-66,9,,,,,,,,,,,
2731,tx,272234,0,0,RUNNING,,,,,,,,,,,,,,
2732,rx,272314,250911123,1,RUNNING,747,-66,9,,,,,,,,,,,
2733,tx,272314,0,0,RUNNING,,,,,,,,,,,,,,
2734,tx,272354,0,0,RUNNING,,,,,,,,,,,,,,
2735,tx,272487,0,0,RUNNING,,,,,,,,,,,,,,
2736,tx,272508,0,0,RUNNING,,,,,,,,,,,,,,
2737,rx,272528,251111148,1,RUNNING,748,-66,9,,,,,,,,,,,
2738,tx,272528,0,0,RUNNING,,,,,,,,,,,,,,
2739,tx,272568,0,0,RUNNING,,,,,,,,,,,,,,
2740,tx,272608,0,0,RUNNING,,,,,,,,,,,,,,
2741,rx,272742,251311148,1,RUNNING,749,-66,9,,,,,,,,,,,
2742,tx,272742,0,0,RUNNING,,,,,,,,,,,,,,
2743,stats,272742,8849,0,RUNNING,,0,0,857,745,0,0,0,0,0,745,0,0,
2744,tx,272762,0,0,RUNNING,,,,,,,,,,,,,,
2745,tx,272823,0,0,RUNNING,,,,,,,,,,,,,,
2746,rx,272996,251511141,1,RUNNING,750,-66,9,,,,,,,,,,,
2747,tx,272996,0,0,RUNNING,,,,,,,,,,,,,,
2748,tx,273016,0,0,RUNNING,,,,,,,,,,,,,,
2749,rx,273117,251711101,1,RUNNING,751,-66,8,,,,,,,,,,,
2750,tx,273117,0,0,RUNNING,,,,,,,,,,,,,,
2751,tx,273250,0,0,RUNNING,,,,,,,,,,,,,,
2752,tx,273310,0,0,RUNNING,,,,,,,,,,,,,,
2753,rx,273330,251911146,1,RUNNING,752,-66,8,,,,,,,,,,,
2754,tx,273330,0,0,RUNNING,,,,,,,,,,,,,,
2755,tx,273371,0,0,RUNNING,,,,,,,,,,,,,,
2756,tx,273504,0,0,RUNNING,,,,,,,,,,,,,,
2757,rx,273524,252111138,1,RUNNING,753,-66,8,,,,,,,,,,,
2758,tx,273524,0,0,RUNNING,,,,,,,,,,,,,,
2759,tx,273565,0,0,RUNNING,,,,,,,,,,,,,,
2760,tx,273605,0,0,RUNNING,,,,,,,,,,,,,,
2761,rx,273758,252311145,1,RUNNING,754,-66,8,,,,,,,,,,,
2762,tx,273758,0,0,RUNNING,,,,,,,,,,,,,,
2763,stats,273758,8846,0,RUNNING,,0,0,862,750,0,0,0,0,0,750,0,0,
2764,tx,273819,0,0,RUNNING,,,,,,,,,,,,,,
2765,rx,274013,252511144,1,RUNNING,755,-66,9,,,,,,,,,,,
2766,tx,274013,0,0,RUNNING,,,,,,,,,,,,,,
2767,tx,274113,0,0,RUNNING,,,,,,,,,,,,,,
2768,rx,274133,252711105,1,RUNNING,756,-66,9,,,,,,,,,,,
2769,tx,274133,0,0,RUNNING,,,,,,,,,,,,,,
2770,tx,274267,0,0,RUNNING,,,,,,,,,,,,,,
2771,tx,274307,0,0,RUNNING,,,,,,,,,,,,,,
2772,rx,274327,252911148,1,RUNNING,757,-66,9,,,,,,,,,,,
2773,tx,274327,0,0,RUNNING,,,,,,,,,,,,,,
2774,tx,274368,0,0,RUNNING,,,,,,,,,,,,,,
2775,rx,274521,253111146,1,RUNNING,758,-66,9,,,,,,,,,,,
2776,tx,274521,0,0,RUNNING,,,,,,,,,,,,,,
2777,tx,274561,0,0,RUNNING,,,,,,,,,,,,,,
2778,tx,274622,0,0,RUNNING,,,,,,,,,,,,,,
2779,rx,274776,253311131,1,RUNNING,759,-66,9,,,,,,,,,,,
2780,tx,274776,0,0,RUNNING,,,,,,,,,,,,,,
2781,stats,274776,8832,0,RUNNING,,0,0,867,755,0,0,0,0,0,755,0,0,
2782,tx,274816,0,0,RUNNING,,,,,,,,,,,,,,
2783,rx,275030,253511122,1,RUNNING,760,-66,9,,,,,,,,,,,
2784,tx,275030,0,0,RUNNING,,,,,,,,,,,,,,
2785,tx,275110,0,0,RUNNING,,,,,,,,,,,,,,
2786,rx,275130,253711135,1,RUNNING,761,-66,9,,,,,,,,,,,
2787,tx,275130,0,0,RUNNING,,,,,,,,,,,,,,
2788,tx,275284,0,0,RUNNING,,,,,,,,,,,,,,
2789,rx,275324,253911136,1,RUNNING,762,-66,8,,,,,,,,,,,
2790,tx,275324,0,0,RUNNING,,,,,,,,,,,,,,
2791,tx,275364,0,0,RUNNING,,,,,,,,,,,,,,
2792,tx,275405,0,0,RUNNING,,,,,,,,,,,,,,
2793,rx,275538,254111147,1,RUNNING,763,-66,8,,,,,,,,,,,
2794,tx,275538,0,0,RUNNING,,,,,,,,,,,,,,
2795,tx,275558,0,0,RUNNING,,,,,,,,,,,,,,
2796,tx,275618,0,0,RUNNING,,,,,,,,,,,,,,
2797,rx,275792,254311147,1,RUNNING,764,-65,9,,,,,,,,,,,
2798,tx,275792,0,0,RUNNING,,,,,,,,,,,,,,
2799,stats,275792,8848,0,RUNNING,,0,0,872,760,0,0,0,0,0,760,0,0,
2800,tx,275812,0,0,RUNNING,,,,,,,,,,,,,,
2801,tx,275913,0,0,RUNNING,,,,,,,,,,,,,,
2802,rx,276046,254511147,1,RUNNING,765,-66,9,,,,,,,,,,,
2803,tx,276046,0,0,RUNNING,,,,,,,,,,,,,,
2804,tx,276107,0,0,RUNNING,,,,,,,,,,,,,,
2805,rx,276127,254711147,1,RUNNING,766,-66,8,,,,,,,,,,,
2806,tx,276127,0,0,RUNNING,,,,,,,,,,,,,,
2807,tx,276167,0,0,RUNNING,,,,,,,,,,,,,,
2808,tx,276307,0,0,RUNNING,,,,,,,,,,,,,,
2809,rx,276327,254911150,1,RUNNING,767,-66,7,,,,,,,,,,,
2810,tx,276327,0,0,RUNNING,,,,,,,,,,,,,,
2811,tx,276367,0,0,RUNNING,,,,,,,,,,,,,,
2812,tx,276408,0,0,RUNNING,,,,,,,,,,,,,,
2813,rx,276562,255111133,1,RUNNING,768,-66,8,,,,,,,,,,,
2814,tx,276562,0,0,RUNNING,,,,,,,,,,,,,,
2815,tx,276622,0,0,RUNNING,,,,,,,,,,,,,,
2816,rx,276816,255311147,1,RUNNING,769,-66,8,,,,,,,,,,,
2817,tx,276816,0,0,RUNNING,,,,,,,,,,,,,,
2818,stats,276816,8848,0,RUNNING,,0,0,877,765,0,0,0,0,0,765,0,0,
2819,rx,276917,255511105,1,RUNNING,770,-66,8,,,,,,,,,,,
2820,tx,276917,0,0,RUNNING,,,,,,,,,,,,,,
2821,tx,277070,0,0,RUNNING,,,,,,,,,,,,,,
2822,tx,277110,0,0,RUNNING,,,,,,,,,,,,,,
2823,rx,277131,255711150,1,RUNNING,771,-66,8,,,,,,,,,,,
2824,tx,277131,0,0,RUNNING,,,,,,,,,,,,,,
2825,tx,277171,0,0,RUNNING,,,,,,,,,,,,,,
2826,rx,277324,255911148,1,RUNNING,772,-66,8,,,,,,,,,,,
2827,tx,277324,0,0,RUNNING,,,,,,,,,,,,,,
2828,tx,277365,0,0,RUNNING,,,,,,,,,,,,,,
2829,tx,277405,0,0,RUNNING,,,,,,,,,,,,,,
2830,rx,277578,256111149,1,RUNNING,773,-65,9,,,,,,,,,,,
2831,tx,277578,0,0,RUNNING,,,,,,,,,,,,,,
2832,tx,277619,0,0,RUNNING,,,,,,,,,,,,,,
2833,rx,277832,256311150,1,RUNNING,774,-66,9,,,,,,,,,,,
2834,tx,277832,0,0,RUNNING,,,,,,,,,,,,,,
2835,stats,277832,8851,0,RUNNING,,0,0,882,770,0,0,0,0,0,770,0,0,
2836,tx,277913,0,0,RUNNING,,,,,,,,,,,,,,
2837,rx,277933,256511147,1,RUNNING,775,-65,9,,,,,,,,,,,
2838,tx,277933,0,0,RUNNING,,,,,,,,,,,,,,
2839,tx,278087,0,0,RUNNING,,,,,,,,,,,,,,
2840,tx,278107,0,0,RUNNING,,,,,,,,,,,,,,
2841,rx,278127,256711151,1,RUNNING,776,-66,9,,,,,,,,,,,
2842,tx,278127,0,0,RUNNING,,,,,,,,,,,,,,
2843,tx,278167,0,0,RUNNING,,,,,,,,,,,,,,
2844,tx,278207,0,0,RUNNING,,,,,,,,,,,,,,
2845,rx,278341,256911150,1,RUNNING,777,-66,9,,,,,,,,,,,
2846,tx,278341,0,0,RUNNING,,,,,,,,,,,,,,
2847,tx,278361,0,0,RUNNING,,,,,,,,,,,,,,
2848,tx,278422,0,0,RUNNING,,,,,,,,,,,,,,
2849,rx,278595,257111126,1,RUNNING,778,-66,9,,,,,,,,,,,
2850,tx,278595,0,0,RUNNING,,,,,,,,,,,,,,
2851,tx,278615,0,0,RUNNING,,,,,,,,,,,,,,
2852,rx,278716,257311135,1,RUNNING,779,-66,9,,,,,,,,,,,
2853,tx,278716,0,0,RUNNING,,,,,,,,,,,,,,
2854,tx,278849,0,0,RUNNING,,,,,,,,,,,,,,
2855,stats,278849,8836,0,RUNNING,,0,0,887,775,0,0,0,0,0,775,0,0,
2856,tx,278910,0,0,RUNNING,,,,,,,,,,,,,,
2857,rx,278930,257511150,1,RUNNING,780,-66,9,,,,,,,,,,,
2858,tx,278930,0,0,RUNNING,,,,,,,,,,,,,,
2859,tx,278970,0,0,RUNNING,,,,,,,,,,,,,,
2860,tx,279104,0,0,RUNNING,,,,,,,,,,,,,,
2861,rx,279124,257711127,1,RUNNING,781,-66,9,,,,,,,,,,,
2862,tx,279124,0,0,RUNNING,,,,,,,,,,,,,,
2863,tx,279164,0,0,RUNNING,,,,,,,,,,,,,,
2864,tx,279204,0,0,RUNNING,,,,,,,,,,,,,,
2865,rx,279358,257911118,1,RUNNING,782,-66,9,,,,,,,,,,,
2866,tx,279358,0,0,RUNNING,,,,,,,,,,,,,,
2867,tx,279419,0,0,RUNNING,,,,,,,,,,,,,,
2868,rx,279613,258111130,1,RUNNING,783,-66,9,,,,,,,,,,,
2869,tx,279613,0,0,RUNNING,,,,,,,,,,,,,,
2870,tx,279713,0,0,RUNNING,,,,,,,,,,,,,,
2871,rx,279733,258311133,1,RUNNING,784,-66,8,,,,,,,,,,,
2872,tx,279733,0,0,RUNNING,,,,,,,,,,,,,,
2873,tx,279873,0,0,RUNNING,,,,,,,,,,,,,,
2874,stats,279873,8291,0,RUNNING,,0,0,893,780,0,0,0,0,0,780,0,0,
2875,tx,279913,0,0,RUNNING,,,,,,,,,,,,,,
2876,rx,279933,258511140,1,RUNNING,785,-66,9,,,,,,,,,,,
2877,tx,279933,0,0,RUNNING,,,,,,,,,,,,,,
2878,tx,279974,0,0,RUNNING,,,,,,,,,,,,,,
2879,rx,280127,258711145,1,RUNNING,786,-66,8,,,,,,,,,,,
2880,tx,280127,0,0,RUNNING,,,,,,,,,,,,,,
2881,tx,280167,0,0,RUNNING,,,,,,,,,,,,,,
2882,tx,280208,0,0,RUNNING,,,,,,,,,,,,,,
2883,rx,280382,258911122,1,RUNNING,787,-66,9,,,,,,,,,,,
2884,tx,280382,0,0,RUNNING,,,,,,,,,,,,,,
2885,tx,280422,0,0,RUNNING,,,,,,,,,,,,,,
2886,rx,280636,259111096,1,RUNNING,788,-66,9,,,,,,,,,,,
2887,tx,280636,0,0,RUNNING,,,,,,,,,,,,,,
2888,rx,280717,259311137,1,RUNNING,789,-66,9,,,,,,,,,,,
2889,tx,280717,0,0,RUNNING,,,,,,,,,,,,,,
2890,tx,280757,0,0,RUNNING,,,,,,,,,,,,,,
2891,tx,280890,0,0,RUNNING,,,,,,,,,,,,,,
2892,stats,280890,8249,0,RUNNING,,0,0,898,785,0,0,0,0,0,785,0,0,
2893,tx,280910,0,0,RUNNING,,,,,,,,,,,,,,
2894,rx,280930,259511146,1,RUNNING,790,-66,8,,,,,,,,,,,
2895,tx,280931,0,0,RUNNING,,,,,,,,,,,,,,
2896,tx,280971,0,0,RUNNING,,,,,,,,,,,,,,
2897,tx,281011,0,0,RUNNING,,,,,,,,,,,,,,
2898,rx,281145,259711118,1,RUNNING,791,-65,9,,,,,,,,,,,
2899,tx,281145,0,0,RUNNING,,,,,,,,,,,,,,
2900,tx,281165,0,0,RUNNING,,,,,,,,,,,,,,
2901,tx,281205,0,0,RUNNING,,,,,,,,,,,,,,
2902,rx,281399,259911154,1,RUNNING,792,-65,8,,,,,,,,,,,
2903,tx,281399,0,0,RUNNING,,,,,,,,,,,,,,
2904,tx,281419,0,0,RUNNING,,,,,,,,,,,,,,
2905,rx,281520,260111141,1,RUNNING,793,-66,9,,,,,,,,,,,
2906,tx,281520,0,0,RUNNING,,,,,,,,,,,,,,
2907,tx,281654,0,0,RUNNING,,,,,,,,,,,,,,
2908,tx,281714,0,0,RUNNING,,,,,,,,,,,,,,
2909,rx,281734,260311146,1,RUNNING,794,-66,8,,,,,,,,,,,
2910,tx,281734,0,0,RUNNING,,,,,,,,,,,,,,
2911,tx,281754,0,0,RUNNING,,,,,,,,,,,,,,
2912,tx,281908,0,0,RUNNING,,,,,,,,,,,,,,
2913,stats,281908,8277,0,RUNNING,,0,0,903,790,0,0,0,0,0,790,0,0,
2914,rx,281928,260511150,1,RUNNING,795,-66,9,,,,,,,,,,,
2915,tx,281928,0,0,RUNNING,,,,,,,,,,,,,,
2916,tx,281968,0,0,RUNNING,,,,,,,,,,,,,,
2917,tx,282008,0,0,RUNNING,,,,,,,,,,,,,,
2918,rx,282163,260711128,1,RUNNING,796,-66,8,,,,,,,,,,,
2919,tx,282163,0,0,RUNNING,,,,,,,,,,,,,,
2920,tx,282223,0,0,RUNNING,,,,,,,,,,,,,,
2921,rx,282417,260911143,1,RUNNING,797,-66,9,,,,,,,,,,,
2922,tx,282417,0,0,RUNNING,,,,,,,,,,,,,,
2923,rx,282517,261111113,1,RUNNING,798,-66,8,,,,,,,,,,,
2924,tx,282517,0,0,RUNNING,,,,,,,,,,,,,,
2925,tx,282671,0,0,RUNNING,,,,,,,,,,,,,,
2926,tx,282711,0,0,RUNNING,,,,,,,,,,,,,,
2927,rx,282731,261311148,1,RUNNING,799,-66,9,,,,,,,,,,,
2928,tx,282731,0,0,RUNNING,,,,,,,,,,,,,,
2929,tx,282771,0,0,RUNNING,,,,,,,,,,,,,,
2930,rx,282925,261511148,1,RUNNING,800,-66,8,,,,,,,,,,,
2931,tx,282925,0,0,RUNNING,,,,,,,,,,,,,,
2932,stats,282925,8849,0,RUNNING,,0,0,908,796,0,0,0,0,0,796,0,0,
2933,tx,282966,0,0,RUNNING,,,,,,,,,,,,,,
2934,tx,283006,0,0,RUNNING,,,,,,,,,,,,,,
2935,rx,283179,261711150,1,RUNNING,801,-65,9,,,,,,,,,,,
2936,tx,283179,0,0,RUNNING,,,,,,,,,,,,,,
2937,tx,283219,0,0,RUNNING,,,,,,,,,,,,,,
2938,rx,283433,261911095,1,RUNNING,802,-65,9,,,,,,,,,,,
2939,tx,283433,0,0,RUNNING,,,,,,,,,,,,,,
2940,tx,283514,0,0,RUNNING,,,,,,,,,,,,,,
2941,rx,283534,262111149,1,RUNNING,803,-65,9,,,,,,,,,,,
2942,tx,283534,0,0,RUNNING,,,,,,,,,,,,,,
2943,tx,283687,0,0,RUNNING,,,,,,,,,,,,,,
2944,tx,283708,0,0,RUNNING,,,,,,,,,,,,,,
2945,rx,283728,262311145,1,RUNNING,804,-66,8,,,,,,,,,,,
2946,tx,283728,0,0,RUNNING,,,,,,,,,,,,,,
2947,tx,283768,0,0,RUNNING,,,,,,,,,,,,,,
2948,tx,283808,0,0,RUNNING,,,,,,,,,,,,,,
2949,rx,283942,262511148,1,RUNNING,805,-65,9,,,,,,,,,,,
2950,tx,283942,0,0,RUNNING,,,,,,,,,,,,,,
2951,stats,283942,8849,0,RUNNING,,0,0,913,801,0,0,0,0,0,801,0,0,
2952,tx,283962,0,0,RUNNING,,,,,,,,,,,,,,
2953,tx,284022,0,0,RUNNING,,,,,,,,,,,,,,
2954,rx,284196,262711123,1,RUNNING,806,-66,9,,,,,,,,,,,
2955,tx,284196,0,0,RUNNING,,,,,,,,,,,,,,
2956,tx,284216,0,0,RUNNING,,,,,,,,,,,,,,
2957,rx,284317,262911115,1,RUNNING,807,-66,8,,,,,,,,,,,
2958,tx,284317,0,0,RUNNING,,,,,,,,,,,,,,
2959,tx,284450,0,0,RUNNING,,,,,,,,,,,,,,
2960,tx,284510,0,0,RUNNING,,,,,,,,,,,,,,
2961,rx,284530,263111142,1,RUNNING,808,-66,7,,,,,,,,,,,
2962,tx,284530,0,0,RUNNING,,,,,,,,,,,,,,
2963,tx,284571,0,0,RUNNING,,,,,,,,,,,,,,
2964,tx,284704,0,0,RUNNING,,,,,,,,,,,,,,
2965,rx,284724,263311127,1,RUNNING,809,-66,8,,,,,,,,,,,
2966,tx,284724,0,0,RUNNING,,,,,,,,,,,,,,
2967,tx,284764,0,0,RUNNING,,,,,,,,,,,,,,
2968,tx,284805,0,0,RUNNING,,,,,,,,,,,,,,
2969,rx,284958,263511137,1,RUNNING,810,-66,8,,,,,,,,,,,
2970,tx,284958,0,0,RUNNING,,,,,,,,,,,,,,
2971,stats,284958,8838,0,RUNNING,,0,0,918,806,0,0,0,0,0,806,0,0,
2972,tx,285019,0,0,RUNNING,,,,,,,,,,,,,,
2973,rx,285213,263711144,1,RUNNING,811,-66,9,,,,,,,,,,,
2974,tx,285213,0,0,RUNNING,,,,,,,,,,,,,,
2975,tx,285313,0,0,RUNNING,,,,,,,,,,,,,,
2976,rx,285333,263911137,1,RUNNING,812,-66,8,,,,,,,,,,,
2977,tx,285333,0,0,RUNNING,,,,,,,,,,,,,,
2978,tx,285467,0,0,RUNNING,,,,,,,,,,,,,,
2979,tx,285507,0,0,RUNNING,,,,,,,,,,,,,,
2980,rx,285527,264111144,1,RUNNING,813,-66,8,,,,,,,,,,,
2981,tx,285527,0,0,RUNNING,,,,,,,,,,,,,,
2982,tx,285568,0,0,RUNNING,,,,,,,,,,,,,,
2983,rx,285721,264311145,1,RUNNING,814,-66,9,,,,,,,,,,,
2984,tx,285721,0,0,RUNNING,,,,,,,,,,,,,,
2985,tx,285761,0,0,RUNNING,,,,,,,,,,,,,,
2986,tx,285822,0,0,RUNNING,,,,,,,,,,,,,,
2987,rx,285976,264511133,1,RUNNING,815,-66,9,,,,,,,,,,,
2988,tx,285976,0,0,RUNNING,,,,,,,,,,,,,,
2989,stats,285976,8834,0,RUNNING,,0,0,923,811,0,0,0,0,0,811,0,0,
2990,tx,286016,0,0,RUNNING,,,,,,,,,,,,,,
2991,rx,286230,264711128,1,RUNNING,816,-66,8,,,,,,,,,,,
2992,tx,286230,0,0,RUNNING,,,,,,,,,,,,,,
2993,tx,286310,0,0,RUNNING,,,,,,,,,,,,,,
2994,rx,286330,264911140,1,RUNNING,817,-66,8,,,,,,,,,,,
2995,tx,286330,0,0,RUNNING,,,,,,,,,,,,,,
2996,tx,286484,0,0,RUNNING,,,,,,,,,,,,,,
2997,rx,286524,265111146,1,RUNNING,818,-66,9,,,,,,,,,,,
2998,tx,286524,0,0,RUNNING,,,,,,,,,,,,,,
2999,tx,286564,0,0,RUNNING,,,,,,,,,,,,,,
3000,tx,286605,0,0,RUNNING,,,,,,,,,,,,,,
3001,rx,286738,265311146,1,RUNNING,819,-66,10,,,,,,,,,,,
3002,tx,286738,0,0,RUNNING,,,,,,,,,,,,,,
3003,tx,286758,0,0,RUNNING,,,,,,,,,,,,,,
3004,tx,286818,0,0,RUNNING,,,,,,,,,,,,,,
3005,rx,286993,265511145,1,RUNNING,820,-65,9,,,,,,,,,,,
3006,tx,286993,0,0,RUNNING,,,,,,,,,,,,,,
3007,stats,286993,8846,0,RUNNING,,0,0,928,816,0,0,0,0,0,816,0,0,
3008,tx,287013,0,0,RUNNING,,,,,,,,,,,,,,
3009,tx,287113,0,0,RUNNING,,,,,,,,,,,,,,
3010,rx,287247,265711105,1,RUNNING,821,-66,8,,,,,,,,,,,
3011,tx,287247,0,0,RUNNING,,,,,,,,,,,,,,
3012,tx,287307,0,0,RUNNING,,,,,,,,,,,,,,
3013,rx,287327,265911148,1,RUNNING,822,-66,9,,,,,,,,,,,
3014,tx,287327,0,0,RUNNING,,,,,,,,,,,,,,
3015,tx,287368,0,0,RUNNING,,,,,,,,,,,,,,
3016,tx,287507,0,0,RUNNING,,,,,,,,,,,,,,
3017,rx,287528,266111151,1,RUNNING,823,-66,9,,,,,,,,,,,
3018,tx,287528,0,0,RUNNING,,,,,,,,,,,,,,
3019,tx,287568,0,0,RUNNING,,,,,,,,,,,,,,
3020,tx,287608,0,0,RUNNING,,,,,,,,,,,,,,
3021,rx,287762,266311132,1,RUNNING,824,-66,8,,,,,,,,,,,
3022,tx,287762,0,0,RUNNING,,,,,,,,,,,,,,
3023,tx,287823,0,0,RUNNING,,,,,,,,,,,,,,
3024,rx,288017,266511147,1,RUNNING,825,-66,9,,,,,,,,,,,
3025,tx,288017,0,0,RUNNING,,,,,,,,,,,,,,
3026,stats,288017,8848,0,RUNNING,,0,0,933,821,0,0,0,0,0,821,0,0,
3027,rx,288117,266711143,1,RUNNING,826,-66,8,,,,,,,,,,,
3028,tx,288117,0,0,RUNNING,,,,,,,,,,,,,,
3029,tx,288270,0,0,RUNNING,,,,,,,,,,,,,,
3030,tx,288311,0,0,RUNNING,,,,,,,,,,,,,,
3031,rx,288331,266911147,1,RUNNING,827,-66,8,,,,,,,,,,,
3032,tx,288331,0,0,RUNNING,,,,,,,,,,,,,,
3033,tx,288371,0,0,RUNNING,,,,,,,,,,,,,,
3034,rx,288525,267111148,1,RUNNING,828,-66,8,,,,,,,,,,,
3035,tx,288525,0,0,RUNNING,,,,,,,,,,,,,,
3036,tx,288565,0,0,RUNNING,,,,,,,,,,,,,,
3037,tx,288606,0,0,RUNNING,,,,,,,,,,,,,,
3038,rx,288779,267311148,1,RUNNING,829,-66,8,,,,,,,,,,,
3039,tx,288779,0,0,RUNNING,,,,,,,,,,,,,,
3040,tx,288819,0,0,RUNNING,,,,,,,,,,,,,,
3041,rx,289033,267511149,1,RUNNING,830,-66,9,,,,,,,,,,,
3042,tx,289033,0,0,RUNNING,,,,,,,,,,,,,,
3043,stats,289033,8850,0,RUNNING,,0,0,938,826,0,0,0,0,0,826,0,0,
3044,tx,289113,0,0,RUNNING,,,,,,,,,,,,,,
3045,rx,289133,267711147,1,RUNNING,831,-65,8,,,,,,,,,,,
3046,tx,289134,0,0,RUNNING,,,,,,,,,,,,,,
3047,tx,289287,0,0,RUNNING,,,,,,,,,,,,,,
3048,tx,289307,0,0,RUNNING,,,,,,,,,,,,,,
3049,rx,289327,267911150,1,RUNNING,832,-66,8,,,,,,,,,,,
3050,tx,289327,0,0,RUNNING,,,,,,,,,,,,,,
3051,tx,289368,0,0,RUNNING,,,,,,,,,,,,,,
3052,tx,289408,0,0,RUNNING,,,,,,,,,,,,,,
3053,rx,289542,268111150,1,RUNNING,833,-66,9,,,,,,,,,,,
3054,tx,289542,0,0,RUNNING,,,,,,,,,,,,,,
3055,tx,289562,0,0,RUNNING,,,,,,,,,,,,,,
3056,tx,289622,0,0,RUNNING,,,,,,,,,,,,,,
3057,rx,289796,268311125,1,RUNNING,834,-65,9,,,,,,,,,,,
3058,tx,289796,0,0,RUNNING,,,,,,,,,,,,,,
3059,tx,289816,0,0,RUNNING,,,,,,,,,,,,,,
3060,rx,289916,268511094,1,RUNNING,835,-66,9,,,,,,,,,,,
3061,tx,289916,0,0,RUNNING,,,,,,,,,,,,,,
3062,tx,290050,0,0,RUNNING,,,,,,,,,,,,,,
3063,stats,290050,8795,0,RUNNING,,0,0,943,831,0,0,0,0,0,831,0,0,
3064,tx,290110,0,0,RUNNING,,,,,,,,,,,,,,
3065,rx,290130,268711143,1,RUNNING,836,-66,9,,,,,,,,,,,
3066,tx,290130,0,0,RUNNING,,,,,,,,,,,,,,
3067,tx,290170,0,0,RUNNING,,,,,,,,,,,,,,
3068,tx,290304,0,0,RUNNING,,,,,,,,,,,,,,
3069,rx,290324,268911137,1,RUNNING,837,-66,8,,,,,,,,,,,
3070,tx,290324,0,0,RUNNING,,,,,,,,,,,,,,
3071,tx,290364,0,0,RUNNING,,,,,,,,,,,,,,
3072,tx,290405,0,0,RUNNING,,,,,,,,,,,,,,
3073,rx,290558,269111136,1,RUNNING,838,-66,9,,,,,,,,,,,
3074,tx,290558,0,0,RUNNING,,,,,,,,,,,,,,
3075,tx,290619,0,0,RUNNING,,,,,,,,,,,,,,
3076,rx,290813,269311142,1,RUNNING,839,-66,9,,,,,,,,,,,
3077,tx,290813,0,0,RUNNING,,,,,,,,,,,,,,
3078,tx,290913,0,0,RUNNING,,,,,,,,,,,,,,
3079,rx,290933,269511143,1,RUNNING,840,-66,8,,,,,,,,,,,
3080,tx,290933,0,0,RUNNING,,,,,,,,,,,,,,
3081,tx,291073,0,0,RUNNING,,,,,,,,,,,,,,
3082,stats,291073,8291,0,RUNNING,,0,0,949,836,0,0,0,0,0,836,0,0,
3083,tx,291113,0,0,RUNNING,,,,,,,,,,,,,,
3084,rx,291134,269711146,1,RUNNING,841,-66,8,,,,,,,,,,,
3085,tx,291134,0,0,RUNNING,,,,,,,,,,,,,,
3086,tx,291174,0,0,RUNNING,,,,,,,,,,,,,,
3087,rx,291327,269911148,1,RUNNING,842,-66,9,,,,,,,,,,,
3088,tx,291327,0,0,RUNNING,,,,,,,,,,,,,,
3089,tx,291368,0,0,RUNNING,,,,,,,,,,,,,,
3090,tx,291408,0,0,RUNNING,,,,,,,,,,,,,,
3091,rx,291582,270111123,1,RUNNING,843,-66,8,,,,,,,,,,,
3092,tx,291582,0,0,RUNNING,,,,,,,,,,,,,,
3093,tx,291622,0,0,RUNNING,,,,,,,,,,,,,,
3094,rx,291836,270311136,1,RUNNING,844,-66,8,,,,,,,,,,,
3095,tx,291836,0,0,RUNNING,,,,,,,,,,,,,,
3096,rx,291917,270511141,1,RUNNING,845,-66,9,,,,,,,,,,,
3097,tx,291917,0,0,RUNNING,,,,,,,,,,,,,,
3098,tx,291957,0,0,RUNNING,,,,,,,,,,,,,,
3099,tx,292090,0,0,RUNNING,,,,,,,,,,,,,,
3100,stats,292090,8249,0,RUNNING,,0,0,954,841,0,0,0,0,0,841,0,0,
3101,tx,292110,0,0,RUNNING,,,,,,,,,,,,,,
3102,rx,292131,270711148,1,RUNNING,846,-66,9,,,,,,,,,,,
3103,tx,292131,0,0,RUNNING,,,,,,,,,,,,,,
3104,tx,292171,0,0,RUNNING,,,,,,,,,,,,,,
3105,tx,292211,0,0,RUNNING,,,,,,,,,,,,,,
3106,rx,292345,270911113,1,RUNNING,847,-66,8,,,,,,,,,,,
3107,tx,292345,0,0,RUNNING,,,,,,,,,,,,,,
3108,tx,292365,0,0,RUNNING,,,,,,,,,,,,,,
3109,tx,292405,0,0,RUNNING,,,,,,,,,,,,,,
3110,rx,292599,271111136,1,RUNNING,848,-66,9,,,,,,,,,,,
3111,tx,292599,0,0,RUNNING,,,,,,,,,,,,,,
3112,tx,292619,0,0,RUNNING,,,,,,,,,,,,,,
3113,rx,292720,271311136,1,RUNNING,849,-66,9,,,,,,,,,,,
3114,tx,292720,0,0,RUNNING,,,,,,,,,,,,,,
3115,tx,292854,0,0,RUNNING,,,,,,,,,,,,,,
3116,tx,292914,0,0,RUNNING,,,,,,,,,,,,,,
3117,rx,292934,271511142,1,RUNNING,850,-66,9,,,,,,,,,,,
3118,tx,292934,0,0,RUNNING,,,,,,,,,,,,,,
3119,tx,292954,0,0,RUNNING,,,,,,,,,,,,,,
3120,tx,293108,0,0,RUNNING,,,,,,,,,,,,,,
3121,stats,293108,8290,0,RUNNING,,0,0,959,846,0,0,0,0,0,846,0,0,
3122,rx,293128,271711145,1,RUNNING,851,-66,9,,,,,,,,,,,
3123,tx,293128,0,0,RUNNING,,,,,,,,,,,,,,
3124,tx,293168,0,0,RUNNING,,,,,,,,,,,,,,
3125,tx,293208,0,0,RUNNING,,,,,,,,,,,,,,
3126,rx,293363,271911134,1,RUNNING,852,-66,8,,,,,,,,,,,
3127,tx,293363,0,0,RUNNING,,,,,,,,,,,,,,
3128,tx,293423,0,0,RUNNING,,,,,,,,,,,,,,
3129,rx,293617,272111149,1,RUNNING,853,-66,9,,,,,,,,,,,
3130,tx,293617,0,0,RUNNING,,,,,,,,,,,,,,
3131,rx,293717,272311146,1,RUNNING,854,-66,9,,,,,,,,,,,
3132,tx,293717,0,0,RUNNING,,,,,,,,,,,,,,
3133,tx,293871,0,0,RUNNING,,,,,,,,,,,,,,
3134,tx,293911,0,0,RUNNING,,,,,,,,,,,,,,
3135,rx,293931,272511150,1,RUNNING,855,-65,8,,,,,,,,,,,
3136,tx,293931,0,0,RUNNING,,,,,,,,,,,,,,
3137,tx,293971,0,0,RUNNING,,,,,,,,,,,,,,
3138,rx,294125,272711149,1,RUNNING,856,-66,9,,,,,,,,,,,
3139,tx,294125,0,0,RUNNING,,,,,,,,,,,,,,
3140,stats,294125,8850,0,RUNNING,,0,0,964,852,0,0,0,0,0,852,0,0,
3141,tx,294166,0,0,RUNNING,,,,,,,,,,,,,,
3142,tx,294206,0,0,RUNNING,,,,,,,,,,,,,,
3143,rx,294379,272911150,1,RUNNING,857,-65,9,,,,,,,,,,,
3144,tx,294379,0,0,RUNNING,,,,,,,,,,,,,,
3145,tx,294420,0,0,RUNNING,,,,,,,,,,,,,,
3146,rx,294633,273111141,1,RUNNING,858,-66,9,,,,,,,,,,,
3147,tx,294633,0,0,RUNNING,,,,,,,,,,,,,,
3148,tx,294714,0,0,RUNNING,,,,,,,,,,,,,,
3149,rx,294734,273311139,1,RUNNING,859,-65,8,,,,,,,,,,,
3150,tx,294734,0,0,RUNNING,,,,,,,,,,,,,,
3151,tx,294888,0,0,RUNNING,,,,,,,,,,,,,,
3152,tx,294908,0,0,RUNNING,,,,,,,,,,,,,,
3153,rx,294928,273511151,1,RUNNING,860,-66,9,,,,,,,,,,,
3154,tx,294928,0,0,RUNNING,,,,,,,,,,,,,,
3155,tx,294968,0,0,RUNNING,,,,,,,,,,,,,,
3156,tx,295008,0,0,RUNNING,,,,,,,,,,,,,,
3157,rx,295142,273711152,1,RUNNING,861,-66,9,,,,,,,,,,,
3158,tx,295142,0,0,RUNNING,,,,,,,,,,,,,,
3159,stats,295142,8853,0,RUNNING,,0,0,969,857,0,0,0,0,0,857,0,0,
3160,tx,295162,0,0,RUNNING,,,,,,,,,,,,,,
3161,tx,295223,0,0,RUNNING,,,,,,,,,,,,,,
3162,rx,295396,273911123,1,RUNNING,862,-66,9,,,,,,,,,,,
3163,tx,295396,0,0,RUNNING,,,,,,,,,,,,,,
3164,tx,295416,0,0,RUNNING,,,,,,,,,,,,,,
3165,rx,295517,274111093,1,RUNNING,863,-65,9,,,,,,,,,,,
3166,tx,295517,0,0,RUNNING,,,,,,,,,,,,,,
3167,tx,295650,0,0,RUNNING,,,,,,,,,,,,,,
3168,tx,295710,0,0,RUNNING,,,,,,,,,,,,,,
3169,rx,295730,274311144,1,RUNNING,864,-66,9,,,,,,,,,,,
3170,tx,295730,0,0,RUNNING,,,,,,,,,,,,,,
3171,tx,295771,0,0,RUNNING,,,,,,,,,,,,,,
3172,tx,295904,0,0,RUNNING,,,,,,,,,,,,,,
3173,rx,295924,274511126,1,RUNNING,865,-66,9,,,,,,,,,,,
3174,tx,295924,0,0,RUNNING,,,,,,,,,,,,,,
3175,tx,295964,0,0,RUNNING,,,,,,,,,,,,,,
3176,tx,296005,0,0,RUNNING,,,,,,,,,,,,,,
3177,rx,296158,274711137,1,RUNNING,866,-66,9,,,,,,,,,,,
3178,tx,296159,0,0,RUNNING,,,,,,,,,,,,,,
3179,stats,296159,8838,0,RUNNING,,0,0,974,862,0,0,0,0,0,862,0,0,
3180,tx,296219,0,0,RUNNING,,,,,,,,,,,,,,
3181,rx,296413,274911130,1,RUNNING,867,-66,9,,,,,,,,,,,
3182,tx,296413,0,0,RUNNING,,,,,,,,,,,,,,
3183,tx,296513,0,0,RUNNING,,,,,,,,,,,,,,
3184,rx,296533,275111146,1,RUNNING,868,-66,8,,,,,,,,,,,
3185,tx,296533,0,0,RUNNING,,,,,,,,,,,,,,
3186,tx,296667,0,0,RUNNING,,,,,,,,,,,,,,
3187,tx,296707,0,0,RUNNING,,,,,,,,,,,,,,
3188,rx,296727,275311146,1,RUNNING,869,-65,9,,,,,,,,,,,
3189,tx,296728,0,0,RUNNING,,,,,,,,,,,,,,
3190,tx,296768,0,0,RUNNING,,,,,,,,,,,,,,
3191,rx,296921,275511147,1,RUNNING,870,-65,8,,,,,,,,,,,
3192,tx,296921,0,0,RUNNING,,,,,,,,,,,,,,
3193,tx,296962,0,0,RUNNING,,,,,,,,,,,,,,
3194,tx,297022,0,0,RUNNING,,,,,,,,,,,,,,
3195,rx,297176,275711133,1,RUNNING,871,-66,8,,,,,,,,,,,
3196,tx,297176,0,0,RUNNING,,,,,,,,,,,,,,
3197,stats,297176,8834,0,RUNNING,,0,0,979,867,0,0,0,0,0,867,0,0,
3198,tx,297216,0,0,RUNNING,,,,,,,,,,,,,,
3199,rx,297430,275911081,1,RUNNING,872,-66,9,,,,,,,,,,,
3200,tx,297430,0,0,RUNNING,,,,,,,,,,,,,,
3201,tx,297510,0,0,RUNNING,,,,,,,,,,,,,,
3202,rx,297530,276111136,1,RUNNING,873,-66,9,,,,,,,,,,,
3203,tx,297530,0,0,RUNNING,,,,,,,,,,,,,,
3204,tx,297684,0,0,RUNNING,,,,,,,,,,,,,,
3205,rx,297724,276311143,1,RUNNING,874,-66,9,,,,,,,,,,,
3206,tx,297724,0,0,RUNNING,,,,,,,,,,,,,,
3207,tx,297764,0,0,RUNNING,,,,,,,,,,,,,,
3208,tx,297805,0,0,RUNNING,,,,,,,,,,,,,,
3209,rx,297938,276511147,1,RUNNING,875,-66,8,,,,,,,,,,,
3210,tx,297938,0,0,RUNNING,,,,,,,,,,,,,,
3211,tx,297958,0,0,RUNNING,,,,,,,,,,,,,,
3212,tx,298019,0,0,RUNNING,,,,,,,,,,,,,,
3213,rx,298192,276711169,1,RUNNING,876,-66,9,,,,,,,,,,,
3214,tx,298193,0,0,RUNNING,,,,,,,,,,,,,,
3215,stats,298193,8870,0,RUNNING,,0,0,984,872,0,0,0,0,0,872,0,0,
3216,tx,298213,0,0,RUNNING,,,,,,,,,,,,,,
3217,tx,298313,0,0,RUNNING,,,,,,,,,,,,,,
3218,rx,298447,276911145,1,RUNNING,877,-66,8,,,,,,,,,,,
3219,tx,298447,0,0,RUNNING,,,,,,,,,,,,,,
3220,tx,298507,0,0,RUNNING,,,,,,,,,,,,,,
3221,rx,298527,277111148,1,RUNNING,878,-66,8,,,,,,,,,,,
3222,tx,298527,0,0,RUNNING,,,,,,,,,,,,,,
3223,tx,298567,0,0,RUNNING,,,,,,,,,,,,,,
3224,tx,298707,0,0,RUNNING,,,,,,,,,,,,,,
3225,rx,298727,277311150,1,RUNNING,879,-65,9,,,,,,,,,,,
3226,tx,298727,0,0,RUNNING,,,,,,,,,,,,,,
3227,tx,298768,0,0,RUNNING,,,,,,,,,,,,,,
3228,tx,298808,0,0,RUNNING,,,,,,,,,,,,,,
3229,rx,298962,277511132,1,RUNNING,880,-66,8,,,,,,,,,,,
3230,tx,298962,0,0,RUNNING,,,,,,,,,,,,,,
3231,tx,299023,0,0,RUNNING,,,,,,,,,,,,,,
3232,rx,299217,277711131,1,RUNNING,881,-66,9,,,,,,,,,,,
3233,tx,299217,0,0,RUNNING,,,,,,,,,,,,,,
3234,stats,299217,8832,0,RUNNING,,0,0,989,877,0,0,0,0,0,877,0,0,
3235,rx,299317,277911147,1,RUNNING,882,-66,8,,,,,,,,,,,
3236,tx,299317,0,0,RUNNING,,,,,,,,,,,,,,
3237,tx,299470,0,0,RUNNING,,,,,,,,,,,,,,
3238,tx,299511,0,0,RUNNING,,,,,,,,,,,,,,
3239,rx,299531,278111148,1,RUNNING,883,-65,10,,,,,,,,,,,
3240,tx,299531,0,0,RUNNING,,,,,,,,,,,,,,
3241,tx,299571,0,0,RUNNING,,,,,,,,,,,,,,
3242,rx,299725,278311150,1,RUNNING,884,-66,8,,,,,,,,,,,
3243,tx,299725,0,0,RUNNING,,,,,,,,,,,,,,
3244,tx,299765,0,0,RUNNING,,,,,,,,,,,,,,
3245,tx,299805,0,0,RUNNING,,,,,,,,,,,,,,
3246,rx,299979,278511148,1,RUNNING,885,-66,8,,,,,,,,,,,
3247,tx,299979,0,0,RUNNING,,,,,,,,,,,,,,
3248,tx,300019,0,0,RUNNING,,,,,,,,,,,,,,
3249,rx,300233,278711108,1,RUNNING,886,-66,9,,,,,,,,,,,
3250,tx,300233,0,0,RUNNING,,,,,,,,,,,,,,
3251,stats,300233,8809,0,RUNNING,,0,0,994,882,0,0,0,0,0,882,0,0,
3252,tx,300313,0,0,RUNNING,,,,,,,,,,,,,,
3253,rx,300333,278911150,1,RUNNING,887,-66,8,,,,,,,,,,,
3254,tx,300333,0,0,RUNNING,,,,,,,,,,,,,,
3255,tx,300487,0,0,RUNNING,,,,,,,,,,,,,,
3256,tx,300507,0,0,RUNNING,,,,,,,,,,,,,,
3257,rx,300527,279111151,1,RUNNING,888,-66,9,,,,,,,,,,,
3258,tx,300527,0,0,RUNNING,,,,,,,,,,,,,,
3259,tx,300568,0,0,RUNNING,,,,,,,,,,,,,,
3260,tx,300608,0,0,RUNNING,,,,,,,,,,,,,,
3261,rx,300742,279311150,1,RUNNING,889,-66,8,,,,,,,,,,,
3262,tx,300742,0,0,RUNNING,,,,,,,,,,,,,,
3263,tx,300762,0,0,RUNNING,,,,,,,,,,,,,,
3264,tx,300822,0,0,RUNNING,,,,,,,,,,,,,,
3265,rx,300996,279511125,1,RUNNING,890,-65,10,,,,,,,,,,,
3266,tx,300996,0,0,RUNNING,,,,,,,,,,,,,,
3267,tx,301016,0,0,RUNNING,,,,,,,,,,,,,,
3268,rx,301116,279711135,1,RUNNING,891,-66,9,,,,,,,,,,,
3269,tx,301116,0,0,RUNNING,,,,,,,,,,,,,,
3270,tx,301250,0,0,RUNNING,,,,,,,,,,,,,,
3271,stats,301250,8836,0,RUNNING,,0,0,999,887,0,0,0,0,0,887,0,0,
3272,tx,301310,0,0,RUNNING,,,,,,,,,,,,,,
3273,rx,301330,279911100,1,RUNNING,892,-66,9,,,,,,,,,,,
3274,tx,301330,0,0,RUNNING,,,,,,,,,,,,,,
3275,tx,301370,0,0,RUNNING,,,,,,,,,,,,,,
3276,tx,301504,0,0,RUNNING,,,,,,,,,,,,,,
3277,rx,301524,280111130,1,RUNNING,893,-66,9,,,,,,,,,,,
3278,tx,301524,0,0,RUNNING,,,,,,,,,,,,,,
3279,tx,301565,0,0,RUNNING,,,,,,,,,,,,,,
3280,tx,301605,0,0,RUNNING,,,,,,,,,,,,,,
3281,rx,301759,280311136,1,RUNNING,894,-66,8,,,,,,,,,,,
3282,tx,301759,0,0,RUNNING,,,,,,,,,,,,,,
3283,tx,301819,0,0,RUNNING,,,,,,,,,,,,,,
3284,rx,302013,280511106,1,RUNNING,895,-66,8,,,,,,,,,,,
3285,tx,302013,0,0,RUNNING,,,,,,,,,,,,,,
3286,tx,302113,0,0,RUNNING,,,,,,,,,,,,,,
3287,rx,302134,280711143,1,RUNNING,896,-66,8,,,,,,,,,,,
3288,tx,302134,0,0,RUNNING,,,,,,,,,,,,,,
3289,tx,302273,0,0,RUNNING,,,,,,,,,,,,,,
3290,stats,302273,8292,0,RUNNING,,0,0,1005,892,0,0,0,0,0,892,0,0,
3291,tx,302313,0,0,RUNNING,,,,,,,,,,,,,,
3292,rx,302334,280911146,1,RUNNING,897,-66,9,,,,,,,,,,,
3293,tx,302334,0,0,RUNNING,,,,,,,,,,,,,,
3294,tx,302374,0,0,RUNNING,,,,,,,,,,,,,,
3295,rx,302527,281111148,1,RUNNING,898,-65,9,,,,,,,,,,,
3296,tx,302527,0,0,RUNNING,,,,,,,,,,,,,,
3297,tx,302568,0,0,RUNNING,,,,,,,,,,,,,,
3298,tx,302608,0,0,RUNNING,,,,,,,,,,,,,,
3299,rx,302782,281311122,1,RUNNING,899,-66,8,,,,,,,,,,,
3300,tx,302782,0,0,RUNNING,,,,,,,,,,,,,,
3301,tx,302822,0,0,RUNNING,,,,,,,,,,,,,,
3302,rx,303036,281511101,1,RUNNING,900,-66,8,,,,,,,,,,,
3303,tx,303036,0,0,RUNNING,,,,,,,,,,,,,,
3304,rx,303117,281711145,1,RUNNING,901,-66,9,,,,,,,,,,,
3305,tx,303117,0,0,RUNNING,,,,,,,,,,,,,,
3306,tx,303157,0,0,RUNNING,,,,,,,,,,,,,,
3307,tx,303290,0,0,RUNNING,,,,,,,,,,,,,,
3308,stats,303290,8249,0,RUNNING,,0,0,1010,897,0,0,0,0,0,897,0,0,
3309,tx,303311,0,0,RUNNING,,,,,,,,,,,,,,
3310,rx,303331,281911149,1,RUNNING,902,-66,8,,,,,,,,,,,
3311,tx,303331,0,0,RUNNING,,,,,,,,,,,,,,
3312,tx,303371,0,0,RUNNING,,,,,,,,,,,,,,
3313,tx,303411,0,0,RUNNING,,,,,,,,,,,,,,
3314,rx,303545,282111114,1,RUNNING,903,-66,9,,,,,,,,,,,
3315,tx,303545,0,0,RUNNING,,,,,,,,,,,,,,
3316,tx,303565,0,0,RUNNING,,,,,,,,,,,,,,
3317,tx,303606,0,0,RUNNING,,,,,,,,,,,,,,
3318,rx,303799,282311138,1,RUNNING,904,-66,8,,,,,,,,,,,
3319,tx,303799,0,0,RUNNING,,,,,,,,,,,,,,
3320,tx,303820,0,0,RUNNING,,,,,,,,,,,,,,
3321,rx,303920,282511140,1,RUNNING,905,-66,9,,,,,,,,,,,
3322,tx,303920,0,0,RUNNING,,,,,,,,,,,,,,
3323,tx,304054,0,0,RUNNING,,,,,,,,,,,,,,
3324,tx,304114,0,0,RUNNING,,,,,,,,,,,,,,
3325,rx,304134,282711145,1,RUNNING,906,-66,9,,,,,,,,,,,
3326,tx,304134,0,0,RUNNING,,,,,,,,,,,,,,
3327,tx,304155,0,0,RUNNING,,,,,,,,,,,,,,
3328,tx,304308,0,0,RUNNING,,,,,,,,,,,,,,
3329,stats,304308,8275,0,RUNNING,,0,0,1015,902,0,0,0,0,0,902,0,0,
3330,rx,304328,282911150,1,RUNNING,907,-66,9,,,,,,,,,,,
3331,tx,304328,0,0,RUNNING,,,,,,,,,,,,,,
3332,tx,304368,0,0,RUNNING,,,,,,,,,,,,,,
3333,tx,304409,0,0,RUNNING,,,,,,,,,,,,,,
3334,rx,304563,283111128,1,RUNNING,908,-66,9,,,,,,,,,,,
3335,tx,304563,0,0,RUNNING,,,,,,,,,,,,,,
3336,tx,304623,0,0,RUNNING,,,,,,,,,,,,,,
3337,rx,304817,283311139,1,RUNNING,909,-66,9,,,,,,,,,,,
3338,tx,304817,0,0,RUNNING,,,,,,,,,,,,,,
3339,rx,304917,283511141,1,RUNNING,910,-66,8,,,,,,,,,,,
3340,tx,304918,0,0,RUNNING,,,,,,,,,,,,,,
3341,tx,305071,0,0,RUNNING,,,,,,,,,,,,,,
3342,tx,305111,0,0,RUNNING,,,,,,,,,,,,,,
3343,rx,305131,283711147,1,RUNNING,911,-66,9,,,,,,,,,,,
3344,tx,305131,0,0,RUNNING,,,,,,,,,,,,,,
3345,tx,305171,0,0,RUNNING,,,,,,,,,,,,,,
3346,rx,305326,283911168,1,RUNNING,912,-66,9,,,,,,,,,,,
3347,tx,305326,0,0,RUNNING,,,,,,,,,,,,,,
3348,stats,305326,8869,0,RUNNING,,0,0,1020,908,0,0,0,0,0,908,0,0,
3349,tx,305366,0,0,RUNNING,,,,,,,,,,,,,,
3350,tx,305406,0,0,RUNNING,,,,,,,,,,,,,,
3351,rx,305579,284111146,1,RUNNING,913,-66,8,,,,,,,,,,,
3352,tx,305580,0,0,RUNNING,,,,,,,,,,,,,,
3353,tx,305620,0,0,RUNNING,,,,,,,,,,,,,,
3354,rx,305833,284311093,1,RUNNING,914,-66,9,,,,,,,,,,,
3355,tx,305833,0,0,RUNNING,,,,,,,,,,,,,,
3356,tx,305914,0,0,RUNNING,,,,,,,,,,,,,,
3357,rx,305934,284511141,1,RUNNING,915,-66,9,,,,,,,,,,,
3358,tx,305934,0,0,RUNNING,,,,,,,,,,,,,,
3359,tx,306088,0,0,RUNNING,,,,,,,,,,,,,,
3360,tx,306108,0,0,RUNNING,,,,,,,,,,,,,,
3361,rx,306128,284711147,1,RUNNING,916,-66,8,,,,,,,,,,,
3362,tx,306128,0,0,RUNNING,,,,,,,,,,,,,,
3363,tx,306168,0,0,RUNNING,,,,,,,,,,,,,,
3364,tx,306208,0,0,RUNNING,,,,,,,,,,,,,,
3365,rx,306342,284911147,1,RUNNING,917,-66,9,,,,,,,,,,,
3366,tx,306342,0,0,RUNNING,,,,,,,,,,,,,,
3367,stats,306342,8848,0,RUNNING,,0,0,1025,913,0,0,0,0,0,913,0,0,
3368,tx,306362,0,0,RUNNING,,,,,,,,,,,,,,
3369,tx,306423,0,0,RUNNING,,,,,,,,,,,,,,
3370,rx,306596,285111125,1,RUNNING,918,-66,8,,,,,,,,,,,
3371,tx,306596,0,0,RUNNING,,,,,,,,,,,,,,
3372,tx,306616,0,0,RUNNING,,,,,,,,,,,,,,
3373,rx,306717,285311088,1,RUNNING,919,-65,8,,,,,,,,,,,
3374,tx,306717,0,0,RUNNING,,,,,,,,,,,,,,
3375,tx,306850,0,0,RUNNING,,,,,,,,,,,,,,
3376,tx,306910,0,0,RUNNING,,,,,,,,,,,,,,
3377,rx,306931,285511142,1,RUNNING,920,-66,8,,,,,,,,,,,
3378,tx,306931,0,0,RUNNING,,,,,,,,,,,,,,
3379,tx,306971,0,0,RUNNING,,,,,,,,,,,,,,
3380,tx,307104,0,0,RUNNING,,,,,,,,,,,,,,
3381,rx,307124,285711136,1,RUNNING,921,-66,9,,,,,,,,,,,
3382,tx,307124,0,0,RUNNING,,,,,,,,,,,,,,
3383,tx,307165,0,0,RUNNING,,,,,,,,,,,,,,
3384,tx,307205,0,0,RUNNING,,,,,,,,,,,,,,
3385,rx,307359,285911145,1,RUNNING,922,-65,9,,,,,,,,,,,
3386,tx,307359,0,0,RUNNING,,,,,,,,,,,,,,
3387,stats,307359,8846,0,RUNNING,,0,0,1030,918,0,0,0,0,0,918,0,0,
3388,tx,307419,0,0,RUNNING,,,,,,,,,,,,,,
3389,rx,307613,286111106,1,RUNNING,923,-66,8,,,,,,,,,,,
3390,tx,307613,0,0,RUNNING,,,,,,,,,,,,,,
3391,tx,307713,0,0,RUNNING,,,,,,,,,,,,,,
3392,rx,307734,286311147,1,RUNNING,924,-66,9,,,,,,,,,,,
3393,tx,307734,0,0,RUNNING,,,,,,,,,,,,,,
3394,tx,307867,0,0,RUNNING,,,,,,,,,,,,,,
3395,tx,307907,0,0,RUNNING,,,,,,,,,,,,,,
3396,rx,307928,286511149,1,RUNNING,925,-66,9,,,,,,,,,,,
3397,tx,307928,0,0,RUNNING,,,,,,,,,,,,,,
3398,tx,307968,0,0,RUNNING,,,,,,,,,,,,,,
3399,rx,308121,286711149,1,RUNNING,926,-66,9,,,,,,,,,,,
3400,tx,308121,0,0,RUNNING,,,,,,,,,,,,,,
3401,tx,308162,0,0,RUNNING,,,,,,,,,,,,,,
3402,tx,308222,0,0,RUNNING,,,,,,,,,,,,,,
3403,rx,308376,286911135,1,RUNNING,927,-66,9,,,,,,,,,,,
3404,tx,308376,0,0,RUNNING,,,,,,,,,,,,,,
3405,stats,308376,8836,0,RUNNING,,0,0,1035,923,0,0,0,0,0,923,0,0,
3406,tx,308416,0,0,RUNNING,,,,,,,,,,,,,,
3407,rx,308630,287111124,1,RUNNING,928,-65,9,,,,,,,,,,,
3408,tx,308630,0,0,RUNNING,,,,,,,,,,,,,,
3409,tx,308710,0,0,RUNNING,,,,,,,,,,,,,,
3410,rx,308731,287311126,1,RUNNING,929,-66,8,,,,,,,,,,,
3411,tx,308731,0,0,RUNNING,,,,,,,,,,,,,,
3412,tx,308884,0,0,RUNNING,,,,,,,,,,,,,,
3413,rx,308924,287511144,1,RUNNING,930,-66,9,,,,,,,,,,,
3414,tx,308924,0,0,RUNNING,,,,,,,,,,,,,,
3415,tx,308965,0,0,RUNNING,,,,,,,,,,,,,,
3416,tx,309005,0,0,RUNNING,,,,,,,,,,,,,,
3417,rx,309138,287711147,1,RUNNING,931,-66,8,,,,,,,,,,,
3418,tx,309138,0,0,RUNNING,,,,,,,,,,,,,,
3419,tx,309158,0,0,RUNNING,,,,,,,,,,,,,,
3420,tx,309219,0,0,RUNNING,,,,,,,,,,,,,,
3421,rx,309393,287911147,1,RUNNING,932,-65,9,,,,,,,,,,,
3422,tx,309393,0,0,RUNNING,,,,,,,,,,,,,,
3423,stats,309393,8848,0,RUNNING,,0,0,1040,928,0,0,0,0,0,928,0,0,
3424,tx,309413,0,0,RUNNING,,,,,,,,,,,,,,
3425,tx,309513,0,0,RUNNING,,,,,,,,,,,,,,
3426,rx,309647,288111141,1,RUNNING,933,-66,9,,,,,,,,,,,
3427,tx,309647,0,0,RUNNING,,,,,,,,,,,,,,
3428,tx,309707,0,0,RUNNING,,,,,,,,,,,,,,
3429,rx,309727,288311146,1,RUNNING,934,-66,9,,,,,,,,,,,
3430,tx,309727,0,0,RUNNING,,,,,,,,,,,,,,
3431,tx,309767,0,0,RUNNING,,,,,,,,,,,,,,
3432,tx,309907,0,0,RUNNING,,,,,,,,,,,,,,
3433,rx,309928,288511146,1,RUNNING,935,-65,9,,,,,,,,,,,
3434,tx,309928,0,0,RUNNING,,,,,,,,,,,,,,
3435,tx,309968,0,0,RUNNING,,,,,,,,,,,,,,
3436,tx,310008,0,0,RUNNING,,,,,,,,,,,,,,
3437,rx,310162,288711130,1,RUNNING,936,-66,8,,,,,,,,,,,
3438,tx,310162,0,0,RUNNING,,,,,,,,,,,,,,
3439,tx,310223,0,0,RUNNING,,,,,,,,,,,,,,
3440,rx,310417,288911105,1,RUNNING,937,-66,8,,,,,,,,,,,
3441,tx,310417,0,0,RUNNING,,,,,,,,,,,,,,
3442,stats,310417,8806,0,RUNNING,,0,0,1045,933,0,0,0,0,0,933,0,0,
3443,rx,310517,289111145,1,RUNNING,938,-66,8,,,,,,,,,,,
3444,tx,310517,0,0,RUNNING,,,,,,,,,,,,,,
3445,tx,310671,0,0,RUNNING,,,,,,,,,,,,,,
3446,tx,310711,0,0,RUNNING,,,,,,,,,,,,,,
3447,rx,310731,289311149,1,RUNNING,939,-65,9,,,,,,,,,,,
3448,tx,310731,0,0,RUNNING,,,,,,,,,,,,,,
3449,tx,310771,0,0,RUNNING,,,,,,,,,,,,,,
3450,rx,310925,289511149,1,RUNNING,940,-66,9,,,,,,,,,,,
3451,tx,310925,0,0,RUNNING,,,,,,,,,,,,,,
3452,tx,310965,0,0,RUNNING,,,,,,,,,,,,,,
3453,tx,311005,0,0,RUNNING,,,,,,,,,,,,,,
3454,rx,311179,289711149,1,RUNNING,941,-66,8,,,,,,,,,,,
3455,tx,311179,0,0,RUNNING,,,,,,,,,,,,,,
3456,tx,311219,0,0,RUNNING,,,,,,,,,,,,,,
3457,rx,311433,289911141,1,RUNNING,942,-66,9,,,,,,,,,,,
3458,tx,311433,0,0,RUNNING,,,,,,,,,,,,,,
3459,stats,311433,8842,0,RUNNING,,0,0,1050,938,0,0,0,0,0,938,0,0,
3460,tx,311513,0,0,RUNNING,,,,,,,,,,,,,,
3461,rx,311533,290111145,1,RUNNING,943,-66,8,,,,,,,,,,,
3462,tx,311533,0,0,RUNNING,,,,,,,,,,,,,,
3463,tx,311687,0,0,RUNNING,,,,,,,,,,,,,,
3464,tx,311707,0,0,RUNNING,,,,,,,,,,,,,,
3465,rx,311727,290311149,1,RUNNING,944,-66,8,,,,,,,,,,,
3466,tx,311727,0,0,RUNNING,,,,,,,,,,,,,,
3467,tx,311767,0,0,RUNNING,,,,,,,,,,,,,,
3468,tx,311808,0,0,RUNNING,,,,,,,,,,,,,,
3469,rx,311941,290511148,1,RUNNING,945,-66,9,,,,,,,,,,,
3470,tx,311941,0,0,RUNNING,,,,,,,,,,,,,,
3471,tx,311962,0,0,RUNNING,,,,,,,,,,,,,,
3472,tx,312022,0,0,RUNNING,,,,,,,,,,,,,,
3473,rx,312196,290711124,1,RUNNING,946,-65,9,,,,,,,,,,,
3474,tx,312196,0,0,RUNNING,,,,,,,,,,,,,,
3475,tx,312216,0,0,RUNNING,,,,,,,,,,,,,,
3476,rx,312316,290911135,1,RUNNING,947,-65,9,,,,,,,,,,,
3477,tx,312316,0,0,RUNNING,,,,,,,,,,,,,,
3478,tx,312450,0,0,RUNNING,,,,,,,,,,,,,,
3479,stats,312450,8836,0,RUNNING,,0,0,1055,943,0,0,0,0,0,943,0,0,
3480,tx,312510,0,0,RUNNING,,,,,,,,,,,,,,
3481,rx,312530,291111144,1,RUNNING,948,-66,8,,,,,,,,,,,
3482,tx,312530,0,0,RUNNING,,,,,,,,,,,,,,
3483,tx,312570,0,0,RUNNING,,,,,,,,,,,,,,
3484,tx,312704,0,0,RUNNING,,,,,,,,,,,,,,
3485,rx,312724,291311130,1,RUNNING,949,-66,10,,,,,,,,,,,
3486,tx,312724,0,0,RUNNING,,,,,,,,,,,,,,
3487,tx,312764,0,0,RUNNING,,,,,,,,,,,,,,
3488,tx,312805,0,0,RUNNING,,,,,,,,,,,,,,
3489,rx,312959,291511117,1,RUNNING,950,-65,8,,,,,,,,,,,
3490,tx,312959,0,0,RUNNING,,,,,,,,,,,,,,
3491,tx,313019,0,0,RUNNING,,,,,,,,,,,,,,
3492,rx,313213,291711126,1,RUNNING,951,-66,9,,,,,,,,,,,
3493,tx,313213,0,0,RUNNING,,,,,,,,,,,,,,
3494,tx,313314,0,0,RUNNING,,,,,,,,,,,,,,
3495,rx,313334,291911091,1,RUNNING,952,-66,9,,,,,,,,,,,
3496,tx,313334,0,0,RUNNING,,,,,,,,,,,,,,
3497,tx,313474,0,0,RUNNING,,,,,,,,,,,,,,
3498,stats,313474,8291,0,RUNNING,,0,0,1061,948,0,0,0,0,0,948,0,0,
3499,tx,313514,0,0,RUNNING,,,,,,,,,,,,,,
3500,rx,313534,292111144,1,RUNNING,953,-66,10,,,,,,,,,,,
3501,tx,313534,0,0,RUNNING,,,,,,,,,,,,,,
3502,tx,313574,0,0,RUNNING,,,,,,,,,,,,,,
3503,rx,313728,292311145,1,RUNNING,954,-66,10,,,,,,,,,,,
3504,tx,313728,0,0,RUNNING,,,,,,,,,,,,,,
3505,tx,313768,0,0,RUNNING,,,,,,,,,,,,,,
3506,tx,313809,0,0,RUNNING,,,,,,,,,,,,,,
3507,rx,313983,292511099,1,RUNNING,955,-66,9,,,,,,,,,,,
3508,tx,313983,0,0,RUNNING,,,,,,,,,,,,,,
3509,tx,314023,0,0,RUNNING,,,,,,,,,,,,,,
3510,rx,314237,292711139,1,RUNNING,956,-66,9,,,,,,,,,,,
3511,tx,314237,0,0,RUNNING,,,,,,,,,,,,,,
3512,rx,314318,292911143,1,RUNNING,957,-66,9,,,,,,,,,,,
3513,tx,314318,0,0,RUNNING,,,,,,,,,,,,,,
3514,tx,314358,0,0,RUNNING,,,,,,,,,,,,,,
3515,tx,314492,0,0,RUNNING,,,,,,,,,,,,,,
3516,stats,314492,8249,0,RUNNING,,0,0,1066,953,0,0,0,0,0,953,0,0,
3517,tx,314512,0,0,RUNNING,,,,,,,,,,,,,,
3518,rx,314532,293111170,1,RUNNING,958,-66,9,,,,,,,,,,,
3519,tx,314532,0,0,RUNNING,,,,,,,,,,,,,,
3520,tx,314572,0,0,RUNNING,,,,,,,,,,,,,,
3521,tx,314612,0,0,RUNNING,,,,,,,,,,,,,,
3522,rx,314746,293311126,1,RUNNING,959,-66,9,,,,,,,,,,,
3523,tx,314746,0,0,RUNNING,,,,,,,,,,,,,,
3524,tx,314766,0,0,RUNNING,,,,,,,,,,,,,,
3525,tx,314806,0,0,RUNNING,,,,,,,,,,,,,,
3526,rx,315000,293511097,1,RUNNING,960,-66,9,,,,,,,,,,,
3527,tx,315000,0,0,RUNNING,,,,,,,,,,,,,,
3528,tx,315020,0,0,RUNNING,,,,,,,,,,,,,,
3529,rx,315121,293711139,1,RUNNING,961,-66,8,,,,,,,,,,,
3530,tx,315121,0,0,RUNNING,,,,,,,,,,,,,,
3531,tx,315254,0,0,RUNNING,,,,,,,,,,,,,,
3532,rx,315315,293911145,1,RUNNING,962,-66,9,,,,,,,,,,,
3533,tx,315315,0,0,RUNNING,,,,,,,,,,,,,,
3534,tx,315355,0,0,RUNNING,,,,,,,,,,,,,,
3535,tx,315508,0,0,RUNNING,,,,,,,,,,,,,,
3536,stats,315508,8293,0,RUNNING,,0,0,1071,958,0,0,0,0,0,958,0,0,
3537,rx,315528,294111146,1,RUNNING,963,-66,9,,,,,,,,,,,
3538,tx,315528,0,0,RUNNING,,,,,,,,,,,,,,
3539,tx,315569,0,0,RUNNING,,,,,,,,,,,,,,
3540,tx,315609,0,0,RUNNING,,,,,,,,,,,,,,
3541,rx,315763,294311136,1,RUNNING,964,-66,8,,,,,,,,,,,
3542,tx,315763,0,0,RUNNING,,,,,,,,,,,,,,
3543,tx,315823,0,0,RUNNING,,,,,,,,,,,,,,
3544,rx,316017,294511108,1,RUNNING,965,-66,9,,,,,,,,,,,
3545,tx,316017,0,0,RUNNING,,,,,,,,,,,,,,
3546,rx,316118,294711149,1,RUNNING,966,-66,8,,,,,,,,,,,
3547,tx,316118,0,0,RUNNING,,,,,,,,,,,,,,
3548,tx,316271,0,0,RUNNING,,,,,,,,,,,,,,
3549,tx,316311,0,0,RUNNING,,,,,,,,,,,,,,
3550,rx,316332,294911150,1,RUNNING,967,-66,8,,,,,,,,,,,
3551,tx,316332,0,0,RUNNING,,,,,,,,,,,,,,
3552,tx,316372,0,0,RUNNING,,,,,,,,,,,,,,
3553,rx,316526,295111150,1,RUNNING,968,-66,9,,,,,,,,,,,
3554,tx,316526,0,0,RUNNING,,,,,,,,,,,,,,
3555,stats,316526,8851,0,RUNNING,,0,0,1076,964,0,0,0,0,0,964,0,0,
3556,tx,316566,0,0,RUNNING,,,,,,,,,,,,,,
3557,tx,316606,0,0,RUNNING,,,,,,,,,,,,,,
3558,rx,316780,295311145,1,RUNNING,969,-66,8,,,,,,,,,,,
3559,tx,316780,0,0,RUNNING,,,,,,,,,,,,,,
3560,tx,316820,0,0,RUNNING,,,,,,,,,,,,,,
3561,rx,317034,295511124,1,RUNNING,970,-66,9,,,,,,,,,,,
3562,tx,317034,0,0,RUNNING,,,,,,,,,,,,,,
3563,rx,317114,295711149,1,RUNNING,971,-66,9,,,,,,,,,,,
3564,tx,317114,0,0,RUNNING,,,,,,,,,,,,,,
3565,tx,317155,0,0,RUNNING,,,,,,,,,,,,,,
3566,tx,317288,0,0,RUNNING,,,,,,,,,,,,,,
3567,tx,317308,0,0,RUNNING,,,,,,,,,,,,,,
3568,rx,317328,295911136,1,RUNNING,972,-66,9,,,,,,,,,,,
3569,tx,317328,0,0,RUNNING,,,,,,,,,,,,,,
3570,tx,317368,0,0,RUNNING,,,,,,,,,,,,,,
3571,tx,317409,0,0,RUNNING,,,,,,,,,,,,,,
3572,rx,317543,296111148,1,RUNNING,973,-66,9,,,,,,,,,,,
3573,tx,317543,0,0,RUNNING,,,,,,,,,,,,,,
3574,stats,317543,8849,0,RUNNING,,0,0,1081,969,0,0,0,0,0,969,0,0,
3575,tx,317563,0,0,RUNNING,,,,,,,,,,,,,,
3576,tx,317623,0,0,RUNNING,,,,,,,,,,,,,,
3577,rx,317796,296311133,1,RUNNING,974,-66,9,,,,,,,,,,,
3578,tx,317796,0,0,RUNNING,,,,,,,,,,,,,,
3579,tx,317817,0,0,RUNNING,,,,,,,,,,,,,,
3580,rx,317917,296511138,1,RUNNING,975,-66,8,,,,,,,,,,,
3581,tx,317917,0,0,RUNNING,,,,,,,,,,,,,,
3582,tx,318050,0,0,RUNNING,,,,,,,,,,,,,,
3583,tx,318111,0,0,RUNNING,,,,,,,,,,,,,,
3584,rx,318131,296711143,1,RUNNING,976,-66,9,,,,,,,,,,,
3585,tx,318131,0,0,RUNNING,,,,,,,,,,,,,,
3586,tx,318171,0,0,RUNNING,,,,,,,,,,,,,,
3587,tx,318305,0,0,RUNNING,,,,,,,,,,,,,,
3588,rx,318325,296911149,1,RUNNING,977,-66,9,,,,,,,,,,,
3589,tx,318325,0,0,RUNNING,,,,,,,,,,,,,,
3590,tx,318365,0,0,RUNNING,,,,,,,,,,,,,,
3591,tx,318405,0,0,RUNNING,,,,,,,,,,,,,,
3592,rx,318559,297111147,1,RUNNING,978,-65,8,,,,,,,,,,,
3593,tx,318559,0,0,RUNNING,,,,,,,,,,,,,,
3594,stats,318559,8848,0,RUNNING,,0,0,1086,974,0,0,0,0,0,974,0,0,
3595,tx,318619,0,0,RUNNING,,,,,,,,,,,,,,
3596,rx,318813,297311106,1,RUNNING,979,-66,9,,,,,,,,,,,
3597,tx,318813,0,0,RUNNING,,,,,,,,,,,,,,
3598,tx,318914,0,0,RUNNING,,,,,,,,,,,,,,
3599,rx,318934,297511147,1,RUNNING,980,-66,8,,,,,,,,,,,
3600,tx,318934,0,0,RUNNING,,,,,,,,,,,,,,
3601,tx,319074,0,0,RUNNING,,,,,,,,,,,,,,
3602,tx,319114,0,0,RUNNING,,,,,,,,,,,,,,
3603,rx,319134,297711149,1,RUNNING,981,-65,8,,,,,,,,,,,
3604,tx,319134,0,0,RUNNING,,,,,,,,,,,,,,
3605,tx,319174,0,0,RUNNING,,,,,,,,,,,,,,
3606,rx,319328,297911149,1,RUNNING,982,-66,9,,,,,,,,,,,
3607,tx,319328,0,0,RUNNING,,,,,,,,,,,,,,
3608,tx,319368,0,0,RUNNING,,,,,,,,,,,,,,
3609,tx,319408,0,0,RUNNING,,,,,,,,,,,,,,
3610,rx,319582,298111118,1,RUNNING,983,-66,8,,,,,,,,,,,
3611,tx,319582,0,0,RUNNING,,,,,,,,,,,,,,
3612,stats,319582,8819,0,RUNNING,,0,0,1091,979,0,0,0,0,0,979,0,0,
3613,tx,319623,0,0,RUNNING,,,,,,,,,,,,,,
3614,rx,319837,298311139,1,RUNNING,984,-66,9,,,,,,,,,,,
3615,tx,319837,0,0,RUNNING,,,,,,,,,,,,,,
3616,rx,319917,298511143,1,RUNNING,985,-66,9,,,,,,,,,,,
3617,tx,319917,0,0,RUNNING,,,,,,,,,,,,,,
3618,tx,319957,0,0,RUNNING,,,,,,,,,,,,,,
3619,tx,320091,0,0,RUNNING,,,,,,,,,,,,,,
3620,tx,320111,0,0,RUNNING,,,,,,,,,,,,,,
3621,rx,320131,298711148,1,RUNNING,986,-66,8,,,,,,,,,,,
3622,tx,320131,0,0,RUNNING,,,,,,,,,,,,,,
3623,tx,320171,0,0,RUNNING,,,,,,,,,,,,,,
3624,tx,320212,0,0,RUNNING,,,,,,,,,,,,,,
3625,rx,320346,298911112,1,RUNNING,987,-66,9,,,,,,,,,,,
3626,tx,320346,0,0,RUNNING,,,,,,,,,,,,,,
3627,tx,320366,0,0,RUNNING,,,,,,,,,,,,,,
3628,tx,320406,0,0,RUNNING,,,,,,,,,,,,,,
3629,rx,320600,299111117,1,RUNNING,988,-66,8,,,,,,,,,,,
3630,tx,320600,0,0,RUNNING,,,,,,,,,,,,,,
3631,stats,320600,8818,0,RUNNING,,0,0,1096,984,0,0,0,0,0,984,0,0,
3632,tx,320620,0,0,RUNNING,,,,,,,,,,,,,,
3633,rx,320720,299311128,1,RUNNING,989,-66,9,,,,,,,,,,,
3634,tx,320720,0,0,RUNNING,,,,,,,,,,,,,,
3635,tx,320854,0,0,RUNNING,,,,,,,,,,,,,,
3636,rx,320915,299511145,1,RUNNING,990,-66,9,,,,,,,,,,,
3637,tx,320915,0,0,RUNNING,,,,,,,,,,,,,,
3638,tx,320955,0,0,RUNNING,,,,,,,,,,,,,,
3639,tx,321108,0,0,RUNNING,,,,,,,,,,,,,,
3640,rx,321128,299711135,1,RUNNING,991,-66,9,,,,,,,,,,,
3641,tx,321128,0,0,RUNNING,,,,,,,,,,,,,,
3642,tx,321169,0,0,RUNNING,,,,,,,,,,,,,,
3643,tx,321209,0,0,RUNNING,,,,,,,,,,,,,,
3644,rx,321363,299911131,1,RUNNING,992,-66,9,,,,,,,,,,,
3645,tx,321363,0,0,RUNNING,,,,,,,,,,,,,,
3646,tx,321423,0,0,RUNNING,,,,,,,,,,,,,,
3647,rx,321617,300111141,1,RUNNING,993,-66,9,,,,,,,,,,,
3648,tx,321617,0,0,RUNNING,,,,,,,,,,,,,,
3649,stats,321617,8842,0,RUNNING,,0,0,1101,989,0,0,0,0,0,989,0,0,
3650,rx,321718,300311145,1,RUNNING,994,-66,9,,,,,,,,,,,
3651,tx,321718,0,0,RUNNING,,,,,,,,,,,,,,
3652,tx,321871,0,0,RUNNING,,,,,,,,,,,,,,
3653,tx,321911,0,0,RUNNING,,,,,,,,,,,,,,
3654,rx,321931,300511149,1,RUNNING,995,-66,9,,,,,,,,,,,
3655,tx,321931,0,0,RUNNING,,,,,,,,,,,,,,
3656,tx,321972,0,0,RUNNING,,,,,,,,,,,,,,
3657,rx,322126,300711148,1,RUNNING,996,-66,9,,,,,,,,,,,
3658,tx,322126,0,0,RUNNING,,,,,,,,,,,,,,
3659,tx,322166,0,0,RUNNING,,,,,,,,,,,,,,
3660,tx,322206,0,0,RUNNING,,,,,,,,,,,,,,
3661,rx,322380,300911106,1,RUNNING,997,-66,9,,,,,,,,,,,
3662,tx,322380,0,0,RUNNING,,,,,,,,,,,,,,
3663,tx,322420,0,0,RUNNING,,,,,,,,,,,,,,
3664,rx,322634,301111135,1,RUNNING,998,-66,9,,,,,,,,,,,
3665,tx,322634,0,0,RUNNING,,,,,,,,,,,,,,
3666,stats,322634,8836,0,RUNNING,,0,0,1106,994,0,0,0,0,0,994,0,0,
3667,tx,322714,0,0,RUNNING,,,,,,,,,,,,,,
3668,rx,322734,301311149,1,RUNNING,999,-66,9,,,,,,,,,,,
3669,tx,322734,0,0,RUNNING,,,,,,,,,,,,,,
3670,tx,322888,0,0,RUNNING,,,,,,,,,,,,,,
3671,tx,322908,0,0,RUNNING,,,,,,,,,,,,,,
3672,rx,322928,301511137,1,RUNNING,1000,-66,9,,,,,,,,,,,
3673,tx,322928,0,0,RUNNING,,,,,,,,,,,,,,
3674,tx,322968,0,0,RUNNING,,,,,,,,,,,,,,
3675,tx,323009,0,0,RUNNING,,,,,,,,,,,,,,
3676,rx,323143,301711148,1,RUNNING,1001,-65,9,,,,,,,,,,,
3677,tx,323143,0,0,RUNNING,,,,,,,,,,,,,,
3678,tx,323163,0,0,RUNNING,,,,,,,,,,,,,,
3679,tx,323223,0,0,RUNNING,,,,,,,,,,,,,,
3680,rx,323397,301911127,1,RUNNING,1002,-66,9,,,,,,,,,,,
3681,tx,323397,0,0,RUNNING,,,,,,,,,,,,,,
3682,tx,323417,0,0,RUNNING,,,,,,,,,,,,,,
3683,rx,323518,302111143,1,RUNNING,1003,-66,8,,,,,,,,,,,
3684,tx,323518,0,0,RUNNING,,,,,,,,,,,,,,
3685,tx,323651,0,0,RUNNING,,,,,,,,,,,,,,
3686,stats,323651,8844,0,RUNNING,,0,0,1111,999,0,0,0,0,0,999,0,0,
3687,tx,323711,0,0,RUNNING,,,,,,,,,,,,,,
3688,rx,323732,302311142,1,RUNNING,1004,-66,8,,,,,,,,,,,
3689,tx,323732,0,0,RUNNING,,,,,,,,,,,,,,
3690,tx,323772,0,0,RUNNING,,,,,,,,,,,,,,
3691,tx,323906,0,0,RUNNING,,,,,,,,,,,,,,
3692,rx,323926,302511148,1,RUNNING,1005,-66,9,,,,,,,,,,,
3693,tx,323926,0,0,RUNNING,,,,,,,,,,,,,,
3694,tx,323966,0,0,RUNNING,,,,,,,,,,,,,,
3695,tx,324006,0,0,RUNNING,,,,,,,,,,,,,,
3696,rx,324160,302711149,1,RUNNING,1006,-66,9,,,,,,,,,,,
3697,tx,324160,0,0,RUNNING,,,,,,,,,,,,,,
3698,tx,324220,0,0,RUNNING,,,,,,,,,,,,,,
3699,rx,324415,302911141,1,RUNNING,1007,-66,9,,,,,,,,,,,
3700,tx,324415,0,0,RUNNING,,,,,,,,,,,,,,
3701,rx,324515,303111101,1,RUNNING,1008,-66,8,,,,,,,,,,,
3702,tx,324515,0,0,RUNNING,,,,,,,,,,,,,,
3703,tx,324669,0,0,RUNNING,,,,,,,,,,,,,,
3704,stats,324669,8290,0,RUNNING,,0,0,1117,1004,0,0,0,0,0,1004,0,0,
3705,tx,324710,0,0,RUNNING,,,,,,,,,,,,,,
3706,rx,324730,303311149,1,RUNNING,1009,-66,8,,,,,,,,,,,
3707,tx,324730,0,0,RUNNING,,,,,,,,,,,,,,
3708,tx,324770,0,0,RUNNING,,,,,,,,,,,,,,
3709,rx,324924,303511148,1,RUNNING,1010,-66,9,,,,,,,,,,,
3710,tx,324924,0,0,RUNNING,,,,,,,,,,,,,,
3711,tx,324964,0,0,RUNNING,,,,,,,,,,,,,,
3712,tx,325025,0,0,RUNNING,,,,,,,,,,,,,,
3713,rx,325179,303711078,1,RUNNING,1011,-66,8,,,,,,,,,,,
3714,tx,325179,0,0,RUNNING,,,,,,,,,,,,,,
3715,tx,325219,0,0,RUNNING,,,,,,,,,,,,,,
3716,rx,325433,303911141,1,RUNNING,1012,-66,8,,,,,,,,,,,
3717,tx,325433,0,0,RUNNING,,,,,,,,,,,,,,
3718,tx,325514,0,0,RUNNING,,,,,,,,,,,,,,
3719,rx,325534,304111141,1,RUNNING,1013,-65,9,,,,,,,,,,,
3720,tx,325534,0,0,RUNNING,,,,,,,,,,,,,,
3721,tx,325688,0,0,RUNNING,,,,,,,,,,,,,,
3722,stats,325688,8294,0,RUNNING,,0,0,1122,1009,0,0,0,0,0,1009,0,0,
3723,tx,325709,0,0,RUNNING,,,,,,,,,,,,,,
3724,rx,325729,304311146,1,RUNNING,1014,-66,9,,,,,,,,,,,
3725,tx,325729,0,0,RUNNING,,,,,,,,,,,,,,
3726,tx,325769,0,0,RUNNING,,,,,,,,,,,,,,
3727,tx,325809,0,0,RUNNING,,,,,,,,,,,,,,
3728,rx,325950,304511132,1,RUNNING,1015,-66,8,,,,,,,,,,,
3729,tx,325950,0,0,RUNNING,,,,,,,,,,,,,,
3730,tx,325970,0,0,RUNNING,,,,,,,,,,,,,,
3731,tx,326010,0,0,RUNNING,,,,,,,,,,,,,,
3732,rx,326204,304711142,1,RUNNING,1016,-66,9,,,,,,,,,,,
3733,tx,326205,0,0,RUNNING,,,,,,,,,,,,,,
3734,tx,326225,0,0,RUNNING,,,,,,,,,,,,,,
3735,tx,326305,0,0,RUNNING,,,,,,,,,,,,,,
3736,rx,326325,304911145,1,RUNNING,1017,-66,8,,,,,,,,,,,
3737,tx,326325,0,0,RUNNING,,,,,,,,,,,,,,
3738,tx,326459,0,0,RUNNING,,,,,,,,,,,,,,
3739,rx,326519,305111148,1,RUNNING,1018,-66,9,,,,,,,,,,,
3740,tx,326519,0,0,RUNNING,,,,,,,,,,,,,,
3741,tx,326560,0,0,RUNNING,,,,,,,,,,,,,,
3742,tx,326714,0,0,RUNNING,,,,,,,,,,,,,,
3743,stats,326714,8248,0,RUNNING,,0,0,1127,1014,0,0,0,0,0,1014,0,0,
3744,rx,326734,305311148,1,RUNNING,1019,-66,9,,,,,,,,,,,
3745,tx,326734,0,0,RUNNING,,,,,,,,,,,,,,
3746,tx,326774,0,0,RUNNING,,,,,,,,,,,,,,
3747,tx,326814,0,0,RUNNING,,,,,,,,,,,,,,
3748,rx,326969,305511081,1,RUNNING,1020,-66,9,,,,,,,,,,,
3749,tx,326969,0,0,RUNNING,,,,,,,,,,,,,,
3750,tx,327009,0,0,RUNNING,,,,,,,,,,,,,,
3751,rx,327224,305711117,1,RUNNING,1021,-66,9,,,,,,,,,,,
3752,tx,327224,0,0,RUNNING,,,,,,,,,,,,,,
3753,rx,327324,305911139,1,RUNNING,1022,-66,8,,,,,,,,,,,
3754,tx,327324,0,0,RUNNING,,,,,,,,,,,,,,
3755,tx,327478,0,0,RUNNING,,,,,,,,,,,,,,
3756,rx,327519,306111144,1,RUNNING,1023,-66,9,,,,,,,,,,,
3757,tx,327519,0,0,RUNNING,,,,,,,,,,,,,,
3758,tx,327559,0,0,RUNNING,,,,,,,,,,,,,,
3759,rx,327733,306311132,1,RUNNING,1024,-66,9,,,,,,,,,,,
3760,tx,327733,0,0,RUNNING,,,,,,,,,,,,,,
3761,stats,327733,8833,0,RUNNING,,0,0,1132,1020,0,0,0,0,0,1020,0,0,
3762,tx,327774,0,0,RUNNING,,,,,,,,,,,,,,
3763,tx,327814,0,0,RUNNING,,,,,,,,,,,,,,
3764,rx,327988,306511146,1,RUNNING,1025,-66,9,,,,,,,,,,,
3765,tx,327988,0,0,RUNNING,,,,,,,,,,,,,,
3766,tx,328008,0,0,RUNNING,,,,,,,,,,,,,,
3767,tx,328109,0,0,RUNNING,,,,,,,,,,,,,,
3768,rx,328249,306711143,1,RUNNING,1026,-65,9,,,,,,,,,,,
3769,tx,328249,0,0,RUNNING,,,,,,,,,,,,,,
3770,tx,328310,0,0,RUNNING,,,,,,,,,,,,,,
3771,rx,328330,306911138,1,RUNNING,1027,-66,8,,,,,,,,,,,
3772,tx,328330,0,0,RUNNING,,,,,,,,,,,,,,
3773,tx,328370,0,0,RUNNING,,,,,,,,,,,,,,
3774,tx,328504,0,0,RUNNING,,,,,,,,,,,,,,
3775,rx,328525,307111144,1,RUNNING,1028,-66,8,,,,,,,,,,,
3776,tx,328525,0,0,RUNNING,,,,,,,,,,,,,,
3777,tx,328565,0,0,RUNNING,,,,,,,,,,,,,,
3778,tx,328605,0,0,RUNNING,,,,,,,,,,,,,,
3779,rx,328759,307311113,1,RUNNING,1029,-66,9,,,,,,,,,,,
3780,tx,328759,0,0,RUNNING,,,,,,,,,,,,,,
3781,stats,328759,8814,0,RUNNING,,0,0,1137,1025,0,0,0,0,0,1025,0,0,
3782,tx,328820,0,0,RUNNING,,,,,,,,,,,,,,
3783,rx,329014,307511138,1,RUNNING,1030,-66,9,,,,,,,,,,,
3784,tx,329014,0,0,RUNNING,,,,,,,,,,,,,,
3785,rx,329115,307711137,1,RUNNING,1031,-66,9,,,,,,,,,,,
3786,tx,329115,0,0,RUNNING,,,,,,,,,,,,,,
3787,tx,329269,0,0,RUNNING,,,,,,,,,,,,,,
3788,tx,329309,0,0,RUNNING,,,,,,,,,,,,,,
3789,rx,329329,307911156,1,RUNNING,1032,-66,8,,,,,,,,,,,
3790,tx,329329,0,0,RUNNING,,,,,,,,,,,,,,
3791,tx,329370,0,0,RUNNING,,,,,,,,,,,,,,
3792,rx,329524,308111152,1,RUNNING,1033,-65,8,,,,,,,,,,,
3793,tx,329524,0,0,RUNNING,,,,,,,,,,,,,,
3794,tx,329564,0,0,RUNNING,,,,,,,,,,,,,,
3795,tx,329625,0,0,RUNNING,,,,,,,,,,,,,,
3796,rx,329779,308311100,1,RUNNING,1034,-66,9,,,,,,,,,,,
3797,tx,329779,0,0,RUNNING,,,,,,,,,,,,,,
3798,stats,329779,8801,0,RUNNING,,0,0,1142,1030,0,0,0,0,0,1030,0,0,
3799,tx,329819,0,0,RUNNING,,,,,,,,,,,,,,
3800,rx,330033,308511129,1,RUNNING,1035,-66,9,,,,,,,,,,,
3801,tx,330033,0,0,RUNNING,,,,,,,,,,,,,,
3802,tx,330114,0,0,RUNNING,,,,,,,,,,,,,,
3803,rx,330134,308711146,1,RUNNING,1036,-65,8,,,,,,,,,,,
3804,tx,330134,0,0,RUNNING,,,,,,,,,,,,,,
3805,tx,330288,0,0,RUNNING,,,,,,,,,,,,,,
3806,tx,330308,0,0,RUNNING,,,,,,,,,,,,,,
3807,rx,330328,308911148,1,RUNNING,1037,-66,8,,,,,,,,,,,
3808,tx,330328,0,0,RUNNING,,,,,,,,,,,,,,
3809,tx,330369,0,0,RUNNING,,,,,,,,,,,,,,
3810,tx,330409,0,0,RUNNING,,,,,,,,,,,,,,
3811,rx,330543,309111148,1,RUNNING,1038,-66,9,,,,,,,,,,,
3812,tx,330543,0,0,RUNNING,,,,,,,,,,,,,,
3813,tx,330563,0,0,RUNNING,,,,,,,,,,,,,,
3814,tx,330624,0,0,RUNNING,,,,,,,,,,,,,,
3815,rx,330798,309311131,1,RUNNING,1039,-66,9,,,,,,,,,,,
3816,tx,330798,0,0,RUNNING,,,,,,,,,,,,,,
3817,stats,330798,8832,0,RUNNING,,0,0,1147,1035,0,0,0,0,0,1035,0,0,
3818,tx,330818,0,0,RUNNING,,,,,,,,,,,,,,
3819,rx,330919,309511095,1,RUNNING,1040,-66,9,,,,,,,,,,,
3820,tx,330919,0,0,RUNNING,,,,,,,,,,,,,,
3821,tx,331053,0,0,RUNNING,,,,,,,,,,,,,,
3822,tx,331113,0,0,RUNNING,,,,,,,,,,,,,,
3823,rx,331133,309711145,1,RUNNING,1041,-66,8,,,,,,,,,,,
3824,tx,331133,0,0,RUNNING,,,,,,,,,,,,,,
3825,tx,331174,0,0,RUNNING,,,,,,,,,,,,,,
3826,tx,331308,0,0,RUNNING,,,,,,,,,,,,,,
3827,rx,331328,309911148,1,RUNNING,1042,-65,9,,,,,,,,,,,
3828,tx,331328,0,0,RUNNING,,,,,,,,,,,,,,
3829,tx,331368,0,0,RUNNING,,,,,,,,,,,,,,
3830,tx,331409,0,0,RUNNING,,,,,,,,,,,,,,
3831,rx,331563,310111099,1,RUNNING,1043,-66,8,,,,,,,,,,,
3832,tx,331563,0,0,RUNNING,,,,,,,,,,,,,,
3833,tx,331624,0,0,RUNNING,,,,,,,,,,,,,,
3834,rx,331818,310311139,1,RUNNING,1044,-66,9,,,,,,,,,,,
3835,tx,331818,0,0,RUNNING,,,,,,,,,,,,,,
3836,stats,331818,8840,0,RUNNING,,0,0,1152,1040,0,0,0,0,0,1040,0,0,
3837,rx,331919,310511144,1,RUNNING,1045,-66,9,,,,,,,,,,,
3838,tx,331919,0,0,RUNNING,,,,,,,,,,,,,,
3839,tx,332073,0,0,RUNNING,,,,,,,,,,,,,,
3840,tx,332113,0,0,RUNNING,,,,,,,,,,,,,,
3841,rx,332133,310711145,1,RUNNING,1046,-66,9,,,,,,,,,,,
3842,tx,332133,0,0,RUNNING,,,,,,,,,,,,,,
3843,tx,332173,0,0,RUNNING,,,,,,,,,,,,,,
3844,rx,332328,310911147,1,RUNNING,1047,-66,8,,,,,,,,,,,
3845,tx,332328,0,0,RUNNING,,,,,,,,,,,,,,
3846,tx,332368,0,0,RUNNING,,,,,,,,,,,,,,
3847,tx,332408,0,0,RUNNING,,,,,,,,,,,,,,
3848,rx,332583,311111117,1,RUNNING,1048,-66,9,,,,,,,,,,,
3849,tx,332583,0,0,RUNNING,,,,,,,,,,,,,,
3850,tx,332623,0,0,RUNNING,,,,,,,,,,,,,,
3851,rx,332837,311311139,1,RUNNING,1049,-66,9,,,,,,,,,,,
3852,tx,332837,0,0,RUNNING,,,,,,,,,,,,,,
3853,stats,332837,8840,0,RUNNING,,0,0,1157,1045,0,0,0,0,0,1045,0,0,
3854,rx,332918,311511145,1,RUNNING,1050,-66,8,,,,,,,,,,,
3855,tx,332918,0,0,RUNNING,,,,,,,,,,,,,,
3856,tx,332958,0,0,RUNNING,,,,,,,,,,,,,,
3857,tx,333092,0,0,RUNNING,,,,,,,,,,,,,,
3858,tx,333113,0,0,RUNNING,,,,,,,,,,,,,,
3859,rx,333133,311711148,1,RUNNING,1051,-66,9,,,,,,,,,,,
3860,tx,333133,0,0,RUNNING,,,,,,,,,,,,,,
3861,tx,333173,0,0,RUNNING,,,,,,,,,,,,,,
3862,tx,333213,0,0,RUNNING,,,,,,,,,,,,,,
3863,rx,333347,311911125,1,RUNNING,1052,-66,9,,,,,,,,,,,
3864,tx,333347,0,0,RUNNING,,,,,,,,,,,,,,
3865,tx,333367,0,0,RUNNING,,,,,,,,,,,,,,
3866,tx,333407,0,0,RUNNING,,,,,,,,,,,,,,
3867,rx,333602,312111119,1,RUNNING,1053,-66,9,,,,,,,,,,,
3868,tx,333602,0,0,RUNNING,,,,,,,,,,,,,,
3869,tx,333622,0,0,RUNNING,,,,,,,,,,,,,,
3870,rx,333723,312311141,1,RUNNING,1054,-66,9,,,,,,,,,,,
3871,tx,333723,0,0,RUNNING,,,,,,,,,,,,,,
3872,tx,333863,0,0,RUNNING,,,,,,,,,,,,,,
3873,stats,333863,8291,0,RUNNING,,0,0,1163,1050,0,0,0,0,0,1050,0,0,
3874,rx,333923,312511143,1,RUNNING,1055,-66,8,,,,,,,,,,,
3875,tx,333923,0,0,RUNNING,,,,,,,,,,,,,,
3876,tx,333964,0,0,RUNNING,,,,,,,,,,,,,,
3877,rx,334118,312711146,1,RUNNING,1056,-66,8,,,,,,,,,,,
3878,tx,334118,0,0,RUNNING,,,,,,,,,,,,,,
3879,tx,334158,0,0,RUNNING,,,,,,,,,,,,,,
3880,tx,334218,0,0,RUNNING,,,,,,,,,,,,,,
3881,rx,334372,312911112,1,RUNNING,1057,-66,8,,,,,,,,,,,
3882,tx,334372,0,0,RUNNING,,,,,,,,,,,,,,
3883,tx,334413,0,0,RUNNING,,,,,,,,,,,,,,
3884,rx,334627,313111137,1,RUNNING,1058,-66,9,,,,,,,,,,,
3885,tx,334627,0,0,RUNNING,,,,,,,,,,,,,,
3886,tx,334708,0,0,RUNNING,,,,,,,,,,,,,,
3887,rx,334728,313311144,1,RUNNING,1059,-66,9,,,,,,,,,,,
3888,tx,334728,0,0,RUNNING,,,,,,,,,,,,,,
3889,tx,334882,0,0,RUNNING,,,,,,,,,,,,,,
3890,stats,334882,8293,0,RUNNING,,0,0,1168,1055,0,0,0,0,0,1055,0,0,
3891,rx,334922,313511145,1,RUNNING,1060,-66,9,,,,,,,,,,,
3892,tx,334922,0,0,RUNNING,,,,,,,,,,,,,,
3893,tx,334962,0,0,RUNNING,,,,,,,,,,,,,,
3894,rx,335137,313711147,1,RUNNING,1061,-66,9,,,,,,,,,,,
3895,tx,335137,0,0,RUNNING,,,,,,,,,,,,,,
3896,tx,335157,0,0,RUNNING,,,,,,,,,,,,,,
3897,tx,335218,0,0,RUNNING,,,,,,,,,,,,,,
3898,rx,335392,313911146,1,RUNNING,1062,-66,9,,,,,,,,,,,
3899,tx,335392,0,0,RUNNING,,,,,,,,,,,,,,
3900,tx,335412,0,0,RUNNING,,,,,,,,,,,,,,
3901,tx,335513,0,0,RUNNING,,,,,,,,,,,,,,
3902,rx,335647,314111135,1,RUNNING,1063,-66,9,,,,,,,,,,,
3903,tx,335647,0,0,RUNNING,,,,,,,,,,,,,,
3904,tx,335707,0,0,RUNNING,,,,,,,,,,,,,,
3905,rx,335727,314311150,1,RUNNING,1064,-66,8,,,,,,,,,,,
3906,tx,335727,0,0,RUNNING,,,,,,,,,,,,,,
3907,tx,335768,0,0,RUNNING,,,,,,,,,,,,,,
3908,tx,335902,0,0,RUNNING,,,,,,,,,,,,,,
3909,stats,335902,8280,0,RUNNING,,0,0,1173,1060,0,0,0,0,0,1060,0,0,
3910,rx,335922,314511149,1,RUNNING,1065,-66,9,,,,,,,,,,,
3911,tx,335922,0,0,RUNNING,,,,,,,,,,,,,,
3912,tx,335962,0,0,RUNNING,,,,,,,,,,,,,,
3913,tx,336022,0,0,RUNNING,,,,,,,,,,,,,,
3914,rx,336156,314711149,1,RUNNING,1066,-66,9,,,,,,,,,,,
3915,tx,336156,0,0,RUNNING,,,,,,,,,,,,,,
3916,tx,336216,0,0,RUNNING,,,,,,,,,,,,,,
3917,rx,336411,314911150,1,RUNNING,1067,-65,9,,,,,,,,,,,
3918,tx,336411,0,0,RUNNING,,,,,,,,,,,,,,
3919,tx,336511,0,0,RUNNING,,,,,,,,,,,,,,
3920,rx,336531,315111132,1,RUNNING,1068,-66,9,,,,,,,,,,,
3921,tx,336531,0,0,RUNNING,,,,,,,,,,,,,,
3922,tx,336665,0,0,RUNNING,,,,,,,,,,,,,,
3923,tx,336706,0,0,RUNNING,,,,,,,,,,,,,,
3924,rx,336726,315311146,1,RUNNING,1069,-66,9,,,,,,,,,,,
3925,tx,336726,0,0,RUNNING,,,,,,,,,,,,,,
3926,tx,336766,0,0,RUNNING,,,,,,,,,,,,,,
3927,rx,336920,315511146,1,RUNNING,1070,-66,9,,,,,,,,,,,
3928,tx,336920,0,0,RUNNING,,,,,,,,,,,,,,
3929,stats,336920,8847,0,RUNNING,,0,0,1178,1066,0,0,0,0,0,1066,0,0,
3930,tx,336960,0,0,RUNNING,,,,,,,,,,,,,,
3931,tx,337021,0,0,RUNNING,,,,,,,,,,,,,,
3932,rx,337175,315711148,1,RUNNING,1071,-66,9,,,,,,,,,,,
3933,tx,337175,0,0,RUNNING,,,,,,,,,,,,,,
3934,tx,337215,0,0,RUNNING,,,,,,,,,,,,,,
3935,rx,337429,315911144,1,RUNNING,1072,-66,9,,,,,,,,,,,
3936,tx,337429,0,0,RUNNING,,,,,,,,,,,,,,
3937,tx,337510,0,0,RUNNING,,,,,,,,,,,,,,
3938,rx,337530,316111144,1,RUNNING,1073,-66,9,,,,,,,,,,,
3939,tx,337530,0,0,RUNNING,,,,,,,,,,,,,,
3940,tx,337684,0,0,RUNNING,,,,,,,,,,,,,,
3941,rx,337724,316311166,1,RUNNING,1074,-66,9,,,,,,,,,,,
3942,tx,337724,0,0,RUNNING,,,,,,,,,,,,,,
3943,tx,337765,0,0,RUNNING,,,,,,,,,,,,,,
3944,tx,337805,0,0,RUNNING,,,,,,,,,,,,,,
3945,rx,337939,316511148,1,RUNNING,1075,-66,8,,,,,,,,,,,
3946,tx,337939,0,0,RUNNING,,,,,,,,,,,,,,
3947,stats,337939,8849,0,RUNNING,,0,0,1183,1071,0,0,0,0,0,1071,0,0,
3948,tx,337959,0,0,RUNNING,,,,,,,,,,,,,,
3949,tx,338019,0,0,RUNNING,,,,,,,,,,,,,,
3950,rx,338193,316711107,1,RUNNING,1076,-66,9,,,,,,,,,,,
3951,tx,338194,0,0,RUNNING,,,,,,,,,,,,,,
3952,tx,338214,0,0,RUNNING,,,,,,,,,,,,,,
3953,tx,338314,0,0,RUNNING,,,,,,,,,,,,,,
3954,rx,338448,316911149,1,RUNNING,1077,-66,8,,,,,,,,,,,
3955,tx,338448,0,0,RUNNING,,,,,,,,,,,,,,
3956,tx,338509,0,0,RUNNING,,,,,,,,,,,,,,
3957,rx,338529,317111150,1,RUNNING,1078,-66,8,,,,,,,,,,,
3958,tx,338529,0,0,RUNNING,,,,,,,,,,,,,,
3959,tx,338569,0,0,RUNNING,,,,,,,,,,,,,,
3960,tx,338709,0,0,RUNNING,,,,,,,,,,,,,,
3961,rx,338729,317311167,1,RUNNING,1079,-66,9,,,,,,,,,,,
3962,tx,338729,0,0,RUNNING,,,,,,,,,,,,,,
3963,tx,338770,0,0,RUNNING,,,,,,,,,,,,,,
3964,tx,338810,0,0,RUNNING,,,,,,,,,,,,,,
3965,rx,338964,317511109,1,RUNNING,1080,-66,9,,,,,,,,,,,
3966,tx,338964,0,0,RUNNING,,,,,,,,,,,,,,
3967,stats,338964,8810,0,RUNNING,,0,0,1188,1076,0,0,0,0,0,1076,0,0,
3968,tx,339025,0,0,RUNNING,,,,,,,,,,,,,,
3969,rx,339219,317711143,1,RUNNING,1081,-66,9,,,,,,,,,,,
3970,tx,339219,0,0,RUNNING,,,,,,,,,,,,,,
3971,rx,339320,317911140,1,RUNNING,1082,-66,10,,,,,,,,,,,
3972,tx,339320,0,0,RUNNING,,,,,,,,,,,,,,
3973,tx,339474,0,0,RUNNING,,,,,,,,,,,,,,
3974,tx,339514,0,0,RUNNING,,,,,,,,,,,,,,
3975,rx,339534,318111144,1,RUNNING,1083,-66,9,,,,,,,,,,,
3976,tx,339534,0,0,RUNNING,,,,,,,,,,,,,,
3977,tx,339575,0,0,RUNNING,,,,,,,,,,,,,,
3978,rx,339729,318311145,1,RUNNING,1084,-66,8,,,,,,,,,,,
3979,tx,339729,0,0,RUNNING,,,,,,,,,,,,,,
3980,tx,339769,0,0,RUNNING,,,,,,,,,,,,,,
3981,tx,339809,0,0,RUNNING,,,,,,,,,,,,,,
3982,rx,339984,318511124,1,RUNNING,1085,-66,9,,,,,,,,,,,
3983,tx,339984,0,0,RUNNING,,,,,,,,,,,,,,
3984,stats,339984,8825,0,RUNNING,,0,0,1193,1081,0,0,0,0,0,1081,0,0,
3985,tx,340024,0,0,RUNNING,,,,,,,,,,,,,,
3986,rx,340239,318711144,1,RUNNING,1086,-66,9,,,,,,,,,,,
3987,tx,340239,0,0,RUNNING,,,,,,,,,,,,,,
3988,rx,340319,318911141,1,RUNNING,1087,-66,8,,,,,,,,,,,
3989,tx,340319,0,0,RUNNING,,,,,,,,,,,,,,
3990,tx,340359,0,0,RUNNING,,,,,,,,,,,,,,
3991,tx,340493,0,0,RUNNING,,,,,,,,,,,,,,
3992,tx,340514,0,0,RUNNING,,,,,,,,,,,,,,
3993,rx,340534,319111147,1,RUNNING,1088,-66,9,,,,,,,,,,,
3994,tx,340534,0,0,RUNNING,,,,,,,,,,,,,,
3995,tx,340574,0,0,RUNNING,,,,,,,,,,,,,,
3996,tx,340614,0,0,RUNNING,,,,,,,,,,,,,,
3997,rx,340748,319311139,1,RUNNING,1089,-65,9,,,,,,,,,,,
3998,tx,340748,0,0,RUNNING,,,,,,,,,,,,,,
3999,tx,340768,0,0,RUNNING,,,,,,,,,,,,,,
4000,tx,340809,0,0,RUNNING,,,,,,,,,,,,,,
4001,rx,341003,319511143,1,RUNNING,1090,-66,9,,,,,,,,,,,
4002,tx,341003,0,0,RUNNING,,,,,,,,,,,,,,
4003,stats,341003,8844,0,RUNNING,,0,0,1198,1086,0,0,0,0,0,1086,0,0,
4004,tx,341023,0,0,RUNNING,,,,,,,,,,,,,,
4005,rx,341124,319711139,1,RUNNING,1091,-66,9,,,,,,,,,,,
4006,tx,341124,0,0,RUNNING,,,,,,,,,,,,,,
4007,tx,341258,0,0,RUNNING,,,,,,,,,,,,,,
4008,rx,341318,319911145,1,RUNNING,1092,-65,8,,,,,,,,,,,
4009,tx,341318,0,0,RUNNING,,,,,,,,,,,,,,
4010,tx,341359,0,0,RUNNING,,,,,,,,,,,,,,
4011,tx,341513,0,0,RUNNING,,,,,,,,,,,,,,
4012,rx,341533,320111148,1,RUNNING,1093,-66,9,,,,,,,,,,,
4013,tx,341533,0,0,RUNNING,,,,,,,,,,,,,,
4014,tx,341573,0,0,RUNNING,,,,,,,,,,,,,,
4015,tx,341613,0,0,RUNNING,,,,,,,,,,,,,,
4016,rx,341768,320311077,1,RUNNING,1094,-66,8,,,,,,,,,,,
4017,tx,341768,0,0,RUNNING,,,,,,,,,,,,,,
4018,tx,341808,0,0,RUNNING,,,,,,,,,,,,,,
4019,rx,342022,320511132,1,RUNNING,1095,-66,9,,,,,,,,,,,
4020,tx,342022,0,0,RUNNING,,,,,,,,,,,,,,
4021,stats,342022,8833,0,RUNNING,,0,0,1203,1091,0,0,0,0,0,1091,0,0,
4022,rx,342123,320711139,1,RUNNING,1096,-66,9,,,,,,,,,,,
4023,tx,342123,0,0,RUNNING,,,,,,,,,,,,,,
4024,tx,342277,0,0,RUNNING,,,,,,,,,,,,,,
4025,rx,342318,320911146,1,RUNNING,1097,-66,9,,,,,,,,,,,
4026,tx,342318,0,0,RUNNING,,,,,,,,,,,,,,
4027,tx,342358,0,0,RUNNING,,,,,,,,,,,,,,
4028,rx,342532,321111153,1,RUNNING,1098,-66,8,,,,,,,,,,,
4029,tx,342532,0,0,RUNNING,,,,,,,,,,,,,,
4030,tx,342572,0,0,RUNNING,,,,,,,,,,,,,,
4031,tx,342613,0,0,RUNNING,,,,,,,,,,,,,,
4032,rx,342787,321311132,1,RUNNING,1099,-65,8,,,,,,,,,,,
4033,tx,342787,0,0,RUNNING,,,,,,,,,,,,,,
4034,tx,342807,0,0,RUNNING,,,,,,,,,,,,,,
4035,tx,342908,0,0,RUNNING,,,,,,,,,,,,,,
4036,rx,343042,321511146,1,RUNNING,1100,-66,8,,,,,,,,,,,
4037,tx,343042,0,0,RUNNING,,,,,,,,,,,,,,
4038,stats,343042,8847,0,RUNNING,,0,0,1208,1096,0,0,0,0,0,1096,0,0,
4039,rx,343122,321711147,1,RUNNING,1101,-66,9,,,,,,,,,,,
4040,tx,343122,0,0,RUNNING,,,,,,,,,,,,,,
4041,tx,343162,0,0,RUNNING,,,,,,,,,,,,,,
4042,tx,343296,0,0,RUNNING,,,,,,,,,,,,,,
4043,rx,343316,321911149,1,RUNNING,1102,-66,9,,,,,,,,,,,
4044,tx,343316,0,0,RUNNING,,,,,,,,,,,,,,
4045,tx,343357,0,0,RUNNING,,,,,,,,,,,,,,
4046,tx,343417,0,0,RUNNING,,,,,,,,,,,,,,
4047,rx,343551,322111093,1,RUNNING,1103,-66,8,,,,,,,,,,,
4048,tx,343551,0,0,RUNNING,,,,,,,,,,,,,,
4049,tx,343571,0,0,RUNNING,,,,,,,,,,,,,,
4050,tx,343612,0,0,RUNNING,,,,,,,,,,,,,,
4051,rx,343806,322311148,1,RUNNING,1104,-66,9,,,,,,,,,,,
4052,tx,343806,0,0,RUNNING,,,,,,,,,,,,,,
4053,tx,343906,0,0,RUNNING,,,,,,,,,,,,,,
4054,rx,343927,322511144,1,RUNNING,1105,-66,9,,,,,,,,,,,
4055,tx,343927,0,0,RUNNING,,,,,,,,,,,,,,
4056,tx,344067,0,0,RUNNING,,,,,,,,,,,,,,
4057,stats,344067,8291,0,RUNNING,,0,0,1214,1101,0,0,0,0,0,1101,0,0,
4058,tx,344107,0,0,RUNNING,,,,,,,,,,,,,,
4059,rx,344127,322711146,1,RUNNING,1106,-66,8,,,,,,,,,,,
4060,tx,344127,0,0,RUNNING,,,,,,,,,,,,,,
4061,tx,344167,0,0,RUNNING,,,,,,,,,,,,,,
4062,rx,344321,322911145,1,RUNNING,1107,-66,9,,,,,,,,,,,
4063,tx,344321,0,0,RUNNING,,,,,,,,,,,,,,
4064,tx,344361,0,0,RUNNING,,,,,,,,,,,,,,
4065,tx,344422,0,0,RUNNING,,,,,,,,,,,,,,
4066,rx,344576,323111085,1,RUNNING,1108,-66,8,,,,,,,,,,,
4067,tx,344576,0,0,RUNNING,,,,,,,,,,,,,,
4068,tx,344617,0,0,RUNNING,,,,,,,,,,,,,,
4069,rx,344831,323311120,1,RUNNING,1109,-66,9,,,,,,,,,,,
4070,tx,344831,0,0,RUNNING,,,,,,,,,,,,,,
4071,tx,344911,0,0,RUNNING,,,,,,,,,,,,,,
4072,rx,344931,323511126,1,RUNNING,1110,-66,9,,,,,,,,,,,
4073,tx,344931,0,0,RUNNING,,,,,,,,,,,,,,
4074,tx,345085,0,0,RUNNING,,,,,,,,,,,,,,
4075,stats,345085,8278,0,RUNNING,,0,0,1219,1106,0,0,0,0,0,1106,0,0,
4076,tx,345105,0,0,RUNNING,,,,,,,,,,,,,,
4077,rx,345126,323711141,1,RUNNING,1111,-66,9,,,,,,,,,,,
4078,tx,345126,0,0,RUNNING,,,,,,,,,,,,,,
4079,tx,345166,0,0,RUNNING,,,,,,,,,,,,,,
4080,tx,345206,0,0,RUNNING,,,,,,,,,,,,,,
4081,rx,345340,323911145,1,RUNNING,1112,-66,9,,,,,,,,,,,
4082,tx,345340,0,0,RUNNING,,,,,,,,,,,,,,
4083,tx,345360,0,0,RUNNING,,,,,,,,,,,,,,
4084,tx,345420,0,0,RUNNING,,,,,,,,,,,,,,
4085,rx,345595,324111146,1,RUNNING,1113,-66,9,,,,,,,,,,,
4086,tx,345595,0,0,RUNNING,,,,,,,,,,,,,,
4087,tx,345615,0,0,RUNNING,,,,,,,,,,,,,,
4088,rx,345716,324311141,1,RUNNING,1114,-66,9,,,,,,,,,,,
4089,tx,345716,0,0,RUNNING,,,,,,,,,,,,,,
4090,tx,345850,0,0,RUNNING,,,,,,,,,,,,,,
4091,tx,345910,0,0,RUNNING,,,,,,,,,,,,,,
4092,rx,345930,324511144,1,RUNNING,1115,-66,8,,,,,,,,,,,
4093,tx,345930,0,0,RUNNING,,,,,,,,,,,,,,
4094,tx,345970,0,0,RUNNING,,,,,,,,,,,,,,
4095,tx,346105,0,0,RUNNING,,,,,,,,,,,,,,
4096,stats,346105,8291,0,RUNNING,,0,0,1224,1111,0,0,0,0,0,1111,0,0,
4097,rx,346125,324711135,1,RUNNING,1116,-66,9,,,,,,,,,,,
4098,tx,346125,0,0,RUNNING,,,,,,,,,,,,,,
4099,tx,346165,0,0,RUNNING,,,,,,,,,,,,,,
4100,tx,346205,0,0,RUNNING,,,,,,,,,,,,,,
4101,rx,346359,324911149,1,RUNNING,1117,-65,8,,,,,,,,,,,
4102,tx,346359,0,0,RUNNING,,,,,,,,,,,,,,
4103,tx,346420,0,0,RUNNING,,,,,,,,,,,,,,
4104,rx,346614,325111140,1,RUNNING,1118,-66,9,,,,,,,,,,,
4105,tx,346614,0,0,RUNNING,,,,,,,,,,,,,,
4106,rx,346715,325311146,1,RUNNING,1119,-66,8,,,,,,,,,,,
4107,tx,346715,0,0,RUNNING,,,,,,,,,,,,,,
4108,tx,346869,0,0,RUNNING,,,,,,,,,,,,,,
4109,tx,346909,0,0,RUNNING,,,,,,,,,,,,,,
4110,rx,346930,325511140,1,RUNNING,1120,-66,9,,,,,,,,,,,
4111,tx,346930,0,0,RUNNING,,,,,,,,,,,,,,
4112,tx,346970,0,0,RUNNING,,,,,,,,,,,,,,
4113,rx,347124,325711141,1,RUNNING,1121,-66,8,,,,,,,,,,,
4114,tx,347124,0,0,RUNNING,,,,,,,,,,,,,,
4115,stats,347124,8842,0,RUNNING,,0,0,1229,1117,0,0,0,0,0,1117,0,0,
4116,tx,347164,0,0,RUNNING,,,,,,,,,,,,,,
4117,tx,347225,0,0,RUNNING,,,,,,,,,,,,,,
4118,rx,347379,325911082,1,RUNNING,1122,-66,8,,,,,,,,,,,
4119,tx,347379,0,0,RUNNING,,,,,,,,,,,,,,
4120,tx,347419,0,0,RUNNING,,,,,,,,,,,,,,
4121,rx,347633,326111138,1,RUNNING,1123,-66,9,,,,,,,,,,,
4122,tx,347633,0,0,RUNNING,,,,,,,,,,,,,,
4123,tx,347714,0,0,RUNNING,,,,,,,,,,,,,,
4124,rx,347734,326311139,1,RUNNING,1124,-66,8,,,,,,,,,,,
4125,tx,347734,0,0,RUNNING,,,,,,,,,,,,,,
4126,tx,347888,0,0,RUNNING,,,,,,,,,,,,,,
4127,tx,347908,0,0,RUNNING,,,,,,,,,,,,,,
4128,rx,347928,326511133,1,RUNNING,1125,-66,8,,,,,,,,,,,
4129,tx,347928,0,0,RUNNING,,,,,,,,,,,,,,
4130,tx,347969,0,0,RUNNING,,,,,,,,,,,,,,
4131,tx,348009,0,0,RUNNING,,,,,,,,,,,,,,
4132,rx,348143,326711108,1,RUNNING,1126,-66,10,,,,,,,,,,,
4133,tx,348143,0,0,RUNNING,,,,,,,,,,,,,,
4134,stats,348143,8809,0,RUNNING,,0,0,1234,1122,0,0,0,0,0,1122,0,0,
4135,tx,348163,0,0,RUNNING,,,,,,,,,,,,,,
4136,tx,348224,0,0,RUNNING,,,,,,,,,,,,,,
4137,rx,348398,326911123,1,RUNNING,1127,-66,10,,,,,,,,,,,
4138,tx,348398,0,0,RUNNING,,,,,,,,,,,,,,
4139,tx,348419,0,0,RUNNING,,,,,,,,,,,,,,
4140,rx,348519,327111129,1,RUNNING,1128,-66,9,,,,,,,,,,,
4141,tx,348519,0,0,RUNNING,,,,,,,,,,,,,,
4142,tx,348653,0,0,RUNNING,,,,,,,,,,,,,,
4143,tx,348714,0,0,RUNNING,,,,,,,,,,,,,,
4144,rx,348734,327311139,1,RUNNING,1129,-66,9,,,,,,,,,,,
4145,tx,348734,0,0,RUNNING,,,,,,,,,,,,,,
4146,tx,348774,0,0,RUNNING,,,,,,,,,,,,,,
4147,tx,348908,0,0,RUNNING,,,,,,,,,,,,,,
4148,rx,348928,327511144,1,RUNNING,1130,-66,10,,,,,,,,,,,
4149,tx,348928,0,0,RUNNING,,,,,,,,,,,,,,
4150,tx,348969,0,0,RUNNING,,,,,,,,,,,,,,
4151,tx,349009,0,0,RUNNING,,,,,,,,,,,,,,
4152,rx,349164,327711111,1,RUNNING,1131,-66,8,,,,,,,,,,,
4153,tx,349164,0,0,RUNNING,,,,,,,,,,,,,,
4154,stats,349164,8812,0,RUNNING,,0,0,1239,1127,0,0,0,0,0,1127,0,0,
4155,tx,349224,0,0,RUNNING,,,,,,,,,,,,,,
4156,rx,349419,327911153,1,RUNNING,1132,-66,9,,,,,,,,,,,
4157,tx,349419,0,0,RUNNING,,,,,,,,,,,,,,
4158,rx,349519,328111149,1,RUNNING,1133,-65,8,,,,,,,,,,,
4159,tx,349519,0,0,RUNNING,,,,,,,,,,,,,,
4160,tx,349673,0,0,RUNNING,,,,,,,,,,,,,,
4161,tx,349714,0,0,RUNNING,,,,,,,,,,,,,,
4162,rx,349734,328311147,1,RUNNING,1134,-66,8,,,,,,,,,,,
4163,tx,349734,0,0,RUNNING,,,,,,,,,,,,,,
4164,tx,349774,0,0,RUNNING,,,,,,,,,,,,,,
4165,rx,349928,328511149,1,RUNNING,1135,-66,9,,,,,,,,,,,
4166,tx,349928,0,0,RUNNING,,,,,,,,,,,,,,
4167,tx,349968,0,0,RUNNING,,,,,,,,,,,,,,
4168,tx,350009,0,0,RUNNING,,,,,,,,,,,,,,
4169,rx,350183,328711118,1,RUNNING,1136,-66,8,,,,,,,,,,,
4170,tx,350183,0,0,RUNNING,,,,,,,,,,,,,,
4171,stats,350183,8819,0,RUNNING,,0,0,1244,1132,0,0,0,0,0,1132,0,0,
4172,tx,350224,0,0,RUNNING,,,,,,,,,,,,,,
4173,rx,350438,328911142,1,RUNNING,1137,-66,9,,,,,,,,,,,
4174,tx,350438,0,0,RUNNING,,,,,,,,,,,,,,
4175,rx,350519,329111143,1,RUNNING,1138,-66,9,,,,,,,,,,,
4176,tx,350519,0,0,RUNNING,,,,,,,,,,,,,,
4177,tx,350559,0,0,RUNNING,,,,,,,,,,,,,,
4178,tx,350693,0,0,RUNNING,,,,,,,,,,,,,,
4179,tx,350713,0,0,RUNNING,,,,,,,,,,,,,,
4180,rx,350734,329311128,1,RUNNING,1139,-66,8,,,,,,,,,,,
4181,tx,350734,0,0,RUNNING,,,,,,,,,,,,,,
4182,tx,350774,0,0,RUNNING,,,,,,,,,,,,,,
4183,tx,350814,0,0,RUNNING,,,,,,,,,,,,,,
4184,rx,350955,329511083,1,RUNNING,1140,-66,9,,,,,,,,,,,
4185,tx,350955,0,0,RUNNING,,,,,,,,,,,,,,
4186,tx,351015,0,0,RUNNING,,,,,,,,,,,,,,
4187,rx,351209,329711131,1,RUNNING,1141,-66,9,,,,,,,,,,,
4188,tx,351209,0,0,RUNNING,,,,,,,,,,,,,,
4189,stats,351209,8832,0,RUNNING,,0,0,1249,1137,0,0,0,0,0,1137,0,0,
4190,tx,351310,0,0,RUNNING,,,,,,,,,,,,,,
4191,rx,351330,329911140,1,RUNNING,1142,-66,9,,,,,,,,,,,
4192,tx,351330,0,0,RUNNING,,,,,,,,,,,,,,
4193,tx,351470,0,0,RUNNING,,,,,,,,,,,,,,
4194,tx,351510,0,0,RUNNING,,,,,,,,,,,,,,
4195,rx,351530,330111144,1,RUNNING,1143,-66,9,,,,,,,,,,,
4196,tx,351530,0,0,RUNNING,,,,,,,,,,,,,,
4197,tx,351571,0,0,RUNNING,,,,,,,,,,,,,,
4198,rx,351725,330311144,1,RUNNING,1144,-66,8,,,,,,,,,,,
4199,tx,351725,0,0,RUNNING,,,,,,,,,,,,,,
4200,tx,351765,0,0,RUNNING,,,,,,,,,,,,,,
4201,tx,351805,0,0,RUNNING,,,,,,,,,,,,,,
4202,rx,351980,330511117,1,RUNNING,1145,-66,9,,,,,,,,,,,
4203,tx,351980,0,0,RUNNING,,,,,,,,,,,,,,
4204,tx,352020,0,0,RUNNING,,,,,,,,,,,,,,
4205,rx,352234,330711133,1,RUNNING,1146,-66,8,,,,,,,,,,,
4206,tx,352234,0,0,RUNNING,,,,,,,,,,,,,,
4207,stats,352234,8834,0,RUNNING,,0,0,1254,1142,0,0,0,0,0,1142,0,0,
4208,tx,352314,0,0,RUNNING,,,,,,,,,,,,,,
4209,rx,352335,330911141,1,RUNNING,1147,-66,9,,,,,,,,,,,
4210,tx,352335,0,0,RUNNING,,,,,,,,,,,,,,
4211,tx,352489,0,0,RUNNING,,,,,,,,,,,,,,
4212,tx,352509,0,0,RUNNING,,,,,,,,,,,,,,
4213,rx,352529,331111146,1,RUNNING,1148,-66,9,,,,,,,,,,,
4214,tx,352529,0,0,RUNNING,,,,,,,,,,,,,,
4215,tx,352569,0,0,RUNNING,,,,,,,,,,,,,,
4216,tx,352609,0,0,RUNNING,,,,,,,,,,,,,,
4217,rx,352744,331311148,1,RUNNING,1149,-66,8,,,,,,,,,,,
4218,tx,352744,0,0,RUNNING,,,,,,,,,,,,,,
4219,tx,352764,0,0,RUNNING,,,,,,,,,,,,,,
4220,tx,352824,0,0,RUNNING,,,,,,,,,,,,,,
4221,rx,352998,331511149,1,RUNNING,1150,-66,9,,,,,,,,,,,
4222,tx,352999,0,0,RUNNING,,,,,,,,,,,,,,
4223,tx,353019,0,0,RUNNING,,,,,,,,,,,,,,
4224,rx,353119,331711149,1,RUNNING,1151,-66,8,,,,,,,,,,,
4225,tx,353119,0,0,RUNNING,,,,,,,,,,,,,,
4226,tx,353253,0,0,RUNNING,,,,,,,,,,,,,,
4227,stats,353253,8850,0,RUNNING,,0,0,1259,1147,0,0,0,0,0,1147,0,0,
4228,tx,353314,0,0,RUNNING,,,,,,,,,,,,,,
4229,rx,353334,331911148,1,RUNNING,1152,-65,9,,,,,,,,,,,
4230,tx,353334,0,0,RUNNING,,,,,,,,,,,,,,
4231,tx,353374,0,0,RUNNING,,,,,,,,,,,,,,
4232,tx,353514,0,0,RUNNING,,,,,,,,,,,,,,
4233,rx,353535,332111148,1,RUNNING,1153,-65,8,,,,,,,,,,,
4234,tx,353535,0,0,RUNNING,,,,,,,,,,,,,,
4235,tx,353575,0,0,RUNNING,,,,,,,,,,,,,,
4236,tx,353615,0,0,RUNNING,,,,,,,,,,,,,,
4237,rx,353769,332311137,1,RUNNING,1154,-66,7,,,,,,,,,,,
4238,tx,353769,0,0,RUNNING,,,,,,,,,,,,,,
4239,tx,353810,0,0,RUNNING,,,,,,,,,,,,,,
4240,rx,354024,332511129,1,RUNNING,1155,-66,8,,,,,,,,,,,
4241,tx,354024,0,0,RUNNING,,,,,,,,,,,,,,
4242,rx,354125,332711146,1,RUNNING,1156,-66,8,,,,,,,,,,,
4243,tx,354125,0,0,RUNNING,,,,,,,,,,,,,,
4244,tx,354279,0,0,RUNNING,,,,,,,,,,,,,,
4245,stats,354279,8293,0,RUNNING,,0,0,1265,1152,0,0,0,0,0,1152,0,0,
4246,rx,354319,332911148,1,RUNNING,1157,-66,9,,,,,,,,,,,
4247,tx,354319,0,0,RUNNING,,,,,,,,,,,,,,
4248,tx,354360,0,0,RUNNING,,,,,,,,,,,,,,
4249,rx,354534,333111149,1,RUNNING,1158,-66,9,,,,,,,,,,,
4250,tx,354534,0,0,RUNNING,,,,,,,,,,,,,,
4251,tx,354574,0,0,RUNNING,,,,,,,,,,,,,,
4252,tx,354614,0,0,RUNNING,,,,,,,,,,,,,,
4253,rx,354789,333311140,1,RUNNING,1159,-66,9,,,,,,,,,,,
4254,tx,354789,0,0,RUNNING,,,,,,,,,,,,,,
4255,tx,354809,0,0,RUNNING,,,,,,,,,,,,,,
4256,tx,354909,0,0,RUNNING,,,,,,,,,,,,,,
4257,rx,355044,333511123,1,RUNNING,1160,-66,9,,,,,,,,,,,
4258,tx,355044,0,0,RUNNING,,,,,,,,,,,,,,
4259,rx,355124,333711135,1,RUNNING,1161,-66,8,,,,,,,,,,,
4260,tx,355124,0,0,RUNNING,,,,,,,,,,,,,,
4261,tx,355164,0,0,RUNNING,,,,,,,,,,,,,,
4262,tx,355298,0,0,RUNNING,,,,,,,,,,,,,,
4263,stats,355298,8248,0,RUNNING,,0,0,1270,1157,0,0,0,0,0,1157,0,0,
4264,rx,355318,333911144,1,RUNNING,1162,-66,9,,,,,,,,,,,
4265,tx,355318,0,0,RUNNING,,,,,,,,,,,,,,
4266,tx,355359,0,0,RUNNING,,,,,,,,,,,,,,
4267,tx,355419,0,0,RUNNING,,,,,,,,,,,,,,
4268,rx,355553,334111116,1,RUNNING,1163,-66,8,,,,,,,,,,,
4269,tx,355553,0,0,RUNNING,,,,,,,,,,,,,,
4270,tx,355573,0,0,RUNNING,,,,,,,,,,,,,,
4271,tx,355614,0,0,RUNNING,,,,,,,,,,,,,,
4272,rx,355808,334311135,1,RUNNING,1164,-66,9,,,,,,,,,,,
4273,tx,355808,0,0,RUNNING,,,,,,,,,,,,,,
4274,tx,355909,0,0,RUNNING,,,,,,,,,,,,,,
4275,rx,355929,334511144,1,RUNNING,1165,-66,9,,,,,,,,,,,
4276,tx,355929,0,0,RUNNING,,,,,,,,,,,,,,
4277,tx,356063,0,0,RUNNING,,,,,,,,,,,,,,
4278,rx,356123,334711146,1,RUNNING,1166,-66,9,,,,,,,,,,,
4279,tx,356123,0,0,RUNNING,,,,,,,,,,,,,,
4280,tx,356164,0,0,RUNNING,,,,,,,,,,,,,,
4281,rx,356318,334911128,1,RUNNING,1167,-66,8,,,,,,,,,,,
4282,tx,356318,0,0,RUNNING,,,,,,,,,,,,,,
4283,stats,356318,8829,0,RUNNING,,0,0,1275,1163,0,0,0,0,0,1163,0,0,
4284,tx,356358,0,0,RUNNING,,,,,,,,,,,,,,
4285,tx,356418,0,0,RUNNING,,,,,,,,,,,,,,
4286,rx,356572,335111111,1,RUNNING,1168,-65,9,,,,,,,,,,,
4287,tx,356572,0,0,RUNNING,,,,,,,,,,,,,,
4288,tx,356613,0,0,RUNNING,,,,,,,,,,,,,,
4289,rx,356827,335311137,1,RUNNING,1169,-66,9,,,,,,,,,,,
4290,tx,356827,0,0,RUNNING,,,,,,,,,,,,,,
4291,tx,356908,0,0,RUNNING,,,,,,,,,,,,,,
4292,rx,356928,335511144,1,RUNNING,1170,-66,8,,,,,,,,,,,
4293,tx,356928,0,0,RUNNING,,,,,,,,,,,,,,
4294,tx,357082,0,0,RUNNING,,,,,,,,,,,,,,
4295,rx,357122,335711144,1,RUNNING,1171,-66,9,,,,,,,,,,,
4296,tx,357122,0,0,RUNNING,,,,,,,,,,,,,,
4297,tx,357163,0,0,RUNNING,,,,,,,,,,,,,,
4298,rx,357337,335911148,1,RUNNING,1172,-66,9,,,,,,,,,,,
4299,tx,357337,0,0,RUNNING,,,,,,,,,,,,,,
4300,stats,357337,8849,0,RUNNING,,0,0,1280,1168,0,0,0,0,0,1168,0,0,
4301,tx,357357,0,0,RUNNING,,,,,,,,,,,,,,
4302,tx,357418,0,0,RUNNING,,,,,,,,,,,,,,
4303,rx,357592,336111147,1,RUNNING,1173,-66,8,,,,,,,,,,,
4304,tx,357592,0,0,RUNNING,,,,,,,,,,,,,,
4305,tx,357612,0,0,RUNNING,,,,,,,,,,,,,,
4306,tx,357713,0,0,RUNNING,,,,,,,,,,,,,,
4307,rx,357847,336311137,1,RUNNING,1174,-65,9,,,,,,,,,,,
4308,tx,357847,0,0,RUNNING,,,,,,,,,,,,,,
4309,tx,357907,0,0,RUNNING,,,,,,,,,,,,,,
4310,rx,357927,336511150,1,RUNNING,1175,-66,9,,,,,,,,,,,
4311,tx,357927,0,0,RUNNING,,,,,,,,,,,,,,
4312,tx,357968,0,0,RUNNING,,,,,,,,,,,,,,
4313,tx,358102,0,0,RUNNING,,,,,,,,,,,,,,
4314,rx,358122,336711149,1,RUNNING,1176,-66,9,,,,,,,,,,,
4315,tx,358122,0,0,RUNNING,,,,,,,,,,,,,,
4316,tx,358162,0,0,RUNNING,,,,,,,,,,,,,,
4317,tx,358222,0,0,RUNNING,,,,,,,,,,,,,,
4318,rx,358356,336911143,1,RUNNING,1177,-66,9,,,,,,,,,,,
4319,tx,358356,0,0,RUNNING,,,,,,,,,,,,,,
4320,stats,358356,8844,0,RUNNING,,0,0,1285,1173,0,0,0,0,0,1173,0,0,
4321,tx,358417,0,0,RUNNING,,,,,,,,,,,,,,
4322,rx,358611,337111146,1,RUNNING,1178,-66,8,,,,,,,,,,,
4323,tx,358611,0,0,RUNNING,,,,,,,,,,,,,,
4324,tx,358711,0,0,RUNNING,,,,,,,,,,,,,,
4325,rx,358731,337311148,1,RUNNING,1179,-66,8,,,,,,,,,,,
4326,tx,358731,0,0,RUNNING,,,,,,,,,,,,,,
4327,tx,358865,0,0,RUNNING,,,,,,,,,,,,,,
4328,tx,358906,0,0,RUNNING,,,,,,,,,,,,,,
4329,rx,358926,337511150,1,RUNNING,1180,-66,8,,,,,,,,,,,
4330,tx,358926,0,0,RUNNING,,,,,,,,,,,,,,
4331,tx,358966,0,0,RUNNING,,,,,,,,,,,,,,
4332,rx,359120,337711148,1,RUNNING,1181,-66,8,,,,,,,,,,,
4333,tx,359120,0,0,RUNNING,,,,,,,,,,,,,,
4334,tx,359160,0,0,RUNNING,,,,,,,,,,,,,,
4335,tx,359221,0,0,RUNNING,,,,,,,,,,,,,,
4336,rx,359375,337911141,1,RUNNING,1182,-66,8,,,,,,,,,,,
4337,tx,359375,0,0,RUNNING,,,,,,,,,,,,,,
4338,stats,359375,8842,0,RUNNING,,0,0,1290,1178,0,0,0,0,0,1178,0,0,
4339,tx,359415,0,0,RUNNING,,,,,,,,,,,,,,
4340,rx,359630,338111141,1,RUNNING,1183,-66,8,,,,,,,,,,,
4341,tx,359630,0,0,RUNNING,,,,,,,,,,,,,,
4342,tx,359710,0,0,RUNNING,,,,,,,,,,,,,,
4343,rx,359730,338311146,1,RUNNING,1184,-66,9,,,,,,,,,,,
4344,tx,359730,0,0,RUNNING,,,,,,,,,,,,,,
4345,tx,359884,0,0,RUNNING,,,,,,,,,,,,,,
4346,rx,359925,338511140,1,RUNNING,1185,-66,9,,,,,,,,,,,
4347,tx,359925,0,0,RUNNING,,,,,,,,,,,,,,
4348,tx,359965,0,0,RUNNING,,,,,,,,,,,,,,
4349,tx,360005,0,0,RUNNING,,,,,,,,,,,,,,
4350,rx,360139,338711103,1,RUNNING,1186,-66,9,,,,,,,,,,,
4351,tx,360139,0,0,RUNNING,,,,,,,,,,,,,,
4352,tx,360159,0,0,RUNNING,,,,,,,,,,,,,,
4353,tx,360220,0,0,RUNNING,,,,,,,,,,,,,,
4354,rx,360394,338911146,1,RUNNING,1187,-66,9,,,,,,,,,,,
4355,tx,360394,0,0,RUNNING,,,,,,,,,,,,,,
4356,stats,360394,8847,0,RUNNING,,0,0,1295,1183,0,0,0,0,0,1183,0,0,
4357,tx,360414,0,0,RUNNING,,,,,,,,,,,,,,
4358,tx,360514,0,0,RUNNING,,,,,,,,,,,,,,
4359,rx,360649,339111147,1,RUNNING,1188,-66,9,,,,,,,,,,,
4360,tx,360649,0,0,RUNNING,,,,,,,,,,,,,,
4361,tx,360709,0,0,RUNNING,,,,,,,,,,,,,,
4362,rx,360729,339311149,1,RUNNING,1189,-66,8,,,,,,,,,,,
4363,tx,360729,0,0,RUNNING,,,,,,,,,,,,,,
4364,tx,360769,0,0,RUNNING,,,,,,,,,,,,,,
4365,tx,360904,0,0,RUNNING,,,,,,,,,,,,,,
4366,rx,360924,339511133,1,RUNNING,1190,-66,9,,,,,,,,,,,
4367,tx,360924,0,0,RUNNING,,,,,,,,,,,,,,
4368,tx,360964,0,0,RUNNING,,,,,,,,,,,,,,
4369,tx,361025,0,0,RUNNING,,,,,,,,,,,,,,
4370,rx,361159,339711079,1,RUNNING,1191,-66,9,,,,,,,,,,,
4371,tx,361159,0,0,RUNNING,,,,,,,,,,,,,,
4372,tx,361219,0,0,RUNNING,,,,,,,,,,,,,,
4373,rx,361414,339911128,1,RUNNING,1192,-66,8,,,,,,,,,,,
4374,tx,361414,0,0,RUNNING,,,,,,,,,,,,,,
4375,stats,361414,8829,0,RUNNING,,0,0,1300,1188,0,0,0,0,0,1188,0,0,
4376,tx,361515,0,0,RUNNING,,,,,,,,,,,,,,
4377,rx,361535,340111137,1,RUNNING,1193,-66,9,,,,,,,,,,,
4378,tx,361535,0,0,RUNNING,,,,,,,,,,,,,,
4379,tx,361669,0,0,RUNNING,,,,,,,,,,,,,,
4380,tx,361709,0,0,RUNNING,,,,,,,,,,,,,,
4381,rx,361729,340311143,1,RUNNING,1194,-66,9,,,,,,,,,,,
4382,tx,361729,0,0,RUNNING,,,,,,,,,,,,,,
4383,tx,361770,0,0,RUNNING,,,,,,,,,,,,,,
4384,rx,361924,340511104,1,RUNNING,1195,-66,8,,,,,,,,,,,
4385,tx,361924,0,0,RUNNING,,,,,,,,,,,,,,
4386,tx,361964,0,0,RUNNING,,,,,,,,,,,,,,
4387,tx,362024,0,0,RUNNING,,,,,,,,,,,,,,
4388,rx,362179,340711143,1,RUNNING,1196,-66,8,,,,,,,,,,,
4389,tx,362179,0,0,RUNNING,,,,,,,,,,,,,,
4390,tx,362219,0,0,RUNNING,,,,,,,,,,,,,,
4391,rx,362433,340911141,1,RUNNING,1197,-66,9,,,,,,,,,,,
4392,tx,362433,0,0,RUNNING,,,,,,,,,,,,,,
4393,stats,362433,8842,0,RUNNING,,0,0,1305,1193,0,0,0,0,0,1193,0,0,
4394,tx,362514,0,0,RUNNING,,,,,,,,,,,,,,
4395,rx,362534,341111145,1,RUNNING,1198,-66,9,,,,,,,,,,,
4396,tx,362534,0,0,RUNNING,,,,,,,,,,,,,,
4397,tx,362688,0,0,RUNNING,,,,,,,,,,,,,,
4398,tx,362708,0,0,RUNNING,,,,,,,,,,,,,,
4399,rx,362728,341311146,1,RUNNING,1199,-66,8,,,,,,,,,,,
4400,tx,362728,0,0,RUNNING,,,,,,,,,,,,,,
4401,tx,362769,0,0,RUNNING,,,,,,,,,,,,,,
4402,tx,362809,0,0,RUNNING,,,,,,,,,,,,,,
4403,rx,362943,341511106,1,RUNNING,1200,-66,8,,,,,,,,,,,
4404,tx,362943,0,0,RUNNING,,,,,,,,,,,,,,
4405,tx,362963,0,0,RUNNING,,,,,,,,,,,,,,
4406,tx,363024,0,0,RUNNING,,,,,,,,,,,,,,
4407,rx,363198,341711124,1,RUNNING,1201,-66,9,,,,,,,,,,,
4408,tx,363198,0,0,RUNNING,,,,,,,,,,,,,,
4409,tx,363218,0,0,RUNNING,,,,,,,,,,,,,,
4410,rx,363318,341911137,1,RUNNING,1202,-66,9,,,,,,,,,,,
4411,tx,363318,0,0,RUNNING,,,,,,,,,,,,,,
4412,tx,363452,0,0,RUNNING,,,,,,,,,,,,,,
4413,stats,363452,8838,0,RUNNING,,0,0,1310,1198,0,0,0,0,0,1198,0,0,
4414,tx,363513,0,0,RUNNING,,,,,,,,,,,,,,
4415,rx,363533,342111144,1,RUNNING,1203,-66,9,,,,,,,,,,,
4416,tx,363533,0,0,RUNNING,,,,,,,,,,,,,,
4417,tx,363573,0,0,RUNNING,,,,,,,,,,,,,,
4418,tx,363707,0,0,RUNNING,,,,,,,,,,,,,,
4419,rx,363727,342311147,1,RUNNING,1204,-66,8,,,,,,,,,,,
4420,tx,363727,0,0,RUNNING,,,,,,,,,,,,,,
4421,tx,363768,0,0,RUNNING,,,,,,,,,,,,,,
4422,tx,363808,0,0,RUNNING,,,,,,,,,,,,,,
4423,rx,363962,342511113,1,RUNNING,1205,-66,9,,,,,,,,,,,
4424,tx,363962,0,0,RUNNING,,,,,,,,,,,,,,
4425,tx,364023,0,0,RUNNING,,,,,,,,,,,,,,
4426,rx,364217,342711139,1,RUNNING,1206,-66,8,,,,,,,,,,,
4427,tx,364217,0,0,RUNNING,,,,,,,,,,,,,,
4428,rx,364317,342911143,1,RUNNING,1207,-66,9,,,,,,,,,,,
4429,tx,364318,0,0,RUNNING,,,,,,,,,,,,,,
4430,tx,364471,0,0,RUNNING,,,,,,,,,,,,,,
4431,stats,364471,8290,0,RUNNING,,0,0,1316,1203,0,0,0,0,0,1203,0,0,
4432,tx,364512,0,0,RUNNING,,,,,,,,,,,,,,
4433,rx,364532,343111148,1,RUNNING,1208,-66,10,,,,,,,,,,,
4434,tx,364532,0,0,RUNNING,,,,,,,,,,,,,,
4435,tx,364572,0,0,RUNNING,,,,,,,,,,,,,,
4436,rx,364727,343311158,1,RUNNING,1209,-66,9,,,,,,,,,,,
4437,tx,364727,0,0,RUNNING,,,,,,,,,,,,,,
4438,tx,364767,0,0,RUNNING,,,,,,,,,,,,,,
4439,tx,364807,0,0,RUNNING,,,,,,,,,,,,,,
4440,rx,364982,343511145,1,RUNNING,1210,-66,9,,,,,,,,,,,
4441,tx,364982,0,0,RUNNING,,,,,,,,,,,,,,
4442,tx,365022,0,0,RUNNING,,,,,,,,,,,,,,
4443,rx,365237,343711150,1,RUNNING,1211,-66,9,,,,,,,,,,,
4444,tx,365237,0,0,RUNNING,,,,,,,,,,,,,,
4445,rx,365317,343911149,1,RUNNING,1212,-66,9,,,,,,,,,,,
4446,tx,365317,0,0,RUNNING,,,,,,,,,,,,,,
4447,tx,365357,0,0,RUNNING,,,,,,,,,,,,,,
4448,tx,365497,0,0,RUNNING,,,,,,,,,,,,,,
4449,stats,365497,8293,0,RUNNING,,0,0,1321,1208,0,0,0,0,0,1208,0,0,
4450,rx,365517,344111149,1,RUNNING,1213,-66,9,,,,,,,,,,,
4451,tx,365518,0,0,RUNNING,,,,,,,,,,,,,,
4452,tx,365558,0,0,RUNNING,,,,,,,,,,,,,,
4453,tx,365618,0,0,RUNNING,,,,,,,,,,,,,,
4454,rx,365752,344311131,1,RUNNING,1214,-66,10,,,,,,,,,,,
4455,tx,365752,0,0,RUNNING,,,,,,,,,,,,,,
4456,tx,365772,0,0,RUNNING,,,,,,,,,,,,,,
4457,tx,365813,0,0,RUNNING,,,,,,,,,,,,,,
4458,rx,366007,344511150,1,RUNNING,1215,-66,8,,,,,,,,,,,
4459,tx,366007,0,0,RUNNING,,,,,,,,,,,,,,
4460,tx,366108,0,0,RUNNING,,,,,,,,,,,,,,
4461,rx,366128,344711150,1,RUNNING,1216,-66,9,,,,,,,,,,,
4462,tx,366128,0,0,RUNNING,,,,,,,,,,,,,,
4463,tx,366262,0,0,RUNNING,,,,,,,,,,,,,,
4464,rx,366322,344911151,1,RUNNING,1217,-66,8,,,,,,,,,,,
4465,tx,366322,0,0,RUNNING,,,,,,,,,,,,,,
4466,tx,366362,0,0,RUNNING,,,,,,,,,,,,,,
4467,rx,366517,345111108,1,RUNNING,1218,-66,9,,,,,,,,,,,
4468,tx,366517,0,0,RUNNING,,,,,,,,,,,,,,
4469,stats,366517,8809,0,RUNNING,,0,0,1326,1214,0,0,0,0,0,1214,0,0,
4470,tx,366557,0,0,RUNNING,,,,,,,,,,,,,,
4471,tx,366617,0,0,RUNNING,,,,,,,,,,,,,,
4472,rx,366771,345311137,1,RUNNING,1219,-66,8,,,,,,,,,,,
4473,tx,366772,0,0,RUNNING,,,,,,,,,,,,,,
4474,tx,366812,0,0,RUNNING,,,,,,,,,,,,,,
4475,rx,367026,345511151,1,RUNNING,1220,-66,8,,,,,,,,,,,
4476,tx,367027,0,0,RUNNING,,,,,,,,,,,,,,
4477,tx,367107,0,0,RUNNING,,,,,,,,,,,,,,
4478,rx,367127,345711150,1,RUNNING,1221,-66,8,,,,,,,,,,,
4479,tx,367127,0,0,RUNNING,,,,,,,,,,,,,,
4480,tx,367281,0,0,RUNNING,,,,,,,,,,,,,,
4481,rx,367321,345911148,1,RUNNING,1222,-66,9,,,,,,,,,,,
4482,tx,367321,0,0,RUNNING,,,,,,,,,,,,,,
4483,tx,367362,0,0,RUNNING,,,,,,,,,,,,,,
4484,rx,367536,346111109,1,RUNNING,1223,-66,9,,,,,,,,,,,
4485,tx,367536,0,0,RUNNING,,,,,,,,,,,,,,
4486,stats,367536,8810,0,RUNNING,,0,0,1331,1219,0,0,0,0,0,1219,0,0,
4487,tx,367556,0,0,RUNNING,,,,,,,,,,,,,,
4488,tx,367616,0,0,RUNNING,,,,,,,,,,,,,,
4489,rx,367791,346311136,1,RUNNING,1224,-66,9,,,,,,,,,,,
4490,tx,367791,0,0,RUNNING,,,,,,,,,,,,,,
4491,tx,367811,0,0,RUNNING,,,,,,,,,,,,,,
4492,tx,367912,0,0,RUNNING,,,,,,,,,,,,,,
4493,rx,368046,346511151,1,RUNNING,1225,-66,9,,,,,,,,,,,
4494,tx,368046,0,0,RUNNING,,,,,,,,,,,,,,
4495,tx,368106,0,0,RUNNING,,,,,,,,,,,,,,
4496,rx,368126,346711152,1,RUNNING,1226,-66,9,,,,,,,,,,,
4497,tx,368126,0,0,RUNNING,,,,,,,,,,,,,,
4498,tx,368166,0,0,RUNNING,,,,,,,,,,,,,,
4499,tx,368300,0,0,RUNNING,,,,,,,,,,,,,,
4500,rx,368321,346911151,1,RUNNING,1227,-66,9,,,,,,,,,,,
4501,tx,368321,0,0,RUNNING,,,,,,,,,,,,,,
4502,tx,368361,0,0,RUNNING,,,,,,,,,,,,,,
4503,tx,368421,0,0,RUNNING,,,,,,,,,,,,,,
4504,rx,368561,347111126,1,RUNNING,1228,-66,8,,,,,,,,,,,
4505,tx,368561,0,0,RUNNING,,,,,,,,,,,,,,
4506,stats,368561,8827,0,RUNNING,,0,0,1336,1224,0,0,0,0,0,1224,0,0,
4507,tx,368622,0,0,RUNNING,,,,,,,,,,,,,,
4508,rx,368816,347311150,1,RUNNING,1229,-66,8,,,,,,,,,,,
4509,tx,368816,0,0,RUNNING,,,,,,,,,,,,,,
4510,rx,368917,347511149,1,RUNNING,1230,-66,8,,,,,,,,,,,
4511,tx,368917,0,0,RUNNING,,,,,,,,,,,,,,
4512,tx,369070,0,0,RUNNING,,,,,,,,,,,,,,
4513,tx,369111,0,0,RUNNING,,,,,,,,,,,,,,
4514,rx,369131,347711150,1,RUNNING,1231,-66,9,,,,,,,,,,,
4515,tx,369131,0,0,RUNNING,,,,,,,,,,,,,,
4516,tx,369171,0,0,RUNNING,,,,,,,,,,,,,,
4517,rx,369325,347911149,1,RUNNING,1232,-66,9,,,,,,,,,,,
4518,tx,369325,0,0,RUNNING,,,,,,,,,,,,,,
4519,tx,369365,0,0,RUNNING,,,,,,,,,,,,,,
4520,tx,369406,0,0,RUNNING,,,,,,,,,,,,,,
4521,rx,369580,348111116,1,RUNNING,1233,-66,10,,,,,,,,,,,
4522,tx,369580,0,0,RUNNING,,,,,,,,,,,,,,
4523,stats,369580,8817,0,RUNNING,,0,0,1341,1229,0,0,0,0,0,1229,0,0,
4524,tx,369620,0,0,RUNNING,,,,,,,,,,,,,,
4525,rx,369835,348311140,1,RUNNING,1234,-66,9,,,,,,,,,,,
4526,tx,369835,0,0,RUNNING,,,,,,,,,,,,,,
4527,rx,369915,348511143,1,RUNNING,1235,-66,9,,,,,,,,,,,
4528,tx,369915,0,0,RUNNING,,,,,,,,,,,,,,
4529,tx,369955,0,0,RUNNING,,,,,,,,,,,,,,
4530,tx,370089,0,0,RUNNING,,,,,,,,,,,,,,
4531,tx,370109,0,0,RUNNING,,,,,,,,,,,,,,
4532,rx,370130,348711164,1,RUNNING,1236,-66,9,,,,,,,,,,,
4533,tx,370130,0,0,RUNNING,,,,,,,,,,,,,,
4534,tx,370170,0,0,RUNNING,,,,,,,,,,,,,,
4535,tx,370210,0,0,RUNNING,,,,,,,,,,,,,,
4536,rx,370351,348911128,1,RUNNING,1237,-66,9,,,,,,,,,,,
4537,tx,370351,0,0,RUNNING,,,,,,,,,,,,,,
4538,tx,370371,0,0,RUNNING,,,,,,,,,,,,,,
4539,tx,370411,0,0,RUNNING,,,,,,,,,,,,,,
4540,rx,370605,349111147,1,RUNNING,1238,-65,8,,,,,,,,,,,
4541,tx,370605,0,0,RUNNING,,,,,,,,,,,,,,
4542,stats,370605,8848,0,RUNNING,,0,0,1346,1234,0,0,0,0,0,1234,0,0,
4543,tx,370706,0,0,RUNNING,,,,,,,,,,,,,,
4544,rx,370726,349311149,1,RUNNING,1239,-66,8,,,,,,,,,,,
4545,tx,370726,0,0,RUNNING,,,,,,,,,,,,,,
4546,tx,370860,0,0,RUNNING,,,,,,,,,,,,,,
4547,rx,370920,349511148,1,RUNNING,1240,-65,8,,,,,,,,,,,
4548,tx,370920,0,0,RUNNING,,,,,,,,,,,,,,
4549,tx,370961,0,0,RUNNING,,,,,,,,,,,,,,
4550,tx,371115,0,0,RUNNING,,,,,,,,,,,,,,
4551,rx,371135,349711148,1,RUNNING,1241,-65,8,,,,,,,,,,,
4552,tx,371135,0,0,RUNNING,,,,,,,,,,,,,,
4553,tx,371175,0,0,RUNNING,,,,,,,,,,,,,,
4554,tx,371215,0,0,RUNNING,,,,,,,,,,,,,,
4555,rx,371370,349911119,1,RUNNING,1242,-66,8,,,,,,,,,,,
4556,tx,371370,0,0,RUNNING,,,,,,,,,,,,,,
4557,tx,371410,0,0,RUNNING,,,,,,,,,,,,,,
4558,rx,371625,350111123,1,RUNNING,1243,-66,9,,,,,,,,,,,
4559,tx,371625,0,0,RUNNING,,,,,,,,,,,,,,
4560,stats,371625,8824,0,RUNNING,,0,0,1351,1239,0,0,0,0,0,1239,0,0,
4561,rx,371725,350311142,1,RUNNING,1244,-66,8,,,,,,,,,,,
4562,tx,371725,0,0,RUNNING,,,,,,,,,,,,,,
4563,tx,371879,0,0,RUNNING,,,,,,,,,,,,,,
4564,rx,371920,350511144,1,RUNNING,1245,-66,8,,,,,,,,,,,
4565,tx,371920,0,0,RUNNING,,,,,,,,,,,,,,
4566,tx,371960,0,0,RUNNING,,,,,,,,,,,,,,
4567,rx,372134,350711146,1,RUNNING,1246,-66,8,,,,,,,,,,,
4568,tx,372134,0,0,RUNNING,,,,,,,,,,,,,,
4569,tx,372174,0,0,RUNNING,,,,,,,,,,,,,,
4570,tx,372214,0,0,RUNNING,,,,,,,,,,,,,,
4571,rx,372389,350911101,1,RUNNING,1247,-66,9,,,,,,,,,,,
4572,tx,372389,0,0,RUNNING,,,,,,,,,,,,,,
4573,tx,372409,0,0,RUNNING,,,,,,,,,,,,,,
4574,tx,372510,0,0,RUNNING,,,,,,,,,,,,,,
4575,rx,372644,351111125,1,RUNNING,1248,-66,9,,,,,,,,,,,
4576,tx,372644,0,0,RUNNING,,,,,,,,,,,,,,
4577,stats,372644,8826,0,RUNNING,,0,0,1356,1244,0,0,0,0,0,1244,0,0,
4578,rx,372724,351311136,1,RUNNING,1249,-66,8,,,,,,,,,,,
4579,tx,372724,0,0,RUNNING,,,,,,,,,,,,,,
4580,tx,372764,0,0,RUNNING,,,,,,,,,,,,,,
4581,tx,372898,0,0,RUNNING,,,,,,,,,,,,,,
4582,rx,372919,351511137,1,RUNNING,1250,-66,9,,,,,,,,,,,
4583,tx,372919,0,0,RUNNING,,,,,,,,,,,,,,
4584,tx,372959,0,0,RUNNING,,,,,,,,,,,,,,
4585,tx,373019,0,0,RUNNING,,,,,,,,,,,,,,
4586,rx,373153,351711117,1,RUNNING,1251,-66,8,,,,,,,,,,,
4587,tx,373153,0,0,RUNNING,,,,,,,,,,,,,,
4588,tx,373174,0,0,RUNNING,,,,,,,,,,,,,,
4589,tx,373214,0,0,RUNNING,,,,,,,,,,,,,,
4590,rx,373408,351911136,1,RUNNING,1252,-66,8,,,,,,,,,,,
4591,tx,373408,0,0,RUNNING,,,,,,,,,,,,,,
4592,tx,373509,0,0,RUNNING,,,,,,,,,,,,,,
4593,rx,373529,352111143,1,RUNNING,1253,-66,9,,,,,,,,,,,
4594,tx,373529,0,0,RUNNING,,,,,,,,,,,,,,
4595,tx,373663,0,0,RUNNING,,,,,,,,,,,,,,
4596,stats,373663,8844,0,RUNNING,,0,0,1361,1249,0,0,0,0,0,1249,0,0,
4597,rx,373723,352311144,1,RUNNING,1254,-65,9,,,,,,,,,,,
4598,tx,373724,0,0,RUNNING,,,,,,,,,,,,,,
4599,tx,373764,0,0,RUNNING,,,,,,,,,,,,,,
4600,rx,373918,352511146,1,RUNNING,1255,-66,9,,,,,,,,,,,
4601,tx,373918,0,0,RUNNING,,,,,,,,,,,,,,
4602,tx,373958,0,0,RUNNING,,,,,,,,,,,,,,
4603,tx,374019,0,0,RUNNING,,,,,,,,,,,,,,
4604,rx,374173,352711119,1,RUNNING,1256,-66,9,,,,,,,,,,,
4605,tx,374173,0,0,RUNNING,,,,,,,,,,,,,,
4606,tx,374213,0,0,RUNNING,,,,,,,,,,,,,,
4607,rx,374428,352911136,1,RUNNING,1257,-66,8,,,,,,,,,,,
4608,tx,374428,0,0,RUNNING,,,,,,,,,,,,,,
4609,tx,374508,0,0,RUNNING,,,,,,,,,,,,,,
4610,rx,374528,353111142,1,RUNNING,1258,-66,8,,,,,,,,,,,
4611,tx,374528,0,0,RUNNING,,,,,,,,,,,,,,
4612,tx,374682,0,0,RUNNING,,,,,,,,,,,,,,
4613,stats,374682,8293,0,RUNNING,,0,0,1367,1254,0,0,0,0,0,1254,0,0,
4614,rx,374723,353311145,1,RUNNING,1259,-66,8,,,,,,,,,,,
4615,tx,374723,0,0,RUNNING,,,,,,,,,,,,,,
4616,tx,374763,0,0,RUNNING,,,,,,,,,,,,,,
4617,rx,374937,353511146,1,RUNNING,1260,-66,8,,,,,,,,,,,
4618,tx,374937,0,0,RUNNING,,,,,,,,,,,,,,
4619,tx,374958,0,0,RUNNING,,,,,,,,,,,,,,
4620,tx,375018,0,0,RUNNING,,,,,,,,,,,,,,
4621,rx,375192,353711141,1,RUNNING,1261,-66,8,,,,,,,,,,,
4622,tx,375192,0,0,RUNNING,,,,,,,,,,,,,,
4623,tx,375213,0,0,RUNNING,,,,,,,,,,,,,,
4624,tx,375313,0,0,RUNNING,,,,,,,,,,,,,,
4625,rx,375447,353911133,1,RUNNING,1262,-66,9,,,,,,,,,,,
4626,tx,375447,0,0,RUNNING,,,,,,,,,,,,,,
4627,tx,375508,0,0,RUNNING,,,,,,,,,,,,,,
4628,rx,375528,354111148,1,RUNNING,1263,-66,9,,,,,,,,,,,
4629,tx,375528,0,0,RUNNING,,,,,,,,,,,,,,
4630,tx,375568,0,0,RUNNING,,,,,,,,,,,,,,
4631,tx,375702,0,0,RUNNING,,,,,,,,,,,,,,
4632,stats,375702,8279,0,RUNNING,,0,0,1372,1259,0,0,0,0,0,1259,0,0,
4633,rx,375722,354311144,1,RUNNING,1264,-66,9,,,,,,,,,,,
4634,tx,375722,0,0,RUNNING,,,,,,,,,,,,,,
4635,tx,375762,0,0,RUNNING,,,,,,,,,,,,,,
4636,tx,375823,0,0,RUNNING,,,,,,,,,,,,,,
4637,rx,375956,354511143,1,RUNNING,1265,-66,9,,,,,,,,,,,
4638,tx,375956,0,0,RUNNING,,,,,,,,,,,,,,
4639,tx,376017,0,0,RUNNING,,,,,,,,,,,,,,
4640,rx,376211,354711147,1,RUNNING,1266,-66,9,,,,,,,,,,,
4641,tx,376211,0,0,RUNNING,,,,,,,,,,,,,,
4642,tx,376311,0,0,RUNNING,,,,,,,,,,,,,,
4643,rx,376332,354911148,1,RUNNING,1267,-66,9,,,,,,,,,,,
4644,tx,376332,0,0,RUNNING,,,,,,,,,,,,,,
4645,tx,376466,0,0,RUNNING,,,,,,,,,,,,,,
4646,tx,376506,0,0,RUNNING,,,,,,,,,,,,,,
4647,rx,376526,355111147,1,RUNNING,1268,-66,9,,,,,,,,,,,
4648,tx,376526,0,0,RUNNING,,,,,,,,,,,,,,
4649,tx,376566,0,0,RUNNING,,,,,,,,,,,,,,
4650,rx,376720,355311106,1,RUNNING,1269,-66,9,,,,,,,,,,,
4651,tx,376720,0,0,RUNNING,,,,,,,,,,,,,,
4652,stats,376720,8807,0,RUNNING,,0,0,1377,1265,0,0,0,0,0,1265,0,0,
4653,tx,376761,0,0,RUNNING,,,,,,,,,,,,,,
4654,tx,376821,0,0,RUNNING,,,,,,,,,,,,,,
4655,rx,376975,355511141,1,RUNNING,1270,-66,9,,,,,,,,,,,
4656,tx,376975,0,0,RUNNING,,,,,,,,,,,,,,
4657,tx,377015,0,0,RUNNING,,,,,,,,,,,,,,
4658,rx,377230,355711146,1,RUNNING,1271,-66,8,,,,,,,,,,,
4659,tx,377230,0,0,RUNNING,,,,,,,,,,,,,,
4660,tx,377310,0,0,RUNNING,,,,,,,,,,,,,,
4661,rx,377330,355911162,1,RUNNING,1272,-66,8,,,,,,,,,,,
4662,tx,377330,0,0,RUNNING,,,,,,,,,,,,,,
4663,tx,377484,0,0,RUNNING,,,,,,,,,,,,,,
4664,rx,377525,356111116,1,RUNNING,1273,-66,9,,,,,,,,,,,
4665,tx,377525,0,0,RUNNING,,,,,,,,,,,,,,
4666,tx,377565,0,0,RUNNING,,,,,,,,,,,,,,
4667,tx,377605,0,0,RUNNING,,,,,,,,,,,,,,
4668,rx,377739,356311157,1,RUNNING,1274,-66,9,,,,,,,,,,,
4669,tx,377739,0,0,RUNNING,,,,,,,,,,,,,,
4670,stats,377739,8858,0,RUNNING,,0,0,1382,1270,0,0,0,0,0,1270,0,0,
4671,tx,377759,0,0,RUNNING,,,,,,,,,,,,,,
4672,tx,377820,0,0,RUNNING,,,,,,,,,,,,,,
4673,rx,377994,356511147,1,RUNNING,1275,-66,9,,,,,,,,,,,
4674,tx,377994,0,0,RUNNING,,,,,,,,,,,,,,
4675,tx,378014,0,0,RUNNING,,,,,,,,,,,,,,
4676,tx,378115,0,0,RUNNING,,,,,,,,,,,,,,
4677,rx,378249,356711149,1,RUNNING,1276,-66,8,,,,,,,,,,,
4678,tx,378249,0,0,RUNNING,,,,,,,,,,,,,,
4679,tx,378309,0,0,RUNNING,,,,,,,,,,,,,,
4680,rx,378329,356911147,1,RUNNING,1277,-66,8,,,,,,,,,,,
4681,tx,378329,0,0,RUNNING,,,,,,,,,,,,,,
4682,tx,378370,0,0,RUNNING,,,,,,,,,,,,,,
4683,tx,378504,0,0,RUNNING,,,,,,,,,,,,,,
4684,rx,378524,357111101,1,RUNNING,1278,-66,9,,,,,,,,,,,
4685,tx,378524,0,0,RUNNING,,,,,,,,,,,,,,
4686,tx,378564,0,0,RUNNING,,,,,,,,,,,,,,
4687,tx,378625,0,0,RUNNING,,,,,,,,,,,,,,
4688,rx,378765,357311124,1,RUNNING,1279,-66,8,,,,,,,,,,,
4689,tx,378765,0,0,RUNNING,,,,,,,,,,,,,,
4690,stats,378765,8825,0,RUNNING,,0,0,1387,1275,0,0,0,0,0,1275,0,0,
4691,tx,378805,0,0,RUNNING,,,,,,,,,,,,,,
4692,rx,379020,357511137,1,RUNNING,1280,-66,9,,,,,,,,,,,
4693,tx,379020,0,0,RUNNING,,,,,,,,,,,,,,
4694,rx,379120,357711141,1,RUNNING,1281,-66,8,,,,,,,,,,,
4695,tx,379120,0,0,RUNNING,,,,,,,,,,,,,,
4696,tx,379275,0,0,RUNNING,,,,,,,,,,,,,,
4697,tx,379315,0,0,RUNNING,,,,,,,,,,,,,,
4698,rx,379335,357911144,1,RUNNING,1282,-66,8,,,,,,,,,,,
4699,tx,379335,0,0,RUNNING,,,,,,,,,,,,,,
4700,tx,379355,0,0,RUNNING,,,,,,,,,,,,,,
4701,rx,379530,358111139,1,RUNNING,1283,-66,9,,,,,,,,,,,
4702,tx,379530,0,0,RUNNING,,,,,,,,,,,,,,
4703,tx,379570,0,0,RUNNING,,,,,,,,,,,,,,
4704,tx,379610,0,0,RUNNING,,,,,,,,,,,,,,
4705,rx,379785,358311121,1,RUNNING,1284,-66,8,,,,,,,,,,,
4706,tx,379785,0,0,RUNNING,,,,,,,,,,,,,,
4707,stats,379785,8822,0,RUNNING,,0,0,1392,1280,0,0,0,0,0,1280,0,0,
4708,tx,379825,0,0,RUNNING,,,,,,,,,,,,,,
4709,tx,379905,0,0,RUNNING,,,,,,,,,,,,,,
4710,rx,380039,358511136,1,RUNNING,1285,-66,9,,,,,,,,,,,
4711,tx,380039,0,0,RUNNING,,,,,,,,,,,,,,
4712,rx,380120,358711141,1,RUNNING,1286,-66,8,,,,,,,,,,,
4713,tx,380120,0,0,RUNNING,,,,,,,,,,,,,,
4714,tx,380160,0,0,RUNNING,,,,,,,,,,,,,,
4715,tx,380294,0,0,RUNNING,,,,,,,,,,,,,,
4716,tx,380314,0,0,RUNNING,,,,,,,,,,,,,,
4717,rx,380334,358911145,1,RUNNING,1287,-65,8,,,,,,,,,,,
4718,tx,380334,0,0,RUNNING,,,,,,,,,,,,,,
4719,tx,380375,0,0,RUNNING,,,,,,,,,,,,,,
4720,tx,380415,0,0,RUNNING,,,,,,,,,,,,,,
4721,rx,380549,359111138,1,RUNNING,1288,-66,8,,,,,,,,,,,
4722,tx,380549,0,0,RUNNING,,,,,,,,,,,,,,
4723,tx,380569,0,0,RUNNING,,,,,,,,,,,,,,
4724,tx,380609,0,0,RUNNING,,,,,,,,,,,,,,
4725,rx,380804,359311144,1,RUNNING,1289,-66,9,,,,,,,,,,,
4726,tx,380804,0,0,RUNNING,,,,,,,,,,,,,,
4727,stats,380804,8845,0,RUNNING,,0,0,1397,1285,0,0,0,0,0,1285,0,0,
4728,tx,380824,0,0,RUNNING,,,,,,,,,,,,,,
4729,rx,380924,359511145,1,RUNNING,1290,-66,8,,,,,,,,,,,
4730,tx,380924,0,0,RUNNING,,,,,,,,,,,,,,
4731,tx,381059,0,0,RUNNING,,,,,,,,,,,,,,
4732,rx,381119,359711146,1,RUNNING,1291,-66,9,,,,,,,,,,,
4733,tx,381119,0,0,RUNNING,,,,,,,,,,,,,,
4734,tx,381159,0,0,RUNNING,,,,,,,,,,,,,,
4735,tx,381313,0,0,RUNNING,,,,,,,,,,,,,,
4736,rx,381333,359911142,1,RUNNING,1292,-66,9,,,,,,,,,,,
4737,tx,381333,0,0,RUNNING,,,,,,,,,,,,,,
4738,tx,381374,0,0,RUNNING,,,,,,,,,,,,,,
4739,tx,381414,0,0,RUNNING,,,,,,,,,,,,,,
4740,rx,381568,360111126,1,RUNNING,1293,-66,9,,,,,,,,,,,
4741,tx,381568,0,0,RUNNING,,,,,,,,,,,,,,
4742,tx,381608,0,0,RUNNING,,,,,,,,,,,,,,
4743,rx,381823,360311138,1,RUNNING,1294,-66,9,,,,,,,,,,,
4744,tx,381823,0,0,RUNNING,,,,,,,,,,,,,,
4745,stats,381823,8839,0,RUNNING,,0,0,1402,1290,0,0,0,0,0,1290,0,0,
4746,rx,381923,360511141,1,RUNNING,1295,-66,9,,,,,,,,,,,
4747,tx,381923,0,0,RUNNING,,,,,,,,,,,,,,
4748,tx,382078,0,0,RUNNING,,,,,,,,,,,,,,
4749,rx,382118,360711146,1,RUNNING,1296,-66,9,,,,,,,,,,,
4750,tx,382118,0,0,RUNNING,,,,,,,,,,,,,,
4751,tx,382158,0,0,RUNNING,,,,,,,,,,,,,,
4752,rx,382332,360911145,1,RUNNING,1297,-66,9,,,,,,,,,,,
4753,tx,382332,0,0,RUNNING,,,,,,,,,,,,,,
4754,tx,382373,0,0,RUNNING,,,,,,,,,,,,,,
4755,tx,382413,0,0,RUNNING,,,,,,,,,,,,,,
4756,rx,382587,361111132,1,RUNNING,1298,-66,8,,,,,,,,,,,
4757,tx,382587,0,0,RUNNING,,,,,,,,,,,,,,
4758,tx,382608,0,0,RUNNING,,,,,,,,,,,,,,
4759,tx,382708,0,0,RUNNING,,,,,,,,,,,,,,
4760,rx,382848,361311147,1,RUNNING,1299,-66,9,,,,,,,,,,,
4761,tx,382848,0,0,RUNNING,,,,,,,,,,,,,,
4762,stats,382848,8848,0,RUNNING,,0,0,1407,1295,0,0,0,0,0,1295,0,0,
4763,tx,382908,0,0,RUNNING,,,,,,,,,,,,,,
4764,rx,382928,361511146,1,RUNNING,1300,-66,9,,,,,,,,,,,
4765,tx,382928,0,0,RUNNING,,,,,,,,,,,,,,
4766,tx,382969,0,0,RUNNING,,,,,,,,,,,,,,
4767,tx,383102,0,0,RUNNING,,,,,,,,,,,,,,
4768,rx,383123,361711120,1,RUNNING,1301,-66,8,,,,,,,,,,,
4769,tx,383123,0,0,RUNNING,,,,,,,,,,,,,,
4770,tx,383163,0,0,RUNNING,,,,,,,,,,,,,,
4771,tx,383223,0,0,RUNNING,,,,,,,,,,,,,,
4772,rx,383358,361911134,1,RUNNING,1302,-66,9,,,,,,,,,,,
4773,tx,383358,0,0,RUNNING,,,,,,,,,,,,,,
4774,tx,383418,0,0,RUNNING,,,,,,,,,,,,,,
4775,rx,383612,362111150,1,RUNNING,1303,-66,8,,,,,,,,,,,
4776,tx,383612,0,0,RUNNING,,,,,,,,,,,,,,
4777,tx,383713,0,0,RUNNING,,,,,,,,,,,,,,
4778,rx,383733,362311150,1,RUNNING,1304,-66,8,,,,,,,,,,,
4779,tx,383733,0,0,RUNNING,,,,,,,,,,,,,,
4780,tx,383867,0,0,RUNNING,,,,,,,,,,,,,,
4781,stats,383867,8291,0,RUNNING,,0,0,1413,1300,0,0,0,0,0,1300,0,0,
4782,tx,383907,0,0,RUNNING,,,,,,,,,,,,,,
4783,rx,383927,362511149,1,RUNNING,1305,-66,8,,,,,,,,,,,
4784,tx,383927,0,0,RUNNING,,,,,,,,,,,,,,
4785,tx,383967,0,0,RUNNING,,,,,,,,,,,,,,
4786,rx,384121,362711141,1,RUNNING,1306,-66,8,,,,,,,,,,,
4787,tx,384121,0,0,RUNNING,,,,,,,,,,,,,,
4788,tx,384162,0,0,RUNNING,,,,,,,,,,,,,,
4789,tx,384222,0,0,RUNNING,,,,,,,,,,,,,,
4790,rx,384376,362911147,1,RUNNING,1307,-65,8,,,,,,,,,,,
4791,tx,384376,0,0,RUNNING,,,,,,,,,,,,,,
4792,tx,384416,0,0,RUNNING,,,,,,,,,,,,,,
4793,rx,384631,363111147,1,RUNNING,1308,-66,9,,,,,,,,,,,
4794,tx,384631,0,0,RUNNING,,,,,,,,,,,,,,
4795,tx,384711,0,0,RUNNING,,,,,,,,,,,,,,
4796,rx,384731,363311148,1,RUNNING,1309,-65,9,,,,,,,,,,,
4797,tx,384731,0,0,RUNNING,,,,,,,,,,,,,,
4798,tx,384885,0,0,RUNNING,,,,,,,,,,,,,,
4799,stats,384885,8321,0,RUNNING,,0,0,1418,1305,0,0,0,0,0,1305,0,0,
4800,tx,384905,0,0,RUNNING,,,,,,,,,,,,,,
4801,rx,384926,363511150,1,RUNNING,1310,-66,9,,,,,,,,,,,
4802,tx,384926,0,0,RUNNING,,,,,,,,,,,,,,
4803,tx,384966,0,0,RUNNING,,,,,,,,,,,,,,
4804,tx,385006,0,0,RUNNING,,,,,,,,,,,,,,
4805,rx,385140,363711144,1,RUNNING,1311,-66,8,,,,,,,,,,,
4806,tx,385140,0,0,RUNNING,,,,,,,,,,,,,,
4807,tx,385160,0,0,RUNNING,,,,,,,,,,,,,,
4808,tx,385221,0,0,RUNNING,,,,,,,,,,,,,,
4809,rx,385395,363911148,1,RUNNING,1312,-65,9,,,,,,,,,,,
4810,tx,385395,0,0,RUNNING,,,,,,,,,,,,,,
4811,tx,385415,0,0,RUNNING,,,,,,,,,,,,,,
4812,rx,385516,364111135,1,RUNNING,1313,-66,9,,,,,,,,,,,
4813,tx,385516,0,0,RUNNING,,,,,,,,,,,,,,
4814,tx,385650,0,0,RUNNING,,,,,,,,,,,,,,
4815,tx,385710,0,0,RUNNING,,,,,,,,,,,,,,
4816,rx,385730,364311147,1,RUNNING,1314,-66,9,,,,,,,,,,,
4817,tx,385730,0,0,RUNNING,,,,,,,,,,,,,,
4818,tx,385770,0,0,RUNNING,,,,,,,,,,,,,,
4819,tx,385905,0,0,RUNNING,,,,,,,,,,,,,,
4820,stats,385905,8248,0,RUNNING,,0,0,1423,1310,0,0,0,0,0,1310,0,0,
4821,rx,385925,364511109,1,RUNNING,1315,-66,9,,,,,,,,,,,
4822,tx,385925,0,0,RUNNING,,,,,,,,,,,,,,
4823,tx,385965,0,0,RUNNING,,,,,,,,,,,,,,
4824,tx,386005,0,0,RUNNING,,,,,,,,,,,,,,
4825,rx,386160,364711130,1,RUNNING,1316,-66,8,,,,,,,,,,,
4826,tx,386160,0,0,RUNNING,,,,,,,,,,,,,,
4827,tx,386220,0,0,RUNNING,,,,,,,,,,,,,,
4828,rx,386414,364911138,1,RUNNING,1317,-66,8,,,,,,,,,,,
4829,tx,386414,0,0,RUNNING,,,,,,,,,,,,,,
4830,tx,386515,0,0,RUNNING,,,,,,,,,,,,,,
4831,rx,386535,365111142,1,RUNNING,1318,-66,9,,,,,,,,,,,
4832,tx,386535,0,0,RUNNING,,,,,,,,,,,,,,
4833,tx,386675,0,0,RUNNING,,,,,,,,,,,,,,
4834,rx,386716,365311139,1,RUNNING,1319,-66,9,,,,,,,,,,,
4835,tx,386716,0,0,RUNNING,,,,,,,,,,,,,,
4836,tx,386756,0,0,RUNNING,,,,,,,,,,,,,,
4837,rx,386930,365511151,1,RUNNING,1320,-66,8,,,,,,,,,,,
4838,tx,386930,0,0,RUNNING,,,,,,,,,,,,,,
4839,stats,386930,8852,0,RUNNING,,0,0,1428,1316,0,0,0,0,0,1316,0,0,
4840,tx,386970,0,0,RUNNING,,,,,,,,,,,,,,
4841,tx,387010,0,0,RUNNING,,,,,,,,,,,,,,
4842,rx,387185,365711149,1,RUNNING,1321,-66,8,,,,,,,,,,,
4843,tx,387185,0,0,RUNNING,,,,,,,,,,,,,,
4844,tx,387225,0,0,RUNNING,,,,,,,,,,,,,,
4845,tx,387306,0,0,RUNNING,,,,,,,,,,,,,,
4846,rx,387440,365911149,1,RUNNING,1322,-65,9,,,,,,,,,,,
4847,tx,387440,0,0,RUNNING,,,,,,,,,,,,,,
4848,rx,387520,366111147,1,RUNNING,1323,-66,9,,,,,,,,,,,
4849,tx,387520,0,0,RUNNING,,,,,,,,,,,,,,
4850,tx,387560,0,0,RUNNING,,,,,,,,,,,,,,
4851,tx,387694,0,0,RUNNING,,,,,,,,,,,,,,
4852,tx,387714,0,0,RUNNING,,,,,,,,,,,,,,
4853,rx,387734,366311143,1,RUNNING,1324,-66,9,,,,,,,,,,,
4854,tx,387734,0,0,RUNNING,,,,,,,,,,,,,,
4855,tx,387775,0,0,RUNNING,,,,,,,,,,,,,,
4856,tx,387815,0,0,RUNNING,,,,,,,,,,,,,,
4857,rx,387949,366511147,1,RUNNING,1325,-66,9,,,,,,,,,,,
4858,tx,387949,0,0,RUNNING,,,,,,,,,,,,,,
4859,stats,387949,8848,0,RUNNING,,0,0,1433,1321,0,0,0,0,0,1321,0,0,
4860,tx,387969,0,0,RUNNING,,,,,,,,,,,,,,
4861,tx,388009,0,0,RUNNING,,,,,,,,,,,,,,
4862,rx,388204,366711148,1,RUNNING,1326,-66,8,,,,,,,,,,,
4863,tx,388204,0,0,RUNNING,,,,,,,,,,,,,,
4864,tx,388224,0,0,RUNNING,,,,,,,,,,,,,,
4865,rx,388325,366911147,1,RUNNING,1327,-66,8,,,,,,,,,,,
4866,tx,388325,0,0,RUNNING,,,,,,,,,,,,,,
4867,tx,388459,0,0,RUNNING,,,,,,,,,,,,,,
4868,rx,388519,367111148,1,RUNNING,1328,-66,9,,,,,,,,,,,
4869,tx,388519,0,0,RUNNING,,,,,,,,,,,,,,
4870,tx,388559,0,0,RUNNING,,,,,,,,,,,,,,
4871,tx,388714,0,0,RUNNING,,,,,,,,,,,,,,
4872,rx,388734,367311135,1,RUNNING,1329,-66,8,,,,,,,,,,,
4873,tx,388734,0,0,RUNNING,,,,,,,,,,,,,,
4874,tx,388774,0,0,RUNNING,,,,,,,,,,,,,,
4875,tx,388814,0,0,RUNNING,,,,,,,,,,,,,,
4876,rx,388968,367511127,1,RUNNING,1330,-66,9,,,,,,,,,,,
4877,tx,388969,0,0,RUNNING,,,,,,,,,,,,,,
4878,stats,388969,8828,0,RUNNING,,0,0,1438,1326,0,0,0,0,0,1326,0,0,
4879,tx,389009,0,0,RUNNING,,,,,,,,,,,,,,
4880,rx,389223,367711138,1,RUNNING,1331,-66,9,,,,,,,,,,,
4881,tx,389223,0,0,RUNNING,,,,,,,,,,,,,,
4882,rx,389324,367911143,1,RUNNING,1332,-66,9,,,,,,,,,,,
4883,tx,389324,0,0,RUNNING,,,,,,,,,,,,,,
4884,tx,389478,0,0,RUNNING,,,,,,,,,,,,,,
4885,rx,389518,368111104,1,RUNNING,1333,-66,8,,,,,,,,,,,
4886,tx,389518,0,0,RUNNING,,,,,,,,,,,,,,
4887,tx,389559,0,0,RUNNING,,,,,,,,,,,,,,
4888,rx,389733,368311137,1,RUNNING,1334,-66,9,,,,,,,,,,,
4889,tx,389733,0,0,RUNNING,,,,,,,,,,,,,,
4890,tx,389773,0,0,RUNNING,,,,,,,,,,,,,,
4891,tx,389813,0,0,RUNNING,,,,,,,,,,,,,,
4892,rx,389988,368511130,1,RUNNING,1335,-66,8,,,,,,,,,,,
4893,tx,389988,0,0,RUNNING,,,,,,,,,,,,,,
4894,stats,389988,8831,0,RUNNING,,0,0,1443,1331,0,0,0,0,0,1331,0,0,
4895,tx,390008,0,0,RUNNING,,,,,,,,,,,,,,
4896,tx,390109,0,0,RUNNING,,,,,,,,,,,,,,
4897,rx,390243,368711157,1,RUNNING,1336,-66,9,,,,,,,,,,,
4898,tx,390243,0,0,RUNNING,,,,,,,,,,,,,,
4899,rx,390323,368911145,1,RUNNING,1337,-66,8,,,,,,,,,,,
4900,tx,390323,0,0,RUNNING,,,,,,,,,,,,,,
4901,tx,390364,0,0,RUNNING,,,,,,,,,,,,,,
4902,tx,390497,0,0,RUNNING,,,,,,,,,,,,,,
4903,rx,390518,369111135,1,RUNNING,1338,-66,8,,,,,,,,,,,
4904,tx,390518,0,0,RUNNING,,,,,,,,,,,,,,
4905,tx,390558,0,0,RUNNING,,,,,,,,,,,,,,
4906,tx,390618,0,0,RUNNING,,,,,,,,,,,,,,
4907,rx,390752,369311132,1,RUNNING,1339,-65,9,,,,,,,,,,,
4908,tx,390752,0,0,RUNNING,,,,,,,,,,,,,,
4909,tx,390772,0,0,RUNNING,,,,,,,,,,,,,,
4910,tx,390813,0,0,RUNNING,,,,,,,,,,,,,,
4911,rx,391007,369511148,1,RUNNING,1340,-66,9,,,,,,,,,,,
4912,tx,391007,0,0,RUNNING,,,,,,,,,,,,,,
4913,stats,391007,8849,0,RUNNING,,0,0,1448,1336,0,0,0,0,0,1336,0,0,
4914,tx,391107,0,0,RUNNING,,,,,,,,,,,,,,
4915,rx,391127,369711148,1,RUNNING,1341,-66,8,,,,,,,,,,,
4916,tx,391128,0,0,RUNNING,,,,,,,,,,,,,,
4917,tx,391261,0,0,RUNNING,,,,,,,,,,,,,,
4918,rx,391322,369911142,1,RUNNING,1342,-66,9,,,,,,,,,,,
4919,tx,391322,0,0,RUNNING,,,,,,,,,,,,,,
4920,tx,391362,0,0,RUNNING,,,,,,,,,,,,,,
4921,rx,391516,370111146,1,RUNNING,1343,-66,8,,,,,,,,,,,
4922,tx,391516,0,0,RUNNING,,,,,,,,,,,,,,
4923,tx,391557,0,0,RUNNING,,,,,,,,,,,,,,
4924,tx,391617,0,0,RUNNING,,,,,,,,,,,,,,
4925,rx,391771,370311133,1,RUNNING,1344,-66,9,,,,,,,,,,,
4926,tx,391771,0,0,RUNNING,,,,,,,,,,,,,,
4927,tx,391811,0,0,RUNNING,,,,,,,,,,,,,,
4928,rx,392026,370511146,1,RUNNING,1345,-66,8,,,,,,,,,,,
4929,tx,392026,0,0,RUNNING,,,,,,,,,,,,,,
4930,stats,392026,8847,0,RUNNING,,0,0,1453,1341,0,0,0,0,0,1341,0,0,
4931,tx,392106,0,0,RUNNING,,,,,,,,,,,,,,
4932,rx,392126,370711147,1,RUNNING,1346,-66,8,,,,,,,,,,,
4933,tx,392126,0,0,RUNNING,,,,,,,,,,,,,,
4934,tx,392280,0,0,RUNNING,,,,,,,,,,,,,,
4935,rx,392320,370911108,1,RUNNING,1347,-66,9,,,,,,,,,,,
4936,tx,392321,0,0,RUNNING,,,,,,,,,,,,,,
4937,tx,392361,0,0,RUNNING,,,,,,,,,,,,,,
4938,rx,392535,371111136,1,RUNNING,1348,-66,8,,,,,,,,,,,
4939,tx,392535,0,0,RUNNING,,,,,,,,,,,,,,
4940,tx,392575,0,0,RUNNING,,,,,,,,,,,,,,
4941,tx,392616,0,0,RUNNING,,,,,,,,,,,,,,
4942,rx,392790,371311150,1,RUNNING,1349,-65,9,,,,,,,,,,,
4943,tx,392790,0,0,RUNNING,,,,,,,,,,,,,,
4944,tx,392810,0,0,RUNNING,,,,,,,,,,,,,,
4945,tx,392910,0,0,RUNNING,,,,,,,,,,,,,,
4946,rx,393044,371511151,1,RUNNING,1350,-66,9,,,,,,,,,,,
4947,tx,393044,0,0,RUNNING,,,,,,,,,,,,,,
4948,stats,393044,8852,0,RUNNING,,0,0,1458,1346,0,0,0,0,0,1346,0,0,
4949,rx,393125,371711149,1,RUNNING,1351,-66,9,,,,,,,,,,,
4950,tx,393125,0,0,RUNNING,,,,,,,,,,,,,,
4951,tx,393165,0,0,RUNNING,,,,,,,,,,,,,,
4952,tx,393305,0,0,RUNNING,,,,,,,,,,,,,,
4953,rx,393325,371911149,1,RUNNING,1352,-66,9,,,,,,,,,,,
4954,tx,393326,0,0,RUNNING,,,,,,,,,,,,,,
4955,tx,393366,0,0,RUNNING,,,,,,,,,,,,,,
4956,tx,393406,0,0,RUNNING,,,,,,,,,,,,,,
4957,rx,393560,372111150,1,RUNNING,1353,-66,9,,,,,,,,,,,
4958,tx,393560,0,0,RUNNING,,,,,,,,,,,,,,
4959,tx,393620,0,0,RUNNING,,,,,,,,,,,,,,
4960,rx,393815,372311150,1,RUNNING,1354,-66,9,,,,,,,,,,,
4961,tx,393815,0,0,RUNNING,,,,,,,,,,,,,,
4962,rx,393916,372511148,1,RUNNING,1355,-66,9,,,,,,,,,,,
4963,tx,393916,0,0,RUNNING,,,,,,,,,,,,,,
4964,tx,394070,0,0,RUNNING,,,,,,,,,,,,,,
4965,stats,394070,8291,0,RUNNING,,0,0,1464,1351,0,0,0,0,0,1351,0,0,
4966,tx,394110,0,0,RUNNING,,,,,,,,,,,,,,
4967,rx,394130,372711112,1,RUNNING,1356,-66,9,,,,,,,,,,,
4968,tx,394130,0,0,RUNNING,,,,,,,,,,,,,,
4969,tx,394170,0,0,RUNNING,,,,,,,,,,,,,,
4970,rx,394324,372911152,1,RUNNING,1357,-66,9,,,,,,,,,,,
4971,tx,394325,0,0,RUNNING,,,,,,,,,,,,,,
4972,tx,394365,0,0,RUNNING,,,,,,,,,,,,,,
4973,tx,394425,0,0,RUNNING,,,,,,,,,,,,,,
4974,rx,394579,373111129,1,RUNNING,1358,-66,8,,,,,,,,,,,
4975,tx,394579,0,0,RUNNING,,,,,,,,,,,,,,
4976,tx,394620,0,0,RUNNING,,,,,,,,,,,,,,
4977,rx,394834,373311139,1,RUNNING,1359,-66,8,,,,,,,,,,,
4978,tx,394834,0,0,RUNNING,,,,,,,,,,,,,,
4979,tx,394914,0,0,RUNNING,,,,,,,,,,,,,,
4980,rx,394934,373511143,1,RUNNING,1360,-66,8,,,,,,,,,,,
4981,tx,394934,0,0,RUNNING,,,,,,,,,,,,,,
4982,tx,395089,0,0,RUNNING,,,,,,,,,,,,,,
4983,stats,395089,8294,0,RUNNING,,0,0,1469,1356,0,0,0,0,0,1356,0,0,
4984,tx,395109,0,0,RUNNING,,,,,,,,,,,,,,
4985,rx,395129,373711159,1,RUNNING,1361,-66,9,,,,,,,,,,,
4986,tx,395129,0,0,RUNNING,,,,,,,,,,,,,,
4987,tx,395169,0,0,RUNNING,,,,,,,,,,,,,,
4988,tx,395209,0,0,RUNNING,,,,,,,,,,,,,,
4989,rx,395344,373911155,1,RUNNING,1362,-66,8,,,,,,,,,,,
4990,tx,395344,0,0,RUNNING,,,,,,,,,,,,,,
4991,tx,395364,0,0,RUNNING,,,,,,,,,,,,,,
4992,tx,395424,0,0,RUNNING,,,,,,,,,,,,,,
4993,rx,395599,374111129,1,RUNNING,1363,-66,9,,,,,,,,,,,
4994,tx,395599,0,0,RUNNING,,,,,,,,,,,,,,
4995,tx,395619,0,0,RUNNING,,,,,,,,,,,,,,
4996,rx,395719,374311137,1,RUNNING,1364,-66,9,,,,,,,,,,,
4997,tx,395719,0,0,RUNNING,,,,,,,,,,,,,,
4998,tx,395854,0,0,RUNNING,,,,,,,,,,,,,,
4999,tx,395914,0,0,RUNNING,,,,,,,,,,,,,,
5000,rx,395934,374511129,1,RUNNING,1365,-66,9,,,,,,,,,,,
5001,tx,395934,0,0,RUNNING,,,,,,,,,,,,,,
5002,tx,395974,0,0,RUNNING,,,,,,,,,,,,,,
5003,tx,396109,0,0,RUNNING,,,,,,,,,,,,,,
5004,stats,396109,8271,0,RUNNING,,0,0,1474,1361,0,0,0,0,0,1361,0,0,
5005,rx,396129,374711143,1,RUNNING,1366,-66,8,,,,,,,,,,,
5006,tx,396129,0,0,RUNNING,,,,,,,,,,,,,,
5007,tx,396169,0,0,RUNNING,,,,,,,,,,,,,,
5008,tx,396209,0,0,RUNNING,,,,,,,,,,,,,,
5009,rx,396364,374911160,1,RUNNING,1367,-66,9,,,,,,,,,,,
5010,tx,396364,0,0,RUNNING,,,,,,,,,,,,,,
5011,tx,396424,0,0,RUNNING,,,,,,,,,,,,,,
5012,rx,396619,375111142,1,RUNNING,1368,-66,9,,,,,,,,,,,
5013,tx,396619,0,0,RUNNING,,,,,,,,,,,,,,
5014,rx,396719,375311143,1,RUNNING,1369,-66,9,,,,,,,,,,,
5015,tx,396719,0,0,RUNNING,,,,,,,,,,,,,,
5016,tx,396874,0,0,RUNNING,,,,,,,,,,,,,,
5017,tx,396914,0,0,RUNNING,,,,,,,,,,,,,,
5018,rx,396934,375511163,1,RUNNING,1370,-66,9,,,,,,,,,,,
5019,tx,396934,0,0,RUNNING,,,,,,,,,,,,,,
5020,tx,396974,0,0,RUNNING,,,,,,,,,,,,,,
5021,rx,397128,375711137,1,RUNNING,1371,-66,9,,,,,,,,,,,
5022,tx,397129,0,0,RUNNING,,,,,,,,,,,,,,
5023,stats,397129,8838,0,RUNNING,,0,0,1479,1367,0,0,0,0,0,1367,0,0,
5024,tx,397169,0,0,RUNNING,,,,,,,,,,,,,,
5025,tx,397209,0,0,RUNNING,,,,,,,,,,,,,,
5026,rx,397384,375911113,1,RUNNING,1372,-66,8,,,,,,,,,,,
5027,tx,397384,0,0,RUNNING,,,,,,,,,,,,,,
5028,tx,397424,0,0,RUNNING,,,,,,,,,,,,,,
5029,rx,397638,376111137,1,RUNNING,1373,-66,9,,,,,,,,,,,
5030,tx,397638,0,0,RUNNING,,,,,,,,,,,,,,
5031,rx,397719,376311143,1,RUNNING,1374,-66,9,,,,,,,,,,,
5032,tx,397719,0,0,RUNNING,,,,,,,,,,,,,,
5033,tx,397759,0,0,RUNNING,,,,,,,,,,,,,,
5034,tx,397893,0,0,RUNNING,,,,,,,,,,,,,,
5035,tx,397913,0,0,RUNNING,,,,,,,,,,,,,,
5036,rx,397934,376511146,1,RUNNING,1375,-66,9,,,,,,,,,,,
5037,tx,397934,0,0,RUNNING,,,,,,,,,,,,,,
5038,tx,397974,0,0,RUNNING,,,,,,,,,,,,,,
5039,tx,398014,0,0,RUNNING,,,,,,,,,,,,,,
5040,rx,398155,376711127,1,RUNNING,1376,-66,9,,,,,,,,,,,
5041,tx,398155,0,0,RUNNING,,,,,,,,,,,,,,
5042,stats,398155,8828,0,RUNNING,,0,0,1484,1372,0,0,0,0,0,1372,0,0,
5043,tx,398175,0,0,RUNNING,,,,,,,,,,,,,,
5044,tx,398216,0,0,RUNNING,,,,,,,,,,,,,,
5045,rx,398410,376911130,1,RUNNING,1377,-66,9,,,,,,,,,,,
5046,tx,398410,0,0,RUNNING,,,,,,,,,,,,,,
5047,tx,398510,0,0,RUNNING,,,,,,,,,,,,,,
5048,rx,398530,377111128,1,RUNNING,1378,-66,9,,,,,,,,,,,
5049,tx,398530,0,0,RUNNING,,,,,,,,,,,,,,
5050,tx,398665,0,0,RUNNING,,,,,,,,,,,,,,
5051,rx,398725,377311143,1,RUNNING,1379,-66,9,,,,,,,,,,,
5052,tx,398725,0,0,RUNNING,,,,,,,,,,,,,,
5053,tx,398765,0,0,RUNNING,,,,,,,,,,,,,,
5054,rx,398919,377511140,1,RUNNING,1380,-66,9,,,,,,,,,,,
5055,tx,398919,0,0,RUNNING,,,,,,,,,,,,,,
5056,tx,398960,0,0,RUNNING,,,,,,,,,,,,,,
5057,tx,399020,0,0,RUNNING,,,,,,,,,,,,,,
5058,rx,399174,377711122,1,RUNNING,1381,-66,8,,,,,,,,,,,
5059,tx,399174,0,0,RUNNING,,,,,,,,,,,,,,
5060,stats,399174,8823,0,RUNNING,,0,0,1489,1377,0,0,0,0,0,1377,0,0,
5061,tx,399215,0,0,RUNNING,,,,,,,,,,,,,,
5062,rx,399429,377911136,1,RUNNING,1382,-66,9,,,,,,,,,,,
5063,tx,399429,0,0,RUNNING,,,,,,,,,,,,,,
5064,tx,399510,0,0,RUNNING,,,,,,,,,,,,,,
5065,rx,399530,378111140,1,RUNNING,1383,-66,8,,,,,,,,,,,
5066,tx,399530,0,0,RUNNING,,,,,,,,,,,,,,
5067,tx,399684,0,0,RUNNING,,,,,,,,,,,,,,
5068,rx,399724,378311138,1,RUNNING,1384,-66,8,,,,,,,,,,,
5069,tx,399724,0,0,RUNNING,,,,,,,,,,,,,,
5070,tx,399764,0,0,RUNNING,,,,,,,,,,,,,,
5071,rx,399938,378511145,1,RUNNING,1385,-66,9,,,,,,,,,,,
5072,tx,399938,0,0,RUNNING,,,,,,,,,,,,,,
5073,tx,399959,0,0,RUNNING,,,,,,,,,,,,,,
5074,tx,400019,0,0,RUNNING,,,,,,,,,,,,,,
5075,rx,400193,378711146,1,RUNNING,1386,-66,9,,,,,,,,,,,
5076,tx,400194,0,0,RUNNING,,,,,,,,,,,,,,
5077,stats,400194,8847,0,RUNNING,,0,0,1494,1382,0,0,0,0,0,1382,0,0,
5078,tx,400214,0,0,RUNNING,,,,,,,,,,,,,,
5079,tx,400314,0,0,RUNNING,,,,,,,,,,,,,,
5080,rx,400455,378911144,1,RUNNING,1387,-65,9,,,,,,,,,,,
5081,tx,400455,0,0,RUNNING,,,,,,,,,,,,,,
5082,rx,400516,379111139,1,RUNNING,1388,-66,9,,,,,,,,,,,
5083,tx,400516,0,0,RUNNING,,,,,,,,,,,,,,
5084,tx,400556,0,0,RUNNING,,,,,,,,,,,,,,
5085,tx,400710,0,0,RUNNING,,,,,,,,,,,,,,
5086,rx,400730,379311159,1,RUNNING,1389,-66,9,,,,,,,,,,,
5087,tx,400730,0,0,RUNNING,,,,,,,,,,,,,,
5088,tx,400770,0,0,RUNNING,,,,,,,,,,,,,,
5089,tx,400810,0,0,RUNNING,,,,,,,,,,,,,,
5090,rx,400965,379511155,1,RUNNING,1390,-66,9,,,,,,,,,,,
5091,tx,400965,0,0,RUNNING,,,,,,,,,,,,,,
5092,tx,401025,0,0,RUNNING,,,,,,,,,,,,,,
5093,rx,401220,379711152,1,RUNNING,1391,-66,8,,,,,,,,,,,
5094,tx,401220,0,0,RUNNING,,,,,,,,,,,,,,
5095,stats,401220,8853,0,RUNNING,,0,0,1499,1387,0,0,0,0,0,1387,0,0,
5096,rx,401320,379911148,1,RUNNING,1392,-66,9,,,,,,,,,,,
5097,tx,401320,0,0,RUNNING,,,,,,,,,,,,,,
5098,tx,401474,0,0,RUNNING,,,,,,,,,,,,,,
5099,tx,401515,0,0,RUNNING,,,,,,,,,,,,,,
5100,rx,401535,380111143,1,RUNNING,1393,-66,8,,,,,,,,,,,
5101,tx,401535,0,0,RUNNING,,,,,,,,,,,,,,
5102,tx,401575,0,0,RUNNING,,,,,,,,,,,,,,
5103,rx,401729,380311146,1,RUNNING,1394,-65,9,,,,,,,,,,,
5104,tx,401729,0,0,RUNNING,,,,,,,,,,,,,,
5105,tx,401770,0,0,RUNNING,,,,,,,,,,,,,,
5106,tx,401810,0,0,RUNNING,,,,,,,,,,,,,,
5107,rx,401984,380511131,1,RUNNING,1395,-66,10,,,,,,,,,,,
5108,tx,401984,0,0,RUNNING,,,,,,,,,,,,,,
5109,tx,402025,0,0,RUNNING,,,,,,,,,,,,,,
5110,rx,402239,380711141,1,RUNNING,1396,-66,9,,,,,,,,,,,
5111,tx,402239,0,0,RUNNING,,,,,,,,,,,,,,
5112,stats,402239,8842,0,RUNNING,,0,0,1504,1392,0,0,0,0,0,1392,0,0,
5113,rx,402320,380911143,1,RUNNING,1397,-66,9,,,,,,,,,,,
5114,tx,402320,0,0,RUNNING,,,,,,,,,,,,,,
5115,tx,402360,0,0,RUNNING,,,,,,,,,,,,,,
5116,tx,402494,0,0,RUNNING,,,,,,,,,,,,,,
5117,tx,402514,0,0,RUNNING,,,,,,,,,,,,,,
5118,rx,402534,381111139,1,RUNNING,1398,-66,8,,,,,,,,,,,
5119,tx,402535,0,0,RUNNING,,,,,,,,,,,,,,
5120,tx,402575,0,0,RUNNING,,,,,,,,,,,,,,
5121,tx,402615,0,0,RUNNING,,,,,,,,,,,,,,
5122,rx,402749,381311135,1,RUNNING,1399,-66,9,,,,,,,,,,,
5123,tx,402749,0,0,RUNNING,,,,,,,,,,,,,,
5124,tx,402769,0,0,RUNNING,,,,,,,,,,,,,,
5125,tx,402809,0,0,RUNNING,,,,,,,,,,,,,,
5126,rx,403004,381511142,1,RUNNING,1400,-66,9,,,,,,,,,,,
5127,tx,403004,0,0,RUNNING,,,,,,,,,,,,,,
5128,tx,403024,0,0,RUNNING,,,,,,,,,,,,,,
5129,rx,403125,381711145,1,RUNNING,1401,-66,8,,,,,,,,,,,
5130,tx,403125,0,0,RUNNING,,,,,,,,,,,,,,
5131,tx,403259,0,0,RUNNING,,,,,,,,,,,,,,
5132,stats,403259,8846,0,RUNNING,,0,0,1509,1397,0,0,0,0,0,1397,0,0,
5133,rx,403319,381911142,1,RUNNING,1402,-66,9,,,,,,,,,,,
5134,tx,403319,0,0,RUNNING,,,,,,,,,,,,,,
5135,tx,403359,0,0,RUNNING,,,,,,,,,,,,,,
5136,tx,403514,0,0,RUNNING,,,,,,,,,,,,,,
5137,rx,403534,382111148,1,RUNNING,1403,-66,9,,,,,,,,,,,
5138,tx,403534,0,0,RUNNING,,,,,,,,,,,,,,
5139,tx,403574,0,0,RUNNING,,,,,,,,,,,,,,
5140,tx,403614,0,0,RUNNING,,,,,,,,,,,,,,
5141,rx,403769,382311121,1,RUNNING,1404,-66,8,,,,,,,,,,,
5142,tx,403769,0,0,RUNNING,,,,,,,,,,,,,,
5143,tx,403809,0,0,RUNNING,,,,,,,,,,,,,,
5144,rx,404023,382511136,1,RUNNING,1405,-66,8,,,,,,,,,,,
5145,tx,404023,0,0,RUNNING,,,,,,,,,,,,,,
5146,rx,404124,382711119,1,RUNNING,1406,-66,9,,,,,,,,,,,
5147,tx,404124,0,0,RUNNING,,,,,,,,,,,,,,
5148,tx,404278,0,0,RUNNING,,,,,,,,,,,,,,
5149,stats,404278,8254,0,RUNNING,,0,0,1515,1402,0,0,0,0,0,1402,0,0,
5150,rx,404318,382911120,1,RUNNING,1407,-66,8,,,,,,,,,,,
5151,tx,404319,0,0,RUNNING,,,,,,,,,,,,,,
5152,tx,404359,0,0,RUNNING,,,,,,,,,,,,,,
5153,rx,404533,383111119,1,RUNNING,1408,-66,9,,,,,,,,,,,
5154,tx,404533,0,0,RUNNING,,,,,,,,,,,,,,
5155,tx,404573,0,0,RUNNING,,,,,,,,,,,,,,
5156,tx,404614,0,0,RUNNING,,,,,,,,,,,,,,
5157,rx,404788,383311124,1,RUNNING,1409,-66,9,,,,,,,,,,,
5158,tx,404788,0,0,RUNNING,,,,,,,,,,,,,,
5159,tx,404808,0,0,RUNNING,,,,,,,,,,,,,,
5160,tx,404909,0,0,RUNNING,,,,,,,,,,,,,,
5161,rx,405043,383511142,1,RUNNING,1410,-66,9,,,,,,,,,,,
5162,tx,405043,0,0,RUNNING,,,,,,,,,,,,,,
5163,rx,405123,383711097,1,RUNNING,1411,-66,8,,,,,,,,,,,
5164,tx,405123,0,0,RUNNING,,,,,,,,,,,,,,
5165,tx,405164,0,0,RUNNING,,,,,,,,,,,,,,
5166,tx,405298,0,0,RUNNING,,,,,,,,,,,,,,
5167,stats,405298,8293,0,RUNNING,,0,0,1520,1407,0,0,0,0,0,1407,0,0,
5168,rx,405318,383911121,1,RUNNING,1412,-66,8,,,,,,,,,,,
5169,tx,405318,0,0,RUNNING,,,,,,,,,,,,,,
5170,tx,405358,0,0,RUNNING,,,,,,,,,,,,,,
5171,tx,405418,0,0,RUNNING,,,,,,,,,,,,,,
5172,rx,405552,384111134,1,RUNNING,1413,-66,8,,,,,,,,,,,
5173,tx,405552,0,0,RUNNING,,,,,,,,,,,,,,
5174,tx,405573,0,0,RUNNING,,,,,,,,,,,,,,
5175,tx,405613,0,0,RUNNING,,,,,,,,,,,,,,
5176,rx,405807,384311149,1,RUNNING,1414,-66,8,,,,,,,,,,,
5177,tx,405807,0,0,RUNNING,,,,,,,,,,,,,,
5178,tx,405908,0,0,RUNNING,,,,,,,,,,,,,,
5179,rx,405928,384511156,1,RUNNING,1415,-66,10,,,,,,,,,,,
5180,tx,405928,0,0,RUNNING,,,,,,,,,,,,,,
5181,tx,406062,0,0,RUNNING,,,,,,,,,,,,,,
5182,rx,406122,384711148,1,RUNNING,1416,-66,10,,,,,,,,,,,
5183,tx,406122,0,0,RUNNING,,,,,,,,,,,,,,
5184,tx,406162,0,0,RUNNING,,,,,,,,,,,,,,
5185,rx,406317,384911103,1,RUNNING,1417,-66,9,,,,,,,,,,,
5186,tx,406317,0,0,RUNNING,,,,,,,,,,,,,,
5187,stats,406317,8804,0,RUNNING,,0,0,1525,1413,0,0,0,0,0,1413,0,0,
5188,tx,406357,0,0,RUNNING,,,,,,,,,,,,,,
5189,tx,406418,0,0,RUNNING,,,,,,,,,,,,,,
5190,rx,406572,385111137,1,RUNNING,1418,-66,9,,,,,,,,,,,
5191,tx,406572,0,0,RUNNING,,,,,,,,,,,,,,
5192,tx,406612,0,0,RUNNING,,,,,,,,,,,,,,
5193,rx,406827,385311150,1,RUNNING,1419,-66,9,,,,,,,,,,,
5194,tx,406827,0,0,RUNNING,,,,,,,,,,,,,,
5195,tx,406907,0,0,RUNNING,,,,,,,,,,,,,,
5196,rx,406927,385511150,1,RUNNING,1420,-66,9,,,,,,,,,,,
5197,tx,406927,0,0,RUNNING,,,,,,,,,,,,,,
5198,tx,407081,0,0,RUNNING,,,,,,,,,,,,,,
5199,rx,407121,385711111,1,RUNNING,1421,-66,9,,,,,,,,,,,
5200,tx,407121,0,0,RUNNING,,,,,,,,,,,,,,
5201,tx,407162,0,0,RUNNING,,,,,,,,,,,,,,
5202,rx,407336,385911164,1,RUNNING,1422,-66,9,,,,,,,,,,,
5203,tx,407336,0,0,RUNNING,,,,,,,,,,,,,,
5204,stats,407336,8865,0,RUNNING,,0,0,1530,1418,0,0,0,0,0,1418,0,0,
5205,tx,407356,0,0,RUNNING,,,,,,,,,,,,,,
5206,tx,407416,0,0,RUNNING,,,,,,,,,,,,,,
5207,rx,407590,386111148,1,RUNNING,1423,-65,8,,,,,,,,,,,
5208,tx,407590,0,0,RUNNING,,,,,,,,,,,,,,
5209,tx,407611,0,0,RUNNING,,,,,,,,,,,,,,
5210,tx,407711,0,0,RUNNING,,,,,,,,,,,,,,
5211,rx,407845,386311149,1,RUNNING,1424,-66,9,,,,,,,,,,,
5212,tx,407845,0,0,RUNNING,,,,,,,,,,,,,,
5213,rx,407925,386511115,1,RUNNING,1425,-66,8,,,,,,,,,,,
5214,tx,407925,0,0,RUNNING,,,,,,,,,,,,,,
5215,tx,407966,0,0,RUNNING,,,,,,,,,,,,,,
5216,tx,408106,0,0,RUNNING,,,,,,,,,,,,,,
5217,rx,408126,386711148,1,RUNNING,1426,-66,8,,,,,,,,,,,
5218,tx,408126,0,0,RUNNING,,,,,,,,,,,,,,
5219,tx,408166,0,0,RUNNING,,,,,,,,,,,,,,
5220,tx,408206,0,0,RUNNING,,,,,,,,,,,,,,
5221,rx,408360,386911151,1,RUNNING,1427,-66,9,,,,,,,,,,,
5222,tx,408360,0,0,RUNNING,,,,,,,,,,,,,,
5223,stats,408360,8852,0,RUNNING,,0,0,1535,1423,0,0,0,0,0,1423,0,0,
5224,tx,408421,0,0,RUNNING,,,,,,,,,,,,,,
5225,rx,408615,387111148,1,RUNNING,1428,-66,8,,,,,,,,,,,
5226,tx,408615,0,0,RUNNING,,,,,,,,,,,,,,
5227,rx,408716,387311146,1,RUNNING,1429,-66,8,,,,,,,,,,,
5228,tx,408716,0,0,RUNNING,,,,,,,,,,,,,,
5229,tx,408870,0,0,RUNNING,,,,,,,,,,,,,,
5230,tx,408910,0,0,RUNNING,,,,,,,,,,,,,,
5231,rx,408930,387511148,1,RUNNING,1430,-66,9,,,,,,,,,,,
5232,tx,408930,0,0,RUNNING,,,,,,,,,,,,,,
5233,tx,408971,0,0,RUNNING,,,,,,,,,,,,,,
5234,rx,409125,387711150,1,RUNNING,1431,-66,9,,,,,,,,,,,
5235,tx,409125,0,0,RUNNING,,,,,,,,,,,,,,
5236,tx,409165,0,0,RUNNING,,,,,,,,,,,,,,
5237,tx,409225,0,0,RUNNING,,,,,,,,,,,,,,
5238,rx,409380,387911128,1,RUNNING,1432,-66,9,,,,,,,,,,,
5239,tx,409380,0,0,RUNNING,,,,,,,,,,,,,,
5240,stats,409380,8829,0,RUNNING,,0,0,1540,1428,0,0,0,0,0,1428,0,0,
5241,tx,409420,0,0,RUNNING,,,,,,,,,,,,,,
5242,rx,409634,388111139,1,RUNNING,1433,-66,9,,,,,,,,,,,
5243,tx,409634,0,0,RUNNING,,,,,,,,,,,,,,
5244,tx,409715,0,0,RUNNING,,,,,,,,,,,,,,
5245,rx,409735,388311143,1,RUNNING,1434,-66,9,,,,,,,,,,,
5246,tx,409735,0,0,RUNNING,,,,,,,,,,,,,,
5247,tx,409889,0,0,RUNNING,,,,,,,,,,,,,,
5248,tx,409909,0,0,RUNNING,,,,,,,,,,,,,,
5249,rx,409929,388511145,1,RUNNING,1435,-66,8,,,,,,,,,,,
5250,tx,409929,0,0,RUNNING,,,,,,,,,,,,,,
5251,tx,409970,0,0,RUNNING,,,,,,,,,,,,,,
5252,tx,410010,0,0,RUNNING,,,,,,,,,,,,,,
5253,rx,410144,388711148,1,RUNNING,1436,-66,9,,,,,,,,,,,
5254,tx,410144,0,0,RUNNING,,,,,,,,,,,,,,
5255,tx,410164,0,0,RUNNING,,,,,,,,,,,,,,
5256,tx,410225,0,0,RUNNING,,,,,,,,,,,,,,
5257,rx,410399,388911139,1,RUNNING,1437,-66,9,,,,,,,,,,,
5258,tx,410399,0,0,RUNNING,,,,,,,,,,,,,,
5259,stats,410399,8840,0,RUNNING,,0,0,1545,1433,0,0,0,0,0,1433,0,0,
5260,tx,410419,0,0,RUNNING,,,,,,,,,,,,,,
5261,rx,410520,389111142,1,RUNNING,1438,-66,9,,,,,,,,,,,
5262,tx,410520,0,0,RUNNING,,,,,,,,,,,,,,
5263,tx,410654,0,0,RUNNING,,,,,,,,,,,,,,
5264,tx,410714,0,0,RUNNING,,,,,,,,,,,,,,
5265,rx,410734,389311140,1,RUNNING,1439,-66,8,,,,,,,,,,,
5266,tx,410734,0,0,RUNNING,,,,,,,,,,,,,,
5267,tx,410775,0,0,RUNNING,,,,,,,,,,,,,,
5268,tx,410909,0,0,RUNNING,,,,,,,,,,,,,,
5269,rx,410929,389511150,1,RUNNING,1440,-65,9,,,,,,,,,,,
5270,tx,410929,0,0,RUNNING,,,,,,,,,,,,,,
5271,tx,410969,0,0,RUNNING,,,,,,,,,,,,,,
5272,tx,411010,0,0,RUNNING,,,,,,,,,,,,,,
5273,rx,411164,389711145,1,RUNNING,1441,-66,9,,,,,,,,,,,
5274,tx,411164,0,0,RUNNING,,,,,,,,,,,,,,
5275,tx,411225,0,0,RUNNING,,,,,,,,,,,,,,
5276,rx,411419,389911147,1,RUNNING,1442,-66,9,,,,,,,,,,,
5277,tx,411419,0,0,RUNNING,,,,,,,,,,,,,,
5278,stats,411419,8848,0,RUNNING,,0,0,1550,1438,0,0,0,0,0,1438,0,0,
5279,rx,411519,390111147,1,RUNNING,1443,-66,9,,,,,,,,,,,
5280,tx,411520,0,0,RUNNING,,,,,,,,,,,,,,
5281,tx,411674,0,0,RUNNING,,,,,,,,,,,,,,
5282,tx,411714,0,0,RUNNING,,,,,,,,,,,,,,
5283,rx,411734,390311170,1,RUNNING,1444,-66,9,,,,,,,,,,,
5284,tx,411734,0,0,RUNNING,,,,,,,,,,,,,,
5285,tx,411775,0,0,RUNNING,,,,,,,,,,,,,,
5286,rx,411929,390511149,1,RUNNING,1445,-66,9,,,,,,,,,,,
5287,tx,411929,0,0,RUNNING,,,,,,,,,,,,,,
5288,tx,411969,0,0,RUNNING,,,,,,,,,,,,,,
5289,tx,412009,0,0,RUNNING,,,,,,,,,,,,,,
5290,rx,412184,390711118,1,RUNNING,1446,-66,9,,,,,,,,,,,
5291,tx,412184,0,0,RUNNING,,,,,,,,,,,,,,
5292,tx,412224,0,0,RUNNING,,,,,,,,,,,,,,
5293,rx,412438,390911139,1,RUNNING,1447,-66,8,,,,,,,,,,,
5294,tx,412438,0,0,RUNNING,,,,,,,,,,,,,,
5295,stats,412438,8840,0,RUNNING,,0,0,1555,1443,0,0,0,0,0,1443,0,0,
5296,rx,412519,391111137,1,RUNNING,1448,-66,9,,,,,,,,,,,
5297,tx,412519,0,0,RUNNING,,,,,,,,,,,,,,
5298,tx,412559,0,0,RUNNING,,,,,,,,,,,,,,
5299,tx,412693,0,0,RUNNING,,,,,,,,,,,,,,
5300,tx,412714,0,0,RUNNING,,,,,,,,,,,,,,
5301,rx,412734,391311146,1,RUNNING,1449,-66,9,,,,,,,,,,,
5302,tx,412734,0,0,RUNNING,,,,,,,,,,,,,,
5303,tx,412774,0,0,RUNNING,,,,,,,,,,,,,,
5304,tx,412814,0,0,RUNNING,,,,,,,,,,,,,,
5305,rx,412948,391511125,1,RUNNING,1450,-66,8,,,,,,,,,,,
5306,tx,412948,0,0,RUNNING,,,,,,,,,,,,,,
5307,tx,412968,0,0,RUNNING,,,,,,,,,,,,,,
5308,tx,413008,0,0,RUNNING,,,,,,,,,,,,,,
5309,rx,413203,391711136,1,RUNNING,1451,-66,8,,,,,,,,,,,
5310,tx,413203,0,0,RUNNING,,,,,,,,,,,,,,
5311,tx,413223,0,0,RUNNING,,,,,,,,,,,,,,
5312,rx,413324,391911115,1,RUNNING,1452,-66,8,,,,,,,,,,,
5313,tx,413324,0,0,RUNNING,,,,,,,,,,,,,,
5314,tx,413458,0,0,RUNNING,,,,,,,,,,,,,,
5315,stats,413458,8816,0,RUNNING,,0,0,1560,1448,0,0,0,0,0,1448,0,0,
5316,rx,413518,392111127,1,RUNNING,1453,-66,8,,,,,,,,,,,
5317,tx,413518,0,0,RUNNING,,,,,,,,,,,,,,
5318,tx,413558,0,0,RUNNING,,,,,,,,,,,,,,
5319,tx,413713,0,0,RUNNING,,,,,,,,,,,,,,
5320,rx,413733,392311142,1,RUNNING,1454,-66,8,,,,,,,,,,,
5321,tx,413733,0,0,RUNNING,,,,,,,,,,,,,,
5322,tx,413773,0,0,RUNNING,,,,,,,,,,,,,,
5323,tx,413813,0,0,RUNNING,,,,,,,,,,,,,,
5324,rx,413968,392511122,1,RUNNING,1455,-66,9,,,,,,,,,,,
5325,tx,413968,0,0,RUNNING,,,,,,,,,,,,,,
5326,tx,414008,0,0,RUNNING,,,,,,,,,,,,,,
5327,rx,414222,392711142,1,RUNNING,1456,-66,8,,,,,,,,,,,
5328,tx,414222,0,0,RUNNING,,,,,,,,,,,,,,
5329,rx,414322,392911096,1,RUNNING,1457,-66,9,,,,,,,,,,,
5330,tx,414323,0,0,RUNNING,,,,,,,,,,,,,,
5331,tx,414477,0,0,RUNNING,,,,,,,,,,,,,,
5332,stats,414477,8247,0,RUNNING,,0,0,1566,1453,0,0,0,0,0,1453,0,0,
5333,rx,414517,393111142,1,RUNNING,1458,-66,8,,,,,,,,,,,
5334,tx,414517,0,0,RUNNING,,,,,,,,,,,,,,
5335,tx,414557,0,0,RUNNING,,,,,,,,,,,,,,
5336,rx,414731,393311125,1,RUNNING,1459,-66,9,,,,,,,,,,,
5337,tx,414731,0,0,RUNNING,,,,,,,,,,,,,,
5338,tx,414771,0,0,RUNNING,,,,,,,,,,,,,,
5339,tx,414812,0,0,RUNNING,,,,,,,,,,,,,,
5340,rx,414986,393511137,1,RUNNING,1460,-66,9,,,,,,,,,,,
5341,tx,414986,0,0,RUNNING,,,,,,,,,,,,,,
5342,tx,415006,0,0,RUNNING,,,,,,,,,,,,,,
5343,tx,415107,0,0,RUNNING,,,,,,,,,,,,,,
5344,rx,415247,393711141,1,RUNNING,1461,-66,8,,,,,,,,,,,
5345,tx,415247,0,0,RUNNING,,,,,,,,,,,,,,
5346,tx,415307,0,0,RUNNING,,,,,,,,,,,,,,
5347,rx,415327,393911137,1,RUNNING,1462,-66,8,,,,,,,,,,,
5348,tx,415327,0,0,RUNNING,,,,,,,,,,,,,,
5349,tx,415367,0,0,RUNNING,,,,,,,,,,,,,,
5350,tx,415501,0,0,RUNNING,,,,,,,,,,,,,,
5351,stats,415501,8279,0,RUNNING,,0,0,1571,1458,0,0,0,0,0,1458,0,0,
5352,rx,415521,394111143,1,RUNNING,1463,-66,9,,,,,,,,,,,
5353,tx,415521,0,0,RUNNING,,,,,,,,,,,,,,
5354,tx,415562,0,0,RUNNING,,,,,,,,,,,,,,
5355,tx,415622,0,0,RUNNING,,,,,,,,,,,,,,
5356,rx,415756,394311147,1,RUNNING,1464,-66,9,,,,,,,,,,,
5357,tx,415756,0,0,RUNNING,,,,,,,,,,,,,,
5358,tx,415816,0,0,RUNNING,,,,,,,,,,,,,,
5359,rx,416010,394511149,1,RUNNING,1465,-66,8,,,,,,,,,,,
5360,tx,416010,0,0,RUNNING,,,,,,,,,,,,,,
5361,tx,416111,0,0,RUNNING,,,,,,,,,,,,,,
5362,rx,416131,394711108,1,RUNNING,1466,-66,8,,,,,,,,,,,
5363,tx,416131,0,0,RUNNING,,,,,,,,,,,,,,
5364,tx,416265,0,0,RUNNING,,,,,,,,,,,,,,
5365,rx,416326,394911148,1,RUNNING,1467,-66,8,,,,,,,,,,,
5366,tx,416326,0,0,RUNNING,,,,,,,,,,,,,,
5367,tx,416366,0,0,RUNNING,,,,,,,,,,,,,,
5368,rx,416520,395111150,1,RUNNING,1468,-66,9,,,,,,,,,,,
5369,tx,416520,0,0,RUNNING,,,,,,,,,,,,,,
5370,stats,416520,8851,0,RUNNING,,0,0,1576,1464,0,0,0,0,0,1464,0,0,
5371,tx,416560,0,0,RUNNING,,,,,,,,,,,,,,
5372,tx,416621,0,0,RUNNING,,,,,,,,,,,,,,
5373,rx,416775,395311128,1,RUNNING,1469,-66,9,,,,,,,,,,,
5374,tx,416775,0,0,RUNNING,,,,,,,,,,,,,,
5375,tx,416815,0,0,RUNNING,,,,,,,,,,,,,,
5376,rx,417030,395511137,1,RUNNING,1470,-66,8,,,,,,,,,,,
5377,tx,417030,0,0,RUNNING,,,,,,,,,,,,,,
5378,tx,417110,0,0,RUNNING,,,,,,,,,,,,,,
5379,rx,417130,395711114,1,RUNNING,1471,-66,9,,,,,,,,,,,
5380,tx,417130,0,0,RUNNING,,,,,,,,,,,,,,
5381,tx,417284,0,0,RUNNING,,,,,,,,,,,,,,
5382,rx,417325,395911151,1,RUNNING,1472,-66,7,,,,,,,,,,,
5383,tx,417325,0,0,RUNNING,,,,,,,,,,,,,,
5384,tx,417365,0,0,RUNNING,,,,,,,,,,,,,,
5385,rx,417539,396111151,1,RUNNING,1473,-66,8,,,,,,,,,,,
5386,tx,417539,0,0,RUNNING,,,,,,,,,,,,,,
5387,stats,417539,8852,0,RUNNING,,0,0,1581,1469,0,0,0,0,0,1469,0,0,
5388,tx,417559,0,0,RUNNING,,,,,,,,,,,,,,
5389,tx,417620,0,0,RUNNING,,,,,,,,,,,,,,
5390,rx,417794,396311150,1,RUNNING,1474,-66,9,,,,,,,,,,,
5391,tx,417794,0,0,RUNNING,,,,,,,,,,,,,,
5392,tx,417814,0,0,RUNNING,,,,,,,,,,,,,,
5393,tx,417915,0,0,RUNNING,,,,,,,,,,,,,,
5394,rx,418049,396511149,1,RUNNING,1475,-66,9,,,,,,,,,,,
5395,tx,418049,0,0,RUNNING,,,,,,,,,,,,,,
5396,tx,418110,0,0,RUNNING,,,,,,,,,,,,,,
5397,rx,418130,396711148,1,RUNNING,1476,-66,9,,,,,,,,,,,
5398,tx,418130,0,0,RUNNING,,,,,,,,,,,,,,
5399,tx,418170,0,0,RUNNING,,,,,,,,,,,,,,
5400,tx,418310,0,0,RUNNING,,,,,,,,,,,,,,
5401,rx,418330,396911151,1,RUNNING,1477,-66,9,,,,,,,,,,,
5402,tx,418330,0,0,RUNNING,,,,,,,,,,,,,,
5403,tx,418370,0,0,RUNNING,,,,,,,,,,,,,,
5404,tx,418411,0,0,RUNNING,,,,,,,,,,,,,,
5405,rx,418565,397111151,1,RUNNING,1478,-66,9,,,,,,,,,,,
5406,tx,418565,0,0,RUNNING,,,,,,,,,,,,,,
5407,stats,418565,8852,0,RUNNING,,0,0,1586,1474,0,0,0,0,0,1474,0,0,
5408,tx,418625,0,0,RUNNING,,,,,,,,,,,,,,
5409,rx,418820,397311149,1,RUNNING,1479,-66,9,,,,,,,,,,,
5410,tx,418820,0,0,RUNNING,,,,,,,,,,,,,,
5411,rx,418920,397511149,1,RUNNING,1480,-66,8,,,,,,,,,,,
5412,tx,418920,0,0,RUNNING,,,,,,,,,,,,,,
5413,tx,419074,0,0,RUNNING,,,,,,,,,,,,,,
5414,tx,419115,0,0,RUNNING,,,,,,,,,,,,,,
5415,rx,419135,397711142,1,RUNNING,1481,-66,9,,,,,,,,,,,
5416,tx,419135,0,0,RUNNING,,,,,,,,,,,,,,
5417,tx,419175,0,0,RUNNING,,,,,,,,,,,,,,
5418,rx,419329,397911145,1,RUNNING,1482,-66,9,,,,,,,,,,,
5419,tx,419329,0,0,RUNNING,,,,,,,,,,,,,,
5420,tx,419369,0,0,RUNNING,,,,,,,,,,,,,,
5421,tx,419410,0,0,RUNNING,,,,,,,,,,,,,,
5422,rx,419584,398111116,1,RUNNING,1483,-66,8,,,,,,,,,,,
5423,tx,419584,0,0,RUNNING,,,,,,,,,,,,,,
5424,stats,419584,8817,0,RUNNING,,0,0,1591,1479,0,0,0,0,0,1479,0,0,
5425,tx,419624,0,0,RUNNING,,,,,,,,,,,,,,
5426,rx,419839,398311138,1,RUNNING,1484,-66,8,,,,,,,,,,,
5427,tx,419839,0,0,RUNNING,,,,,,,,,,,,,,
5428,rx,419919,398511101,1,RUNNING,1485,-66,10,,,,,,,,,,,
5429,tx,419919,0,0,RUNNING,,,,,,,,,,,,,,
5430,tx,419960,0,0,RUNNING,,,,,,,,,,,,,,
5431,tx,420094,0,0,RUNNING,,,,,,,,,,,,,,
5432,tx,420114,0,0,RUNNING,,,,,,,,,,,,,,
5433,rx,420135,398711140,1,RUNNING,1486,-66,8,,,,,,,,,,,
5434,tx,420135,0,0,RUNNING,,,,,,,,,,,,,,
5435,tx,420175,0,0,RUNNING,,,,,,,,,,,,,,
5436,tx,420215,0,0,RUNNING,,,,,,,,,,,,,,
5437,rx,420349,398911133,1,RUNNING,1487,-66,9,,,,,,,,,,,
5438,tx,420349,0,0,RUNNING,,,,,,,,,,,,,,
5439,tx,420369,0,0,RUNNING,,,,,,,,,,,,,,
5440,tx,420410,0,0,RUNNING,,,,,,,,,,,,,,
5441,rx,420604,399111141,1,RUNNING,1488,-66,9,,,,,,,,,,,
5442,tx,420604,0,0,RUNNING,,,,,,,,,,,,,,
5443,stats,420604,8842,0,RUNNING,,0,0,1596,1484,0,0,0,0,0,1484,0,0,
5444,tx,420624,0,0,RUNNING,,,,,,,,,,,,,,
5445,rx,420725,399311144,1,RUNNING,1489,-65,9,,,,,,,,,,,
5446,tx,420725,0,0,RUNNING,,,,,,,,,,,,,,
5447,tx,420859,0,0,RUNNING,,,,,,,,,,,,,,
5448,rx,420919,399511145,1,RUNNING,1490,-66,9,,,,,,,,,,,
5449,tx,420919,0,0,RUNNING,,,,,,,,,,,,,,
5450,tx,420960,0,0,RUNNING,,,,,,,,,,,,,,
5451,tx,421114,0,0,RUNNING,,,,,,,,,,,,,,
5452,tx,421174,0,0,RUNNING,,,,,,,,,,,,,,
5453,tx,421214,0,0,RUNNING,,,,,,,,,,,,,,
5454,tx,421368,0,0,RUNNING,,,,,,,,,,,,,,
5455,tx,421409,0,0,RUNNING,,,,,,,,,,,,,,
5456,tx,421623,0,0,RUNNING,,,,,,,,,,,,,,
5457,stats,421623,8292,0,RUNNING,,0,0,1601,1486,0,0,0,0,0,1486,0,0,
5458,tx,421723,0,0,RUNNING,,,,,,,,,,,,,,
5459,tx,421877,0,0,RUNNING,,,,,,,,,,,,,,
5460,tx,421918,0,0,RUNNING,,,,,,,,,,,,,,
5461,tx,421958,0,0,RUNNING,,,,,,,,,,,,,,
5462,tx,422132,0,0,RUNNING,,,,,,,,,,,,,,
5463,tx,422173,0,0,RUNNING,,,,,,,,,,,,,,
5464,tx,422213,0,0,RUNNING,,,,,,,,,,,,,,
5465,tx,422387,0,0,RUNNING,,,,,,,,,,,,,,
5466,tx,422407,0,0,RUNNING,,,,,,,,,,,,,,
5467,tx,422508,0,0,RUNNING,,,,,,,,,,,,,,
5468,tx,422642,0,0,RUNNING,,,,,,,,,,,,,,
5469,stats,422642,8292,0,RUNNING,,0,0,1606,1486,0,0,0,0,0,1486,0,0,
5470,tx,422722,0,0,RUNNING,,,,,,,,,,,,,,
5471,tx,422763,0,0,RUNNING,,,,,,,,,,,,,,
5472,tx,422903,0,0,RUNNING,,,,,,,,,,,,,,
5473,tx,422923,0,0,RUNNING,,,,,,,,,,,,,,
5474,tx,422963,0,0,RUNNING,,,,,,,,,,,,,,
5475,stats,423004,8294,0,STOPPED,,0,0,1608,1486,0,0,0,0,0,1486,0,0,
